# DIMKO.app — selection export
# Generated: 2026-07-29T07:55:53.659Z
o item_92b0f140_1123700
v -26.112075 24.249514 -7.753321
v -26.109108 24.249514 -7.708455
v -25.978364 24.243868 -7.363792
v -25.110421 24.198272 -7.421560
v -25.159921 24.198272 -8.170060
v -26.027864 24.243868 -8.112292
v -25.881840 24.237792 -7.371219
v -25.977746 24.242829 -7.364835
v -26.108174 24.248462 -7.708667
v -26.111121 24.248462 -7.753236
v -26.027114 24.242829 -8.111339
v -25.931208 24.237792 -8.117723
v -25.931274 24.237792 -8.118721
v -25.160970 24.197324 -8.169990
v -25.111470 24.197324 -7.421490
v -25.881774 24.237792 -7.370221
v -25.885899 24.158886 -7.369946
v -25.881774 24.237792 -7.370221
v -25.111470 24.197324 -7.421490
v -25.115469 24.120831 -7.421224
v -25.133874 24.141320 -7.419999
v -25.134615 24.140651 -7.419949
v -25.114599 24.118366 -7.421282
v -25.110421 24.198272 -7.421560
v -25.978364 24.243868 -7.363792
v -25.982542 24.163962 -7.363514
v -25.164969 24.120831 -8.169724
v -25.160970 24.197324 -8.169990
v -25.931274 24.237792 -8.118721
v -25.935399 24.158886 -8.118446
v -26.032042 24.163962 -8.112014
v -26.027864 24.243868 -8.112292
v -25.159921 24.198272 -8.170060
v -25.164099 24.118366 -8.169782
v -25.184115 24.140651 -8.168449
v -25.183374 24.141320 -8.168499
v -25.881840 24.237792 -7.371219
v -25.881774 24.237792 -7.370221
v -25.885899 24.158886 -7.369946
v -25.886192 24.180060 -7.391177
v -25.886108 24.180766 -7.390474
v -25.885840 24.161297 -7.370952
v -25.935208 24.161297 -8.117456
v -25.932903 24.180766 -8.098070
v -25.932894 24.180060 -8.097362
v -25.935399 24.158886 -8.118446
v -25.931274 24.237792 -8.118721
v -25.931208 24.237792 -8.117723
v -25.881840 24.237792 -7.371219
v -25.885840 24.161297 -7.370952
v -25.981745 24.166335 -7.364569
v -25.977746 24.242829 -7.364835
v -25.885840 24.161297 -7.370952
v -25.886108 24.180766 -7.390474
v -25.967645 24.185050 -7.385047
v -25.981745 24.166335 -7.364569
v -25.886108 24.180766 -7.390474
v -25.886192 24.180060 -7.391177
v -25.967206 24.184316 -7.385785
v -25.967645 24.185050 -7.385047
v -25.982542 24.163962 -7.363514
v -25.967206 24.184316 -7.385785
v -25.886192 24.180060 -7.391177
v -25.885899 24.158886 -7.369946
v -25.977746 24.242829 -7.364835
v -25.981745 24.166335 -7.364569
v -26.112173 24.171968 -7.708401
v -26.108174 24.248462 -7.708667
v -26.091925 24.190417 -7.712671
v -26.112173 24.171968 -7.708401
v -25.981745 24.166335 -7.364569
v -25.967645 24.185050 -7.385047
v -26.091263 24.189674 -7.712822
v -26.091925 24.190417 -7.712671
v -25.967645 24.185050 -7.385047
v -25.967206 24.184316 -7.385785
v -25.967206 24.184316 -7.385785
v -25.982542 24.163962 -7.363514
v -26.113286 24.169608 -7.708177
v -26.091263 24.189674 -7.712822
v -25.982542 24.163962 -7.363514
v -25.978364 24.243868 -7.363792
v -26.109108 24.249514 -7.708455
v -26.113286 24.169608 -7.708177
v -26.108174 24.248462 -7.708667
v -26.112173 24.171968 -7.708401
v -26.115120 24.171968 -7.752969
v -26.111121 24.248462 -7.753236
v -26.112173 24.171968 -7.708401
v -26.091925 24.190417 -7.712671
v -26.094487 24.190417 -7.751420
v -26.115120 24.171968 -7.752969
v -26.091925 24.190417 -7.712671
v -26.091263 24.189674 -7.712822
v -26.093812 24.189674 -7.751358
v -26.094487 24.190417 -7.751420
v -26.091263 24.189674 -7.712822
v -26.113286 24.169608 -7.708177
v -26.116253 24.169608 -7.753043
v -26.093812 24.189674 -7.751358
v -26.113286 24.169608 -7.708177
v -26.109108 24.249514 -7.708455
v -26.112075 24.249514 -7.753321
v -26.116253 24.169608 -7.753043
v -26.111121 24.248462 -7.753236
v -26.115120 24.171968 -7.752969
v -26.031113 24.166335 -8.111073
v -26.027114 24.242829 -8.111339
v -26.115120 24.171968 -7.752969
v -26.094487 24.190417 -7.751420
v -26.014440 24.185050 -8.092643
v -26.031113 24.166335 -8.111073
v -26.094487 24.190417 -7.751420
v -26.093812 24.189674 -7.751358
v -26.013908 24.184316 -8.091970
v -26.014440 24.185050 -8.092643
v -26.032042 24.163962 -8.112014
v -26.013908 24.184316 -8.091970
v -26.093812 24.189674 -7.751358
v -26.116253 24.169608 -7.753043
v -26.027864 24.243868 -8.112292
v -26.032042 24.163962 -8.112014
v -26.116253 24.169608 -7.753043
v -26.112075 24.249514 -7.753321
v -25.935208 24.161297 -8.117456
v -25.931208 24.237792 -8.117723
v -26.027114 24.242829 -8.111339
v -26.031113 24.166335 -8.111073
v -25.932903 24.180766 -8.098070
v -25.935208 24.161297 -8.117456
v -26.031113 24.166335 -8.111073
v -26.014440 24.185050 -8.092643
v -25.932894 24.180060 -8.097362
v -25.932903 24.180766 -8.098070
v -26.014440 24.185050 -8.092643
v -26.013908 24.184316 -8.091970
v -26.013908 24.184316 -8.091970
v -26.032042 24.163962 -8.112014
v -25.935399 24.158886 -8.118446
v -25.932894 24.180060 -8.097362
v -25.110421 24.198272 -7.421560
v -25.114599 24.118366 -7.421282
v -25.164099 24.118366 -8.169782
v -25.159921 24.198272 -8.170060
v -25.114599 24.118366 -7.421282
v -25.134615 24.140651 -7.419949
v -25.184115 24.140651 -8.168449
v -25.164099 24.118366 -8.169782
v -25.134615 24.140651 -7.419949
v -25.133874 24.141320 -7.419999
v -25.183374 24.141320 -8.168499
v -25.184115 24.140651 -8.168449
v -25.133874 24.141320 -7.419999
v -25.115469 24.120831 -7.421224
v -25.164969 24.120831 -8.169724
v -25.183374 24.141320 -8.168499
v -25.115469 24.120831 -7.421224
v -25.111470 24.197324 -7.421490
v -25.160970 24.197324 -8.169990
v -25.164969 24.120831 -8.169724
f 5 6 1
f 1 2 3
f 3 4 5
f 5 1 3
f 15 16 7
f 7 8 9
f 9 10 11
f 12 13 14
f 14 15 7
f 7 9 11
f 12 14 7
f 7 11 12
f 25 26 17
f 20 21 22
f 25 17 18
f 20 22 23
f 24 25 18
f 19 20 23
f 24 18 19
f 19 23 24
f 35 36 27
f 29 30 31
f 34 35 27
f 29 31 32
f 33 34 27
f 28 29 32
f 33 27 28
f 28 32 33
f 42 37 38
f 39 40 41
f 42 38 39
f 39 41 42
f 47 48 43
f 43 44 45
f 46 47 43
f 43 45 46
f 49 50 52
f 52 50 51
f 53 54 56
f 56 54 55
f 57 58 60
f 60 58 59
f 61 62 64
f 64 62 63
f 65 66 68
f 68 66 67
f 69 70 72
f 72 70 71
f 73 74 76
f 76 74 75
f 77 78 80
f 80 78 79
f 81 82 84
f 84 82 83
f 85 86 88
f 88 86 87
f 89 90 92
f 92 90 91
f 93 94 96
f 96 94 95
f 97 98 100
f 100 98 99
f 101 102 104
f 104 102 103
f 105 106 108
f 108 106 107
f 109 110 112
f 112 110 111
f 113 114 116
f 116 114 115
f 117 118 120
f 120 118 119
f 121 122 124
f 124 122 123
f 125 126 128
f 128 126 127
f 129 130 132
f 132 130 131
f 133 134 136
f 136 134 135
f 137 138 140
f 140 138 139
f 141 142 144
f 144 142 143
f 145 146 148
f 148 146 147
f 149 150 152
f 152 150 151
f 153 154 156
f 156 154 155
f 157 158 160
f 160 158 159
o item_92b0f140_1123674
v -26.311305 24.249514 -10.746701
v -26.308338 24.249514 -10.701835
v -26.177594 24.243868 -10.357172
v -25.309651 24.198272 -10.414940
v -25.359151 24.198272 -11.163440
v -26.227094 24.243868 -11.105672
v -26.081070 24.237792 -10.364599
v -26.176976 24.242829 -10.358215
v -26.307404 24.248462 -10.702047
v -26.310351 24.248462 -10.746616
v -26.226344 24.242829 -11.104719
v -26.130438 24.237792 -11.111103
v -26.130504 24.237792 -11.112101
v -25.360200 24.197324 -11.163370
v -25.310700 24.197324 -10.414870
v -26.081004 24.237792 -10.363601
v -26.085129 24.158886 -10.363326
v -26.081004 24.237792 -10.363601
v -25.310700 24.197324 -10.414870
v -25.314699 24.120831 -10.414604
v -25.333104 24.141320 -10.413379
v -25.333845 24.140651 -10.413329
v -25.313829 24.118366 -10.414662
v -25.309651 24.198272 -10.414940
v -26.177594 24.243868 -10.357172
v -26.181772 24.163962 -10.356894
v -25.364199 24.120831 -11.163104
v -25.360200 24.197324 -11.163370
v -26.130504 24.237792 -11.112101
v -26.134629 24.158886 -11.111826
v -26.231272 24.163962 -11.105394
v -26.227094 24.243868 -11.105672
v -25.359151 24.198272 -11.163440
v -25.363329 24.118366 -11.163162
v -25.383345 24.140651 -11.161829
v -25.382604 24.141320 -11.161879
v -26.081070 24.237792 -10.364599
v -26.081004 24.237792 -10.363601
v -26.085129 24.158886 -10.363326
v -26.085422 24.180060 -10.384557
v -26.085338 24.180766 -10.383854
v -26.085070 24.161297 -10.364332
v -26.134438 24.161297 -11.110836
v -26.132133 24.180766 -11.091450
v -26.132124 24.180060 -11.090742
v -26.134629 24.158886 -11.111826
v -26.130504 24.237792 -11.112101
v -26.130438 24.237792 -11.111103
v -26.081070 24.237792 -10.364599
v -26.085070 24.161297 -10.364332
v -26.180975 24.166335 -10.357949
v -26.176976 24.242829 -10.358215
v -26.085070 24.161297 -10.364332
v -26.085338 24.180766 -10.383854
v -26.166875 24.185050 -10.378427
v -26.180975 24.166335 -10.357949
v -26.085338 24.180766 -10.383854
v -26.085422 24.180060 -10.384557
v -26.166436 24.184316 -10.379165
v -26.166875 24.185050 -10.378427
v -26.181772 24.163962 -10.356894
v -26.166436 24.184316 -10.379165
v -26.085422 24.180060 -10.384557
v -26.085129 24.158886 -10.363326
v -26.176976 24.242829 -10.358215
v -26.180975 24.166335 -10.357949
v -26.311403 24.171968 -10.701781
v -26.307404 24.248462 -10.702047
v -26.291155 24.190417 -10.706051
v -26.311403 24.171968 -10.701781
v -26.180975 24.166335 -10.357949
v -26.166875 24.185050 -10.378427
v -26.290493 24.189674 -10.706202
v -26.291155 24.190417 -10.706051
v -26.166875 24.185050 -10.378427
v -26.166436 24.184316 -10.379165
v -26.166436 24.184316 -10.379165
v -26.181772 24.163962 -10.356894
v -26.312516 24.169608 -10.701557
v -26.290493 24.189674 -10.706202
v -26.181772 24.163962 -10.356894
v -26.177594 24.243868 -10.357172
v -26.308338 24.249514 -10.701835
v -26.312516 24.169608 -10.701557
v -26.307404 24.248462 -10.702047
v -26.311403 24.171968 -10.701781
v -26.314350 24.171968 -10.746349
v -26.310351 24.248462 -10.746616
v -26.311403 24.171968 -10.701781
v -26.291155 24.190417 -10.706051
v -26.293717 24.190417 -10.744800
v -26.314350 24.171968 -10.746349
v -26.291155 24.190417 -10.706051
v -26.290493 24.189674 -10.706202
v -26.293042 24.189674 -10.744738
v -26.293717 24.190417 -10.744800
v -26.290493 24.189674 -10.706202
v -26.312516 24.169608 -10.701557
v -26.315483 24.169608 -10.746423
v -26.293042 24.189674 -10.744738
v -26.312516 24.169608 -10.701557
v -26.308338 24.249514 -10.701835
v -26.311305 24.249514 -10.746701
v -26.315483 24.169608 -10.746423
v -26.310351 24.248462 -10.746616
v -26.314350 24.171968 -10.746349
v -26.230343 24.166335 -11.104453
v -26.226344 24.242829 -11.104719
v -26.314350 24.171968 -10.746349
v -26.293717 24.190417 -10.744800
v -26.213670 24.185050 -11.086023
v -26.230343 24.166335 -11.104453
v -26.293717 24.190417 -10.744800
v -26.293042 24.189674 -10.744738
v -26.213138 24.184316 -11.085350
v -26.213670 24.185050 -11.086023
v -26.231272 24.163962 -11.105394
v -26.213138 24.184316 -11.085350
v -26.293042 24.189674 -10.744738
v -26.315483 24.169608 -10.746423
v -26.227094 24.243868 -11.105672
v -26.231272 24.163962 -11.105394
v -26.315483 24.169608 -10.746423
v -26.311305 24.249514 -10.746701
v -26.134438 24.161297 -11.110836
v -26.130438 24.237792 -11.111103
v -26.226344 24.242829 -11.104719
v -26.230343 24.166335 -11.104453
v -26.132133 24.180766 -11.091450
v -26.134438 24.161297 -11.110836
v -26.230343 24.166335 -11.104453
v -26.213670 24.185050 -11.086023
v -26.132124 24.180060 -11.090742
v -26.132133 24.180766 -11.091450
v -26.213670 24.185050 -11.086023
v -26.213138 24.184316 -11.085350
v -26.213138 24.184316 -11.085350
v -26.231272 24.163962 -11.105394
v -26.134629 24.158886 -11.111826
v -26.132124 24.180060 -11.090742
v -25.309651 24.198272 -10.414940
v -25.313829 24.118366 -10.414662
v -25.363329 24.118366 -11.163162
v -25.359151 24.198272 -11.163440
v -25.313829 24.118366 -10.414662
v -25.333845 24.140651 -10.413329
v -25.383345 24.140651 -11.161829
v -25.363329 24.118366 -11.163162
v -25.333845 24.140651 -10.413329
v -25.333104 24.141320 -10.413379
v -25.382604 24.141320 -11.161879
v -25.383345 24.140651 -11.161829
v -25.333104 24.141320 -10.413379
v -25.314699 24.120831 -10.414604
v -25.364199 24.120831 -11.163104
v -25.382604 24.141320 -11.161879
v -25.314699 24.120831 -10.414604
v -25.310700 24.197324 -10.414870
v -25.360200 24.197324 -11.163370
v -25.364199 24.120831 -11.163104
f 165 166 161
f 161 162 163
f 163 164 165
f 165 161 163
f 175 176 167
f 167 168 169
f 169 170 171
f 172 173 174
f 174 175 167
f 167 169 171
f 172 174 167
f 167 171 172
f 185 186 177
f 180 181 182
f 185 177 178
f 180 182 183
f 184 185 178
f 179 180 183
f 184 178 179
f 179 183 184
f 195 196 187
f 189 190 191
f 194 195 187
f 189 191 192
f 193 194 187
f 188 189 192
f 193 187 188
f 188 192 193
f 202 197 198
f 199 200 201
f 202 198 199
f 199 201 202
f 207 208 203
f 203 204 205
f 206 207 203
f 203 205 206
f 209 210 212
f 212 210 211
f 213 214 216
f 216 214 215
f 217 218 220
f 220 218 219
f 221 222 224
f 224 222 223
f 225 226 228
f 228 226 227
f 229 230 232
f 232 230 231
f 233 234 236
f 236 234 235
f 237 238 240
f 240 238 239
f 241 242 244
f 244 242 243
f 245 246 248
f 248 246 247
f 249 250 252
f 252 250 251
f 253 254 256
f 256 254 255
f 257 258 260
f 260 258 259
f 261 262 264
f 264 262 263
f 265 266 268
f 268 266 267
f 269 270 272
f 272 270 271
f 273 274 276
f 276 274 275
f 277 278 280
f 280 278 279
f 281 282 284
f 284 282 283
f 285 286 288
f 288 286 287
f 289 290 292
f 292 290 291
f 293 294 296
f 296 294 295
f 297 298 300
f 300 298 299
f 301 302 304
f 304 302 303
f 305 306 308
f 308 306 307
f 309 310 312
f 312 310 311
f 313 314 316
f 316 314 315
f 317 318 320
f 320 318 319
o item_92b0f140_1123648
v -26.490605 24.249514 -13.440741
v -26.487638 24.249514 -13.395875
v -26.356894 24.243868 -13.051212
v -25.488951 24.198272 -13.108980
v -25.538451 24.198272 -13.857480
v -26.406394 24.243868 -13.799712
v -26.260370 24.237792 -13.058639
v -26.356276 24.242829 -13.052255
v -26.486704 24.248462 -13.396087
v -26.489651 24.248462 -13.440656
v -26.405644 24.242829 -13.798759
v -26.309738 24.237792 -13.805143
v -26.309804 24.237792 -13.806141
v -25.539500 24.197324 -13.857410
v -25.490000 24.197324 -13.108910
v -26.260304 24.237792 -13.057641
v -26.264429 24.158886 -13.057366
v -26.260304 24.237792 -13.057641
v -25.490000 24.197324 -13.108910
v -25.493999 24.120831 -13.108644
v -25.512404 24.141320 -13.107419
v -25.513145 24.140651 -13.107369
v -25.493129 24.118366 -13.108702
v -25.488951 24.198272 -13.108980
v -26.356894 24.243868 -13.051212
v -26.361072 24.163962 -13.050934
v -25.543499 24.120831 -13.857144
v -25.539500 24.197324 -13.857410
v -26.309804 24.237792 -13.806141
v -26.313929 24.158886 -13.805866
v -26.410572 24.163962 -13.799434
v -26.406394 24.243868 -13.799712
v -25.538451 24.198272 -13.857480
v -25.542629 24.118366 -13.857202
v -25.562645 24.140651 -13.855869
v -25.561904 24.141320 -13.855919
v -26.260370 24.237792 -13.058639
v -26.260304 24.237792 -13.057641
v -26.264429 24.158886 -13.057366
v -26.264722 24.180060 -13.078597
v -26.264638 24.180766 -13.077894
v -26.264370 24.161297 -13.058372
v -26.313738 24.161297 -13.804876
v -26.311433 24.180766 -13.785490
v -26.311424 24.180060 -13.784782
v -26.313929 24.158886 -13.805866
v -26.309804 24.237792 -13.806141
v -26.309738 24.237792 -13.805143
v -26.260370 24.237792 -13.058639
v -26.264370 24.161297 -13.058372
v -26.360275 24.166335 -13.051989
v -26.356276 24.242829 -13.052255
v -26.264370 24.161297 -13.058372
v -26.264638 24.180766 -13.077894
v -26.346175 24.185050 -13.072467
v -26.360275 24.166335 -13.051989
v -26.264638 24.180766 -13.077894
v -26.264722 24.180060 -13.078597
v -26.345736 24.184316 -13.073205
v -26.346175 24.185050 -13.072467
v -26.361072 24.163962 -13.050934
v -26.345736 24.184316 -13.073205
v -26.264722 24.180060 -13.078597
v -26.264429 24.158886 -13.057366
v -26.356276 24.242829 -13.052255
v -26.360275 24.166335 -13.051989
v -26.490703 24.171968 -13.395821
v -26.486704 24.248462 -13.396087
v -26.470455 24.190417 -13.400091
v -26.490703 24.171968 -13.395821
v -26.360275 24.166335 -13.051989
v -26.346175 24.185050 -13.072467
v -26.469793 24.189674 -13.400242
v -26.470455 24.190417 -13.400091
v -26.346175 24.185050 -13.072467
v -26.345736 24.184316 -13.073205
v -26.345736 24.184316 -13.073205
v -26.361072 24.163962 -13.050934
v -26.491816 24.169608 -13.395597
v -26.469793 24.189674 -13.400242
v -26.361072 24.163962 -13.050934
v -26.356894 24.243868 -13.051212
v -26.487638 24.249514 -13.395875
v -26.491816 24.169608 -13.395597
v -26.486704 24.248462 -13.396087
v -26.490703 24.171968 -13.395821
v -26.493650 24.171968 -13.440389
v -26.489651 24.248462 -13.440656
v -26.490703 24.171968 -13.395821
v -26.470455 24.190417 -13.400091
v -26.473017 24.190417 -13.438840
v -26.493650 24.171968 -13.440389
v -26.470455 24.190417 -13.400091
v -26.469793 24.189674 -13.400242
v -26.472342 24.189674 -13.438778
v -26.473017 24.190417 -13.438840
v -26.469793 24.189674 -13.400242
v -26.491816 24.169608 -13.395597
v -26.494783 24.169608 -13.440463
v -26.472342 24.189674 -13.438778
v -26.491816 24.169608 -13.395597
v -26.487638 24.249514 -13.395875
v -26.490605 24.249514 -13.440741
v -26.494783 24.169608 -13.440463
v -26.489651 24.248462 -13.440656
v -26.493650 24.171968 -13.440389
v -26.409643 24.166335 -13.798493
v -26.405644 24.242829 -13.798759
v -26.493650 24.171968 -13.440389
v -26.473017 24.190417 -13.438840
v -26.392970 24.185050 -13.780063
v -26.409643 24.166335 -13.798493
v -26.473017 24.190417 -13.438840
v -26.472342 24.189674 -13.438778
v -26.392438 24.184316 -13.779390
v -26.392970 24.185050 -13.780063
v -26.410572 24.163962 -13.799434
v -26.392438 24.184316 -13.779390
v -26.472342 24.189674 -13.438778
v -26.494783 24.169608 -13.440463
v -26.406394 24.243868 -13.799712
v -26.410572 24.163962 -13.799434
v -26.494783 24.169608 -13.440463
v -26.490605 24.249514 -13.440741
v -26.313738 24.161297 -13.804876
v -26.309738 24.237792 -13.805143
v -26.405644 24.242829 -13.798759
v -26.409643 24.166335 -13.798493
v -26.311433 24.180766 -13.785490
v -26.313738 24.161297 -13.804876
v -26.409643 24.166335 -13.798493
v -26.392970 24.185050 -13.780063
v -26.311424 24.180060 -13.784782
v -26.311433 24.180766 -13.785490
v -26.392970 24.185050 -13.780063
v -26.392438 24.184316 -13.779390
v -26.392438 24.184316 -13.779390
v -26.410572 24.163962 -13.799434
v -26.313929 24.158886 -13.805866
v -26.311424 24.180060 -13.784782
v -25.488951 24.198272 -13.108980
v -25.493129 24.118366 -13.108702
v -25.542629 24.118366 -13.857202
v -25.538451 24.198272 -13.857480
v -25.493129 24.118366 -13.108702
v -25.513145 24.140651 -13.107369
v -25.562645 24.140651 -13.855869
v -25.542629 24.118366 -13.857202
v -25.513145 24.140651 -13.107369
v -25.512404 24.141320 -13.107419
v -25.561904 24.141320 -13.855919
v -25.562645 24.140651 -13.855869
v -25.512404 24.141320 -13.107419
v -25.493999 24.120831 -13.108644
v -25.543499 24.120831 -13.857144
v -25.561904 24.141320 -13.855919
v -25.493999 24.120831 -13.108644
v -25.490000 24.197324 -13.108910
v -25.539500 24.197324 -13.857410
v -25.543499 24.120831 -13.857144
f 325 326 321
f 321 322 323
f 323 324 325
f 325 321 323
f 335 336 327
f 327 328 329
f 329 330 331
f 332 333 334
f 334 335 327
f 327 329 331
f 332 334 327
f 327 331 332
f 345 346 337
f 340 341 342
f 345 337 338
f 340 342 343
f 344 345 338
f 339 340 343
f 344 338 339
f 339 343 344
f 355 356 347
f 349 350 351
f 354 355 347
f 349 351 352
f 353 354 347
f 348 349 352
f 353 347 348
f 348 352 353
f 362 357 358
f 359 360 361
f 362 358 359
f 359 361 362
f 367 368 363
f 363 364 365
f 366 367 363
f 363 365 366
f 369 370 372
f 372 370 371
f 373 374 376
f 376 374 375
f 377 378 380
f 380 378 379
f 381 382 384
f 384 382 383
f 385 386 388
f 388 386 387
f 389 390 392
f 392 390 391
f 393 394 396
f 396 394 395
f 397 398 400
f 400 398 399
f 401 402 404
f 404 402 403
f 405 406 408
f 408 406 407
f 409 410 412
f 412 410 411
f 413 414 416
f 416 414 415
f 417 418 420
f 420 418 419
f 421 422 424
f 424 422 423
f 425 426 428
f 428 426 427
f 429 430 432
f 432 430 431
f 433 434 436
f 436 434 435
f 437 438 440
f 440 438 439
f 441 442 444
f 444 442 443
f 445 446 448
f 448 446 447
f 449 450 452
f 452 450 451
f 453 454 456
f 456 454 455
f 457 458 460
f 460 458 459
f 461 462 464
f 464 462 463
f 465 466 468
f 468 466 467
f 469 470 472
f 472 470 471
f 473 474 476
f 476 474 475
f 477 478 480
f 480 478 479
o item_92b0f140_1123622
v -26.669905 24.249514 -16.134781
v -26.666938 24.249514 -16.089915
v -26.536194 24.243868 -15.745252
v -25.668251 24.198272 -15.803020
v -25.717751 24.198272 -16.551520
v -26.585694 24.243868 -16.493752
v -26.439670 24.237792 -15.752679
v -26.535576 24.242829 -15.746295
v -26.666004 24.248462 -16.090127
v -26.668951 24.248462 -16.134696
v -26.584944 24.242829 -16.492799
v -26.489038 24.237792 -16.499183
v -26.489104 24.237792 -16.500181
v -25.718800 24.197324 -16.551450
v -25.669300 24.197324 -15.802950
v -26.439604 24.237792 -15.751681
v -26.443729 24.158886 -15.751406
v -26.439604 24.237792 -15.751681
v -25.669300 24.197324 -15.802950
v -25.673299 24.120831 -15.802684
v -25.691704 24.141320 -15.801459
v -25.692445 24.140651 -15.801409
v -25.672429 24.118366 -15.802742
v -25.668251 24.198272 -15.803020
v -26.536194 24.243868 -15.745252
v -26.540372 24.163962 -15.744974
v -25.722799 24.120831 -16.551184
v -25.718800 24.197324 -16.551450
v -26.489104 24.237792 -16.500181
v -26.493229 24.158886 -16.499906
v -26.589872 24.163962 -16.493474
v -26.585694 24.243868 -16.493752
v -25.717751 24.198272 -16.551520
v -25.721929 24.118366 -16.551242
v -25.741945 24.140651 -16.549909
v -25.741204 24.141320 -16.549959
v -26.439670 24.237792 -15.752679
v -26.439604 24.237792 -15.751681
v -26.443729 24.158886 -15.751406
v -26.444022 24.180060 -15.772637
v -26.443938 24.180766 -15.771934
v -26.443670 24.161297 -15.752412
v -26.493038 24.161297 -16.498916
v -26.490733 24.180766 -16.479530
v -26.490724 24.180060 -16.478822
v -26.493229 24.158886 -16.499906
v -26.489104 24.237792 -16.500181
v -26.489038 24.237792 -16.499183
v -26.439670 24.237792 -15.752679
v -26.443670 24.161297 -15.752412
v -26.539575 24.166335 -15.746029
v -26.535576 24.242829 -15.746295
v -26.443670 24.161297 -15.752412
v -26.443938 24.180766 -15.771934
v -26.525475 24.185050 -15.766507
v -26.539575 24.166335 -15.746029
v -26.443938 24.180766 -15.771934
v -26.444022 24.180060 -15.772637
v -26.525036 24.184316 -15.767245
v -26.525475 24.185050 -15.766507
v -26.540372 24.163962 -15.744974
v -26.525036 24.184316 -15.767245
v -26.444022 24.180060 -15.772637
v -26.443729 24.158886 -15.751406
v -26.535576 24.242829 -15.746295
v -26.539575 24.166335 -15.746029
v -26.670003 24.171968 -16.089861
v -26.666004 24.248462 -16.090127
v -26.649755 24.190417 -16.094131
v -26.670003 24.171968 -16.089861
v -26.539575 24.166335 -15.746029
v -26.525475 24.185050 -15.766507
v -26.649093 24.189674 -16.094282
v -26.649755 24.190417 -16.094131
v -26.525475 24.185050 -15.766507
v -26.525036 24.184316 -15.767245
v -26.525036 24.184316 -15.767245
v -26.540372 24.163962 -15.744974
v -26.671116 24.169608 -16.089637
v -26.649093 24.189674 -16.094282
v -26.540372 24.163962 -15.744974
v -26.536194 24.243868 -15.745252
v -26.666938 24.249514 -16.089915
v -26.671116 24.169608 -16.089637
v -26.666004 24.248462 -16.090127
v -26.670003 24.171968 -16.089861
v -26.672950 24.171968 -16.134429
v -26.668951 24.248462 -16.134696
v -26.670003 24.171968 -16.089861
v -26.649755 24.190417 -16.094131
v -26.652317 24.190417 -16.132880
v -26.672950 24.171968 -16.134429
v -26.649755 24.190417 -16.094131
v -26.649093 24.189674 -16.094282
v -26.651642 24.189674 -16.132818
v -26.652317 24.190417 -16.132880
v -26.649093 24.189674 -16.094282
v -26.671116 24.169608 -16.089637
v -26.674083 24.169608 -16.134503
v -26.651642 24.189674 -16.132818
v -26.671116 24.169608 -16.089637
v -26.666938 24.249514 -16.089915
v -26.669905 24.249514 -16.134781
v -26.674083 24.169608 -16.134503
v -26.668951 24.248462 -16.134696
v -26.672950 24.171968 -16.134429
v -26.588943 24.166335 -16.492533
v -26.584944 24.242829 -16.492799
v -26.672950 24.171968 -16.134429
v -26.652317 24.190417 -16.132880
v -26.572270 24.185050 -16.474103
v -26.588943 24.166335 -16.492533
v -26.652317 24.190417 -16.132880
v -26.651642 24.189674 -16.132818
v -26.571738 24.184316 -16.473430
v -26.572270 24.185050 -16.474103
v -26.589872 24.163962 -16.493474
v -26.571738 24.184316 -16.473430
v -26.651642 24.189674 -16.132818
v -26.674083 24.169608 -16.134503
v -26.585694 24.243868 -16.493752
v -26.589872 24.163962 -16.493474
v -26.674083 24.169608 -16.134503
v -26.669905 24.249514 -16.134781
v -26.493038 24.161297 -16.498916
v -26.489038 24.237792 -16.499183
v -26.584944 24.242829 -16.492799
v -26.588943 24.166335 -16.492533
v -26.490733 24.180766 -16.479530
v -26.493038 24.161297 -16.498916
v -26.588943 24.166335 -16.492533
v -26.572270 24.185050 -16.474103
v -26.490724 24.180060 -16.478822
v -26.490733 24.180766 -16.479530
v -26.572270 24.185050 -16.474103
v -26.571738 24.184316 -16.473430
v -26.571738 24.184316 -16.473430
v -26.589872 24.163962 -16.493474
v -26.493229 24.158886 -16.499906
v -26.490724 24.180060 -16.478822
v -25.668251 24.198272 -15.803020
v -25.672429 24.118366 -15.802742
v -25.721929 24.118366 -16.551242
v -25.717751 24.198272 -16.551520
v -25.672429 24.118366 -15.802742
v -25.692445 24.140651 -15.801409
v -25.741945 24.140651 -16.549909
v -25.721929 24.118366 -16.551242
v -25.692445 24.140651 -15.801409
v -25.691704 24.141320 -15.801459
v -25.741204 24.141320 -16.549959
v -25.741945 24.140651 -16.549909
v -25.691704 24.141320 -15.801459
v -25.673299 24.120831 -15.802684
v -25.722799 24.120831 -16.551184
v -25.741204 24.141320 -16.549959
v -25.673299 24.120831 -15.802684
v -25.669300 24.197324 -15.802950
v -25.718800 24.197324 -16.551450
v -25.722799 24.120831 -16.551184
f 485 486 481
f 481 482 483
f 483 484 485
f 485 481 483
f 495 496 487
f 487 488 489
f 489 490 491
f 492 493 494
f 494 495 487
f 487 489 491
f 492 494 487
f 487 491 492
f 505 506 497
f 500 501 502
f 505 497 498
f 500 502 503
f 504 505 498
f 499 500 503
f 504 498 499
f 499 503 504
f 515 516 507
f 509 510 511
f 514 515 507
f 509 511 512
f 513 514 507
f 508 509 512
f 513 507 508
f 508 512 513
f 522 517 518
f 519 520 521
f 522 518 519
f 519 521 522
f 527 528 523
f 523 524 525
f 526 527 523
f 523 525 526
f 529 530 532
f 532 530 531
f 533 534 536
f 536 534 535
f 537 538 540
f 540 538 539
f 541 542 544
f 544 542 543
f 545 546 548
f 548 546 547
f 549 550 552
f 552 550 551
f 553 554 556
f 556 554 555
f 557 558 560
f 560 558 559
f 561 562 564
f 564 562 563
f 565 566 568
f 568 566 567
f 569 570 572
f 572 570 571
f 573 574 576
f 576 574 575
f 577 578 580
f 580 578 579
f 581 582 584
f 584 582 583
f 585 586 588
f 588 586 587
f 589 590 592
f 592 590 591
f 593 594 596
f 596 594 595
f 597 598 600
f 600 598 599
f 601 602 604
f 604 602 603
f 605 606 608
f 608 606 607
f 609 610 612
f 612 610 611
f 613 614 616
f 616 614 615
f 617 618 620
f 620 618 619
f 621 622 624
f 624 622 623
f 625 626 628
f 628 626 627
f 629 630 632
f 632 630 631
f 633 634 636
f 636 634 635
f 637 638 640
f 640 638 639
o item_92b0f140_1122048
v 22.785494 24.249501 -36.362725
v 22.827168 24.249501 -36.379584
v 23.113603 24.243856 -36.611650
v 22.787725 24.198269 -37.418173
v 22.092475 24.198269 -37.136923
v 22.418353 24.243856 -36.330400
v 23.076410 24.237781 -36.701030
v 23.112419 24.242818 -36.611912
v 22.826676 24.248450 -36.380405
v 22.785278 24.248450 -36.363658
v 22.419023 24.242818 -36.331412
v 22.383014 24.237781 -36.420530
v 22.382087 24.237781 -36.420155
v 22.092869 24.197322 -37.135948
v 22.788119 24.197322 -37.417198
v 23.077337 24.237781 -36.701405
v 23.078886 24.158890 -36.697572
v 23.077337 24.237781 -36.701405
v 22.788119 24.197322 -37.417198
v 22.789620 24.120843 -37.413482
v 22.796531 24.141329 -37.396379
v 22.796809 24.140660 -37.395691
v 22.789294 24.118379 -37.414291
v 22.787725 24.198269 -37.418173
v 23.113603 24.243856 -36.611650
v 23.115172 24.163966 -36.607768
v 22.094370 24.120843 -37.132232
v 22.092869 24.197322 -37.135948
v 22.382087 24.237781 -36.420155
v 22.383636 24.158890 -36.416322
v 22.419922 24.163966 -36.326518
v 22.418353 24.243856 -36.330400
v 22.092475 24.198269 -37.136923
v 22.094044 24.118379 -37.133041
v 22.101559 24.140660 -37.114441
v 22.101281 24.141329 -37.115129
v 23.076410 24.237781 -36.701030
v 23.077337 24.237781 -36.701405
v 23.078886 24.158890 -36.697572
v 23.058818 24.180061 -36.690650
v 23.059460 24.180767 -36.690950
v 23.077912 24.161301 -36.697314
v 22.384516 24.161301 -36.416814
v 22.402204 24.180767 -36.425070
v 22.402873 24.180061 -36.425300
v 22.383636 24.158890 -36.416322
v 22.382087 24.237781 -36.420155
v 22.383014 24.237781 -36.420530
v 23.076410 24.237781 -36.701030
v 23.077912 24.161301 -36.697314
v 23.113921 24.166338 -36.608195
v 23.112419 24.242818 -36.611912
v 23.077912 24.161301 -36.697314
v 23.059460 24.180767 -36.690950
v 23.090073 24.185050 -36.615184
v 23.113921 24.166338 -36.608195
v 23.059460 24.180767 -36.690950
v 23.058818 24.180061 -36.690650
v 23.089236 24.184316 -36.615369
v 23.090073 24.185050 -36.615184
v 23.115172 24.163966 -36.607768
v 23.089236 24.184316 -36.615369
v 23.058818 24.180061 -36.690650
v 23.078886 24.158890 -36.697572
v 23.112419 24.242818 -36.611912
v 23.113921 24.166338 -36.608195
v 22.828177 24.171970 -36.376689
v 22.826676 24.248450 -36.380405
v 22.817800 24.190416 -36.394589
v 22.828177 24.171970 -36.376689
v 23.113921 24.166338 -36.608195
v 23.090073 24.185050 -36.615184
v 22.817450 24.189673 -36.395171
v 22.817800 24.190416 -36.394589
v 23.090073 24.185050 -36.615184
v 23.089236 24.184316 -36.615369
v 23.089236 24.184316 -36.615369
v 23.115172 24.163966 -36.607768
v 22.828737 24.169611 -36.375701
v 22.817450 24.189673 -36.395171
v 23.115172 24.163966 -36.607768
v 23.113603 24.243856 -36.611650
v 22.827168 24.249501 -36.379584
v 22.828737 24.169611 -36.375701
v 22.826676 24.248450 -36.380405
v 22.828177 24.171970 -36.376689
v 22.786779 24.171970 -36.359942
v 22.785278 24.248450 -36.363658
v 22.828177 24.171970 -36.376689
v 22.817800 24.190416 -36.394589
v 22.781808 24.190416 -36.380030
v 22.786779 24.171970 -36.359942
v 22.817800 24.190416 -36.394589
v 22.817450 24.189673 -36.395171
v 22.781655 24.189673 -36.380691
v 22.781808 24.190416 -36.380030
v 22.817450 24.189673 -36.395171
v 22.828737 24.169611 -36.375701
v 22.787063 24.169611 -36.358843
v 22.781655 24.189673 -36.380691
v 22.828737 24.169611 -36.375701
v 22.827168 24.249501 -36.379584
v 22.785494 24.249501 -36.362725
v 22.787063 24.169611 -36.358843
v 22.785278 24.248450 -36.363658
v 22.786779 24.171970 -36.359942
v 22.420525 24.166338 -36.327695
v 22.419023 24.242818 -36.331412
v 22.786779 24.171970 -36.359942
v 22.781808 24.190416 -36.380030
v 22.432817 24.185050 -36.349303
v 22.420525 24.166338 -36.327695
v 22.781808 24.190416 -36.380030
v 22.781655 24.189673 -36.380691
v 22.433291 24.184316 -36.350019
v 22.432817 24.185050 -36.349303
v 22.419922 24.163966 -36.326518
v 22.433291 24.184316 -36.350019
v 22.781655 24.189673 -36.380691
v 22.787063 24.169611 -36.358843
v 22.418353 24.243856 -36.330400
v 22.419922 24.163966 -36.326518
v 22.787063 24.169611 -36.358843
v 22.785494 24.249501 -36.362725
v 22.384516 24.161301 -36.416814
v 22.383014 24.237781 -36.420530
v 22.419023 24.242818 -36.331412
v 22.420525 24.166338 -36.327695
v 22.402204 24.180767 -36.425070
v 22.384516 24.161301 -36.416814
v 22.420525 24.166338 -36.327695
v 22.432817 24.185050 -36.349303
v 22.402873 24.180061 -36.425300
v 22.402204 24.180767 -36.425070
v 22.432817 24.185050 -36.349303
v 22.433291 24.184316 -36.350019
v 22.433291 24.184316 -36.350019
v 22.419922 24.163966 -36.326518
v 22.383636 24.158890 -36.416322
v 22.402873 24.180061 -36.425300
v 22.787725 24.198269 -37.418173
v 22.789294 24.118379 -37.414291
v 22.094044 24.118379 -37.133041
v 22.092475 24.198269 -37.136923
v 22.789294 24.118379 -37.414291
v 22.796809 24.140660 -37.395691
v 22.101559 24.140660 -37.114441
v 22.094044 24.118379 -37.133041
v 22.796809 24.140660 -37.395691
v 22.796531 24.141329 -37.396379
v 22.101281 24.141329 -37.115129
v 22.101559 24.140660 -37.114441
v 22.796531 24.141329 -37.396379
v 22.789620 24.120843 -37.413482
v 22.094370 24.120843 -37.132232
v 22.101281 24.141329 -37.115129
v 22.789620 24.120843 -37.413482
v 22.788119 24.197322 -37.417198
v 22.092869 24.197322 -37.135948
v 22.094370 24.120843 -37.132232
f 645 646 641
f 641 642 643
f 643 644 645
f 645 641 643
f 655 656 647
f 647 648 649
f 649 650 651
f 652 653 654
f 654 655 647
f 647 649 651
f 652 654 647
f 647 651 652
f 665 666 657
f 660 661 662
f 665 657 658
f 660 662 663
f 664 665 658
f 659 660 663
f 664 658 659
f 659 663 664
f 675 676 667
f 669 670 671
f 674 675 667
f 669 671 672
f 673 674 667
f 668 669 672
f 673 667 668
f 668 672 673
f 682 677 678
f 679 680 681
f 682 678 679
f 679 681 682
f 687 688 683
f 683 684 685
f 686 687 683
f 683 685 686
f 689 690 692
f 692 690 691
f 693 694 696
f 696 694 695
f 697 698 700
f 700 698 699
f 701 702 704
f 704 702 703
f 705 706 708
f 708 706 707
f 709 710 712
f 712 710 711
f 713 714 716
f 716 714 715
f 717 718 720
f 720 718 719
f 721 722 724
f 724 722 723
f 725 726 728
f 728 726 727
f 729 730 732
f 732 730 731
f 733 734 736
f 736 734 735
f 737 738 740
f 740 738 739
f 741 742 744
f 744 742 743
f 745 746 748
f 748 746 747
f 749 750 752
f 752 750 751
f 753 754 756
f 756 754 755
f 757 758 760
f 760 758 759
f 761 762 764
f 764 762 763
f 765 766 768
f 768 766 767
f 769 770 772
f 772 770 771
f 773 774 776
f 776 774 775
f 777 778 780
f 780 778 779
f 781 782 784
f 784 782 783
f 785 786 788
f 788 786 787
f 789 790 792
f 792 790 791
f 793 794 796
f 796 794 795
f 797 798 800
f 800 798 799
o item_92b0f140_1122074
v 20.170854 24.249501 -35.306275
v 20.212528 24.249501 -35.323134
v 20.498963 24.243856 -35.555200
v 20.173085 24.198269 -36.361723
v 19.477835 24.198269 -36.080473
v 19.803713 24.243856 -35.273950
v 20.461770 24.237781 -35.644580
v 20.497779 24.242818 -35.555462
v 20.212036 24.248450 -35.323955
v 20.170638 24.248450 -35.307208
v 19.804383 24.242818 -35.274962
v 19.768374 24.237781 -35.364080
v 19.767447 24.237781 -35.363705
v 19.478229 24.197322 -36.079498
v 20.173479 24.197322 -36.360748
v 20.462697 24.237781 -35.644955
v 20.464246 24.158890 -35.641122
v 20.462697 24.237781 -35.644955
v 20.173479 24.197322 -36.360748
v 20.174980 24.120843 -36.357032
v 20.181891 24.141329 -36.339929
v 20.182169 24.140660 -36.339241
v 20.174654 24.118379 -36.357841
v 20.173085 24.198269 -36.361723
v 20.498963 24.243856 -35.555200
v 20.500532 24.163966 -35.551318
v 19.479730 24.120843 -36.075782
v 19.478229 24.197322 -36.079498
v 19.767447 24.237781 -35.363705
v 19.768996 24.158890 -35.359872
v 19.805282 24.163966 -35.270068
v 19.803713 24.243856 -35.273950
v 19.477835 24.198269 -36.080473
v 19.479404 24.118379 -36.076591
v 19.486919 24.140660 -36.057991
v 19.486641 24.141329 -36.058679
v 20.461770 24.237781 -35.644580
v 20.462697 24.237781 -35.644955
v 20.464246 24.158890 -35.641122
v 20.444178 24.180061 -35.634200
v 20.444820 24.180767 -35.634500
v 20.463272 24.161301 -35.640864
v 19.769876 24.161301 -35.360364
v 19.787564 24.180767 -35.368620
v 19.788233 24.180061 -35.368850
v 19.768996 24.158890 -35.359872
v 19.767447 24.237781 -35.363705
v 19.768374 24.237781 -35.364080
v 20.461770 24.237781 -35.644580
v 20.463272 24.161301 -35.640864
v 20.499281 24.166338 -35.551745
v 20.497779 24.242818 -35.555462
v 20.463272 24.161301 -35.640864
v 20.444820 24.180767 -35.634500
v 20.475433 24.185050 -35.558734
v 20.499281 24.166338 -35.551745
v 20.444820 24.180767 -35.634500
v 20.444178 24.180061 -35.634200
v 20.474596 24.184316 -35.558919
v 20.475433 24.185050 -35.558734
v 20.500532 24.163966 -35.551318
v 20.474596 24.184316 -35.558919
v 20.444178 24.180061 -35.634200
v 20.464246 24.158890 -35.641122
v 20.497779 24.242818 -35.555462
v 20.499281 24.166338 -35.551745
v 20.213537 24.171970 -35.320239
v 20.212036 24.248450 -35.323955
v 20.203160 24.190416 -35.338139
v 20.213537 24.171970 -35.320239
v 20.499281 24.166338 -35.551745
v 20.475433 24.185050 -35.558734
v 20.202810 24.189673 -35.338721
v 20.203160 24.190416 -35.338139
v 20.475433 24.185050 -35.558734
v 20.474596 24.184316 -35.558919
v 20.474596 24.184316 -35.558919
v 20.500532 24.163966 -35.551318
v 20.214097 24.169611 -35.319251
v 20.202810 24.189673 -35.338721
v 20.500532 24.163966 -35.551318
v 20.498963 24.243856 -35.555200
v 20.212528 24.249501 -35.323134
v 20.214097 24.169611 -35.319251
v 20.212036 24.248450 -35.323955
v 20.213537 24.171970 -35.320239
v 20.172139 24.171970 -35.303492
v 20.170638 24.248450 -35.307208
v 20.213537 24.171970 -35.320239
v 20.203160 24.190416 -35.338139
v 20.167168 24.190416 -35.323580
v 20.172139 24.171970 -35.303492
v 20.203160 24.190416 -35.338139
v 20.202810 24.189673 -35.338721
v 20.167015 24.189673 -35.324241
v 20.167168 24.190416 -35.323580
v 20.202810 24.189673 -35.338721
v 20.214097 24.169611 -35.319251
v 20.172423 24.169611 -35.302393
v 20.167015 24.189673 -35.324241
v 20.214097 24.169611 -35.319251
v 20.212528 24.249501 -35.323134
v 20.170854 24.249501 -35.306275
v 20.172423 24.169611 -35.302393
v 20.170638 24.248450 -35.307208
v 20.172139 24.171970 -35.303492
v 19.805885 24.166338 -35.271245
v 19.804383 24.242818 -35.274962
v 20.172139 24.171970 -35.303492
v 20.167168 24.190416 -35.323580
v 19.818177 24.185050 -35.292853
v 19.805885 24.166338 -35.271245
v 20.167168 24.190416 -35.323580
v 20.167015 24.189673 -35.324241
v 19.818651 24.184316 -35.293569
v 19.818177 24.185050 -35.292853
v 19.805282 24.163966 -35.270068
v 19.818651 24.184316 -35.293569
v 20.167015 24.189673 -35.324241
v 20.172423 24.169611 -35.302393
v 19.803713 24.243856 -35.273950
v 19.805282 24.163966 -35.270068
v 20.172423 24.169611 -35.302393
v 20.170854 24.249501 -35.306275
v 19.769876 24.161301 -35.360364
v 19.768374 24.237781 -35.364080
v 19.804383 24.242818 -35.274962
v 19.805885 24.166338 -35.271245
v 19.787564 24.180767 -35.368620
v 19.769876 24.161301 -35.360364
v 19.805885 24.166338 -35.271245
v 19.818177 24.185050 -35.292853
v 19.788233 24.180061 -35.368850
v 19.787564 24.180767 -35.368620
v 19.818177 24.185050 -35.292853
v 19.818651 24.184316 -35.293569
v 19.818651 24.184316 -35.293569
v 19.805282 24.163966 -35.270068
v 19.768996 24.158890 -35.359872
v 19.788233 24.180061 -35.368850
v 20.173085 24.198269 -36.361723
v 20.174654 24.118379 -36.357841
v 19.479404 24.118379 -36.076591
v 19.477835 24.198269 -36.080473
v 20.174654 24.118379 -36.357841
v 20.182169 24.140660 -36.339241
v 19.486919 24.140660 -36.057991
v 19.479404 24.118379 -36.076591
v 20.182169 24.140660 -36.339241
v 20.181891 24.141329 -36.339929
v 19.486641 24.141329 -36.058679
v 19.486919 24.140660 -36.057991
v 20.181891 24.141329 -36.339929
v 20.174980 24.120843 -36.357032
v 19.479730 24.120843 -36.075782
v 19.486641 24.141329 -36.058679
v 20.174980 24.120843 -36.357032
v 20.173479 24.197322 -36.360748
v 19.478229 24.197322 -36.079498
v 19.479730 24.120843 -36.075782
f 805 806 801
f 801 802 803
f 803 804 805
f 805 801 803
f 815 816 807
f 807 808 809
f 809 810 811
f 812 813 814
f 814 815 807
f 807 809 811
f 812 814 807
f 807 811 812
f 825 826 817
f 820 821 822
f 825 817 818
f 820 822 823
f 824 825 818
f 819 820 823
f 824 818 819
f 819 823 824
f 835 836 827
f 829 830 831
f 834 835 827
f 829 831 832
f 833 834 827
f 828 829 832
f 833 827 828
f 828 832 833
f 842 837 838
f 839 840 841
f 842 838 839
f 839 841 842
f 847 848 843
f 843 844 845
f 846 847 843
f 843 845 846
f 849 850 852
f 852 850 851
f 853 854 856
f 856 854 855
f 857 858 860
f 860 858 859
f 861 862 864
f 864 862 863
f 865 866 868
f 868 866 867
f 869 870 872
f 872 870 871
f 873 874 876
f 876 874 875
f 877 878 880
f 880 878 879
f 881 882 884
f 884 882 883
f 885 886 888
f 888 886 887
f 889 890 892
f 892 890 891
f 893 894 896
f 896 894 895
f 897 898 900
f 900 898 899
f 901 902 904
f 904 902 903
f 905 906 908
f 908 906 907
f 909 910 912
f 912 910 911
f 913 914 916
f 916 914 915
f 917 918 920
f 920 918 919
f 921 922 924
f 924 922 923
f 925 926 928
f 928 926 927
f 929 930 932
f 932 930 931
f 933 934 936
f 936 934 935
f 937 938 940
f 940 938 939
f 941 942 944
f 944 942 943
f 945 946 948
f 948 946 947
f 949 950 952
f 952 950 951
f 953 954 956
f 956 954 955
f 957 958 960
f 960 958 959
o item_92b0f140_1122022
v 24.656505 24.249501 -40.110644
v 24.639646 24.249501 -40.152318
v 24.407580 24.243856 -40.438753
v 23.601057 24.198269 -40.112875
v 23.882307 24.198269 -39.417625
v 24.688830 24.243856 -39.743503
v 24.318200 24.237781 -40.401560
v 24.407318 24.242818 -40.437569
v 24.638825 24.248450 -40.151826
v 24.655572 24.248450 -40.110428
v 24.687818 24.242818 -39.744173
v 24.598700 24.237781 -39.708164
v 24.599075 24.237781 -39.707237
v 23.883282 24.197322 -39.418019
v 23.602032 24.197322 -40.113269
v 24.317825 24.237781 -40.402487
v 24.321658 24.158890 -40.404036
v 24.317825 24.237781 -40.402487
v 23.602032 24.197322 -40.113269
v 23.605748 24.120843 -40.114770
v 23.622851 24.141329 -40.121681
v 23.623539 24.140660 -40.121959
v 23.604939 24.118379 -40.114444
v 23.601057 24.198269 -40.112875
v 24.407580 24.243856 -40.438753
v 24.411462 24.163966 -40.440322
v 23.886998 24.120843 -39.419520
v 23.883282 24.197322 -39.418019
v 24.599075 24.237781 -39.707237
v 24.602908 24.158890 -39.708786
v 24.692712 24.163966 -39.745072
v 24.688830 24.243856 -39.743503
v 23.882307 24.198269 -39.417625
v 23.886189 24.118379 -39.419194
v 23.904789 24.140660 -39.426709
v 23.904101 24.141329 -39.426431
v 24.318200 24.237781 -40.401560
v 24.317825 24.237781 -40.402487
v 24.321658 24.158890 -40.404036
v 24.328580 24.180061 -40.383968
v 24.328280 24.180767 -40.384610
v 24.321916 24.161301 -40.403062
v 24.602416 24.161301 -39.709666
v 24.594160 24.180767 -39.727354
v 24.593930 24.180061 -39.728023
v 24.602908 24.158890 -39.708786
v 24.599075 24.237781 -39.707237
v 24.598700 24.237781 -39.708164
v 24.318200 24.237781 -40.401560
v 24.321916 24.161301 -40.403062
v 24.411035 24.166338 -40.439071
v 24.407318 24.242818 -40.437569
v 24.321916 24.161301 -40.403062
v 24.328280 24.180767 -40.384610
v 24.404046 24.185050 -40.415223
v 24.411035 24.166338 -40.439071
v 24.328280 24.180767 -40.384610
v 24.328580 24.180061 -40.383968
v 24.403861 24.184316 -40.414386
v 24.404046 24.185050 -40.415223
v 24.411462 24.163966 -40.440322
v 24.403861 24.184316 -40.414386
v 24.328580 24.180061 -40.383968
v 24.321658 24.158890 -40.404036
v 24.407318 24.242818 -40.437569
v 24.411035 24.166338 -40.439071
v 24.642541 24.171970 -40.153327
v 24.638825 24.248450 -40.151826
v 24.624641 24.190416 -40.142950
v 24.642541 24.171970 -40.153327
v 24.411035 24.166338 -40.439071
v 24.404046 24.185050 -40.415223
v 24.624059 24.189673 -40.142600
v 24.624641 24.190416 -40.142950
v 24.404046 24.185050 -40.415223
v 24.403861 24.184316 -40.414386
v 24.403861 24.184316 -40.414386
v 24.411462 24.163966 -40.440322
v 24.643529 24.169611 -40.153887
v 24.624059 24.189673 -40.142600
v 24.411462 24.163966 -40.440322
v 24.407580 24.243856 -40.438753
v 24.639646 24.249501 -40.152318
v 24.643529 24.169611 -40.153887
v 24.638825 24.248450 -40.151826
v 24.642541 24.171970 -40.153327
v 24.659288 24.171970 -40.111929
v 24.655572 24.248450 -40.110428
v 24.642541 24.171970 -40.153327
v 24.624641 24.190416 -40.142950
v 24.639200 24.190416 -40.106958
v 24.659288 24.171970 -40.111929
v 24.624641 24.190416 -40.142950
v 24.624059 24.189673 -40.142600
v 24.638539 24.189673 -40.106805
v 24.639200 24.190416 -40.106958
v 24.624059 24.189673 -40.142600
v 24.643529 24.169611 -40.153887
v 24.660387 24.169611 -40.112213
v 24.638539 24.189673 -40.106805
v 24.643529 24.169611 -40.153887
v 24.639646 24.249501 -40.152318
v 24.656505 24.249501 -40.110644
v 24.660387 24.169611 -40.112213
v 24.655572 24.248450 -40.110428
v 24.659288 24.171970 -40.111929
v 24.691535 24.166338 -39.745675
v 24.687818 24.242818 -39.744173
v 24.659288 24.171970 -40.111929
v 24.639200 24.190416 -40.106958
v 24.669927 24.185050 -39.757967
v 24.691535 24.166338 -39.745675
v 24.639200 24.190416 -40.106958
v 24.638539 24.189673 -40.106805
v 24.669211 24.184316 -39.758441
v 24.669927 24.185050 -39.757967
v 24.692712 24.163966 -39.745072
v 24.669211 24.184316 -39.758441
v 24.638539 24.189673 -40.106805
v 24.660387 24.169611 -40.112213
v 24.688830 24.243856 -39.743503
v 24.692712 24.163966 -39.745072
v 24.660387 24.169611 -40.112213
v 24.656505 24.249501 -40.110644
v 24.602416 24.161301 -39.709666
v 24.598700 24.237781 -39.708164
v 24.687818 24.242818 -39.744173
v 24.691535 24.166338 -39.745675
v 24.594160 24.180767 -39.727354
v 24.602416 24.161301 -39.709666
v 24.691535 24.166338 -39.745675
v 24.669927 24.185050 -39.757967
v 24.593930 24.180061 -39.728023
v 24.594160 24.180767 -39.727354
v 24.669927 24.185050 -39.757967
v 24.669211 24.184316 -39.758441
v 24.669211 24.184316 -39.758441
v 24.692712 24.163966 -39.745072
v 24.602908 24.158890 -39.708786
v 24.593930 24.180061 -39.728023
v 23.601057 24.198269 -40.112875
v 23.604939 24.118379 -40.114444
v 23.886189 24.118379 -39.419194
v 23.882307 24.198269 -39.417625
v 23.604939 24.118379 -40.114444
v 23.623539 24.140660 -40.121959
v 23.904789 24.140660 -39.426709
v 23.886189 24.118379 -39.419194
v 23.623539 24.140660 -40.121959
v 23.622851 24.141329 -40.121681
v 23.904101 24.141329 -39.426431
v 23.904789 24.140660 -39.426709
v 23.622851 24.141329 -40.121681
v 23.605748 24.120843 -40.114770
v 23.886998 24.120843 -39.419520
v 23.904101 24.141329 -39.426431
v 23.605748 24.120843 -40.114770
v 23.602032 24.197322 -40.113269
v 23.883282 24.197322 -39.418019
v 23.886998 24.120843 -39.419520
f 965 966 961
f 961 962 963
f 963 964 965
f 965 961 963
f 975 976 967
f 967 968 969
f 969 970 971
f 972 973 974
f 974 975 967
f 967 969 971
f 972 974 967
f 967 971 972
f 985 986 977
f 980 981 982
f 985 977 978
f 980 982 983
f 984 985 978
f 979 980 983
f 984 978 979
f 979 983 984
f 995 996 987
f 989 990 991
f 994 995 987
f 989 991 992
f 993 994 987
f 988 989 992
f 993 987 988
f 988 992 993
f 1002 997 998
f 999 1000 1001
f 1002 998 999
f 999 1001 1002
f 1007 1008 1003
f 1003 1004 1005
f 1006 1007 1003
f 1003 1005 1006
f 1009 1010 1012
f 1012 1010 1011
f 1013 1014 1016
f 1016 1014 1015
f 1017 1018 1020
f 1020 1018 1019
f 1021 1022 1024
f 1024 1022 1023
f 1025 1026 1028
f 1028 1026 1027
f 1029 1030 1032
f 1032 1030 1031
f 1033 1034 1036
f 1036 1034 1035
f 1037 1038 1040
f 1040 1038 1039
f 1041 1042 1044
f 1044 1042 1043
f 1045 1046 1048
f 1048 1046 1047
f 1049 1050 1052
f 1052 1050 1051
f 1053 1054 1056
f 1056 1054 1055
f 1057 1058 1060
f 1060 1058 1059
f 1061 1062 1064
f 1064 1062 1063
f 1065 1066 1068
f 1068 1066 1067
f 1069 1070 1072
f 1072 1070 1071
f 1073 1074 1076
f 1076 1074 1075
f 1077 1078 1080
f 1080 1078 1079
f 1081 1082 1084
f 1084 1082 1083
f 1085 1086 1088
f 1088 1086 1087
f 1089 1090 1092
f 1092 1090 1091
f 1093 1094 1096
f 1096 1094 1095
f 1097 1098 1100
f 1100 1098 1099
f 1101 1102 1104
f 1104 1102 1103
f 1105 1106 1108
f 1108 1106 1107
f 1109 1110 1112
f 1112 1110 1111
f 1113 1114 1116
f 1116 1114 1115
f 1117 1118 1120
f 1120 1118 1119
o item_92b0f140_1121996
v 23.719945 24.249501 -42.428584
v 23.703086 24.249501 -42.470258
v 23.471020 24.243856 -42.756693
v 22.664497 24.198269 -42.430815
v 22.945747 24.198269 -41.735565
v 23.752270 24.243856 -42.061443
v 23.381640 24.237781 -42.719500
v 23.470758 24.242818 -42.755509
v 23.702265 24.248450 -42.469766
v 23.719012 24.248450 -42.428368
v 23.751258 24.242818 -42.062113
v 23.662140 24.237781 -42.026104
v 23.662515 24.237781 -42.025177
v 22.946722 24.197322 -41.735959
v 22.665472 24.197322 -42.431209
v 23.381265 24.237781 -42.720427
v 23.385098 24.158890 -42.721976
v 23.381265 24.237781 -42.720427
v 22.665472 24.197322 -42.431209
v 22.669188 24.120843 -42.432710
v 22.686291 24.141329 -42.439621
v 22.686979 24.140660 -42.439899
v 22.668379 24.118379 -42.432384
v 22.664497 24.198269 -42.430815
v 23.471020 24.243856 -42.756693
v 23.474902 24.163966 -42.758262
v 22.950438 24.120843 -41.737460
v 22.946722 24.197322 -41.735959
v 23.662515 24.237781 -42.025177
v 23.666348 24.158890 -42.026726
v 23.756152 24.163966 -42.063012
v 23.752270 24.243856 -42.061443
v 22.945747 24.198269 -41.735565
v 22.949629 24.118379 -41.737134
v 22.968229 24.140660 -41.744649
v 22.967541 24.141329 -41.744371
v 23.381640 24.237781 -42.719500
v 23.381265 24.237781 -42.720427
v 23.385098 24.158890 -42.721976
v 23.392020 24.180061 -42.701908
v 23.391720 24.180767 -42.702550
v 23.385356 24.161301 -42.721002
v 23.665856 24.161301 -42.027606
v 23.657600 24.180767 -42.045294
v 23.657370 24.180061 -42.045963
v 23.666348 24.158890 -42.026726
v 23.662515 24.237781 -42.025177
v 23.662140 24.237781 -42.026104
v 23.381640 24.237781 -42.719500
v 23.385356 24.161301 -42.721002
v 23.474475 24.166338 -42.757011
v 23.470758 24.242818 -42.755509
v 23.385356 24.161301 -42.721002
v 23.391720 24.180767 -42.702550
v 23.467486 24.185050 -42.733163
v 23.474475 24.166338 -42.757011
v 23.391720 24.180767 -42.702550
v 23.392020 24.180061 -42.701908
v 23.467301 24.184316 -42.732326
v 23.467486 24.185050 -42.733163
v 23.474902 24.163966 -42.758262
v 23.467301 24.184316 -42.732326
v 23.392020 24.180061 -42.701908
v 23.385098 24.158890 -42.721976
v 23.470758 24.242818 -42.755509
v 23.474475 24.166338 -42.757011
v 23.705981 24.171970 -42.471267
v 23.702265 24.248450 -42.469766
v 23.688081 24.190416 -42.460890
v 23.705981 24.171970 -42.471267
v 23.474475 24.166338 -42.757011
v 23.467486 24.185050 -42.733163
v 23.687499 24.189673 -42.460540
v 23.688081 24.190416 -42.460890
v 23.467486 24.185050 -42.733163
v 23.467301 24.184316 -42.732326
v 23.467301 24.184316 -42.732326
v 23.474902 24.163966 -42.758262
v 23.706969 24.169611 -42.471827
v 23.687499 24.189673 -42.460540
v 23.474902 24.163966 -42.758262
v 23.471020 24.243856 -42.756693
v 23.703086 24.249501 -42.470258
v 23.706969 24.169611 -42.471827
v 23.702265 24.248450 -42.469766
v 23.705981 24.171970 -42.471267
v 23.722728 24.171970 -42.429869
v 23.719012 24.248450 -42.428368
v 23.705981 24.171970 -42.471267
v 23.688081 24.190416 -42.460890
v 23.702640 24.190416 -42.424898
v 23.722728 24.171970 -42.429869
v 23.688081 24.190416 -42.460890
v 23.687499 24.189673 -42.460540
v 23.701979 24.189673 -42.424745
v 23.702640 24.190416 -42.424898
v 23.687499 24.189673 -42.460540
v 23.706969 24.169611 -42.471827
v 23.723827 24.169611 -42.430153
v 23.701979 24.189673 -42.424745
v 23.706969 24.169611 -42.471827
v 23.703086 24.249501 -42.470258
v 23.719945 24.249501 -42.428584
v 23.723827 24.169611 -42.430153
v 23.719012 24.248450 -42.428368
v 23.722728 24.171970 -42.429869
v 23.754975 24.166338 -42.063615
v 23.751258 24.242818 -42.062113
v 23.722728 24.171970 -42.429869
v 23.702640 24.190416 -42.424898
v 23.733367 24.185050 -42.075907
v 23.754975 24.166338 -42.063615
v 23.702640 24.190416 -42.424898
v 23.701979 24.189673 -42.424745
v 23.732651 24.184316 -42.076381
v 23.733367 24.185050 -42.075907
v 23.756152 24.163966 -42.063012
v 23.732651 24.184316 -42.076381
v 23.701979 24.189673 -42.424745
v 23.723827 24.169611 -42.430153
v 23.752270 24.243856 -42.061443
v 23.756152 24.163966 -42.063012
v 23.723827 24.169611 -42.430153
v 23.719945 24.249501 -42.428584
v 23.665856 24.161301 -42.027606
v 23.662140 24.237781 -42.026104
v 23.751258 24.242818 -42.062113
v 23.754975 24.166338 -42.063615
v 23.657600 24.180767 -42.045294
v 23.665856 24.161301 -42.027606
v 23.754975 24.166338 -42.063615
v 23.733367 24.185050 -42.075907
v 23.657370 24.180061 -42.045963
v 23.657600 24.180767 -42.045294
v 23.733367 24.185050 -42.075907
v 23.732651 24.184316 -42.076381
v 23.732651 24.184316 -42.076381
v 23.756152 24.163966 -42.063012
v 23.666348 24.158890 -42.026726
v 23.657370 24.180061 -42.045963
v 22.664497 24.198269 -42.430815
v 22.668379 24.118379 -42.432384
v 22.949629 24.118379 -41.737134
v 22.945747 24.198269 -41.735565
v 22.668379 24.118379 -42.432384
v 22.686979 24.140660 -42.439899
v 22.968229 24.140660 -41.744649
v 22.949629 24.118379 -41.737134
v 22.686979 24.140660 -42.439899
v 22.686291 24.141329 -42.439621
v 22.967541 24.141329 -41.744371
v 22.968229 24.140660 -41.744649
v 22.686291 24.141329 -42.439621
v 22.669188 24.120843 -42.432710
v 22.950438 24.120843 -41.737460
v 22.967541 24.141329 -41.744371
v 22.669188 24.120843 -42.432710
v 22.665472 24.197322 -42.431209
v 22.946722 24.197322 -41.735959
v 22.950438 24.120843 -41.737460
f 1125 1126 1121
f 1121 1122 1123
f 1123 1124 1125
f 1125 1121 1123
f 1135 1136 1127
f 1127 1128 1129
f 1129 1130 1131
f 1132 1133 1134
f 1134 1135 1127
f 1127 1129 1131
f 1132 1134 1127
f 1127 1131 1132
f 1145 1146 1137
f 1140 1141 1142
f 1145 1137 1138
f 1140 1142 1143
f 1144 1145 1138
f 1139 1140 1143
f 1144 1138 1139
f 1139 1143 1144
f 1155 1156 1147
f 1149 1150 1151
f 1154 1155 1147
f 1149 1151 1152
f 1153 1154 1147
f 1148 1149 1152
f 1153 1147 1148
f 1148 1152 1153
f 1162 1157 1158
f 1159 1160 1161
f 1162 1158 1159
f 1159 1161 1162
f 1167 1168 1163
f 1163 1164 1165
f 1166 1167 1163
f 1163 1165 1166
f 1169 1170 1172
f 1172 1170 1171
f 1173 1174 1176
f 1176 1174 1175
f 1177 1178 1180
f 1180 1178 1179
f 1181 1182 1184
f 1184 1182 1183
f 1185 1186 1188
f 1188 1186 1187
f 1189 1190 1192
f 1192 1190 1191
f 1193 1194 1196
f 1196 1194 1195
f 1197 1198 1200
f 1200 1198 1199
f 1201 1202 1204
f 1204 1202 1203
f 1205 1206 1208
f 1208 1206 1207
f 1209 1210 1212
f 1212 1210 1211
f 1213 1214 1216
f 1216 1214 1215
f 1217 1218 1220
f 1220 1218 1219
f 1221 1222 1224
f 1224 1222 1223
f 1225 1226 1228
f 1228 1226 1227
f 1229 1230 1232
f 1232 1230 1231
f 1233 1234 1236
f 1236 1234 1235
f 1237 1238 1240
f 1240 1238 1239
f 1241 1242 1244
f 1244 1242 1243
f 1245 1246 1248
f 1248 1246 1247
f 1249 1250 1252
f 1252 1250 1251
f 1253 1254 1256
f 1256 1254 1255
f 1257 1258 1260
f 1260 1258 1259
f 1261 1262 1264
f 1264 1262 1263
f 1265 1266 1268
f 1268 1266 1267
f 1269 1270 1272
f 1272 1270 1271
f 1273 1274 1276
f 1276 1274 1275
f 1277 1278 1280
f 1280 1278 1279
o item_92b0f140_1121970
v 22.783375 24.249501 -44.746524
v 22.766516 24.249501 -44.788198
v 22.534450 24.243856 -45.074633
v 21.727927 24.198269 -44.748755
v 22.009177 24.198269 -44.053505
v 22.815700 24.243856 -44.379383
v 22.445070 24.237781 -45.037440
v 22.534188 24.242818 -45.073449
v 22.765695 24.248450 -44.787706
v 22.782442 24.248450 -44.746308
v 22.814688 24.242818 -44.380053
v 22.725570 24.237781 -44.344044
v 22.725945 24.237781 -44.343117
v 22.010152 24.197322 -44.053899
v 21.728902 24.197322 -44.749149
v 22.444695 24.237781 -45.038367
v 22.448528 24.158890 -45.039916
v 22.444695 24.237781 -45.038367
v 21.728902 24.197322 -44.749149
v 21.732618 24.120843 -44.750650
v 21.749721 24.141329 -44.757561
v 21.750409 24.140660 -44.757839
v 21.731809 24.118379 -44.750324
v 21.727927 24.198269 -44.748755
v 22.534450 24.243856 -45.074633
v 22.538332 24.163966 -45.076202
v 22.013868 24.120843 -44.055400
v 22.010152 24.197322 -44.053899
v 22.725945 24.237781 -44.343117
v 22.729778 24.158890 -44.344666
v 22.819582 24.163966 -44.380952
v 22.815700 24.243856 -44.379383
v 22.009177 24.198269 -44.053505
v 22.013059 24.118379 -44.055074
v 22.031659 24.140660 -44.062589
v 22.030971 24.141329 -44.062311
v 22.445070 24.237781 -45.037440
v 22.444695 24.237781 -45.038367
v 22.448528 24.158890 -45.039916
v 22.455450 24.180061 -45.019848
v 22.455150 24.180767 -45.020490
v 22.448786 24.161301 -45.038942
v 22.729286 24.161301 -44.345546
v 22.721030 24.180767 -44.363234
v 22.720800 24.180061 -44.363903
v 22.729778 24.158890 -44.344666
v 22.725945 24.237781 -44.343117
v 22.725570 24.237781 -44.344044
v 22.445070 24.237781 -45.037440
v 22.448786 24.161301 -45.038942
v 22.537905 24.166338 -45.074951
v 22.534188 24.242818 -45.073449
v 22.448786 24.161301 -45.038942
v 22.455150 24.180767 -45.020490
v 22.530916 24.185050 -45.051103
v 22.537905 24.166338 -45.074951
v 22.455150 24.180767 -45.020490
v 22.455450 24.180061 -45.019848
v 22.530731 24.184316 -45.050266
v 22.530916 24.185050 -45.051103
v 22.538332 24.163966 -45.076202
v 22.530731 24.184316 -45.050266
v 22.455450 24.180061 -45.019848
v 22.448528 24.158890 -45.039916
v 22.534188 24.242818 -45.073449
v 22.537905 24.166338 -45.074951
v 22.769411 24.171970 -44.789207
v 22.765695 24.248450 -44.787706
v 22.751511 24.190416 -44.778830
v 22.769411 24.171970 -44.789207
v 22.537905 24.166338 -45.074951
v 22.530916 24.185050 -45.051103
v 22.750929 24.189673 -44.778480
v 22.751511 24.190416 -44.778830
v 22.530916 24.185050 -45.051103
v 22.530731 24.184316 -45.050266
v 22.530731 24.184316 -45.050266
v 22.538332 24.163966 -45.076202
v 22.770399 24.169611 -44.789767
v 22.750929 24.189673 -44.778480
v 22.538332 24.163966 -45.076202
v 22.534450 24.243856 -45.074633
v 22.766516 24.249501 -44.788198
v 22.770399 24.169611 -44.789767
v 22.765695 24.248450 -44.787706
v 22.769411 24.171970 -44.789207
v 22.786158 24.171970 -44.747809
v 22.782442 24.248450 -44.746308
v 22.769411 24.171970 -44.789207
v 22.751511 24.190416 -44.778830
v 22.766070 24.190416 -44.742838
v 22.786158 24.171970 -44.747809
v 22.751511 24.190416 -44.778830
v 22.750929 24.189673 -44.778480
v 22.765409 24.189673 -44.742685
v 22.766070 24.190416 -44.742838
v 22.750929 24.189673 -44.778480
v 22.770399 24.169611 -44.789767
v 22.787257 24.169611 -44.748093
v 22.765409 24.189673 -44.742685
v 22.770399 24.169611 -44.789767
v 22.766516 24.249501 -44.788198
v 22.783375 24.249501 -44.746524
v 22.787257 24.169611 -44.748093
v 22.782442 24.248450 -44.746308
v 22.786158 24.171970 -44.747809
v 22.818405 24.166338 -44.381555
v 22.814688 24.242818 -44.380053
v 22.786158 24.171970 -44.747809
v 22.766070 24.190416 -44.742838
v 22.796797 24.185050 -44.393847
v 22.818405 24.166338 -44.381555
v 22.766070 24.190416 -44.742838
v 22.765409 24.189673 -44.742685
v 22.796081 24.184316 -44.394321
v 22.796797 24.185050 -44.393847
v 22.819582 24.163966 -44.380952
v 22.796081 24.184316 -44.394321
v 22.765409 24.189673 -44.742685
v 22.787257 24.169611 -44.748093
v 22.815700 24.243856 -44.379383
v 22.819582 24.163966 -44.380952
v 22.787257 24.169611 -44.748093
v 22.783375 24.249501 -44.746524
v 22.729286 24.161301 -44.345546
v 22.725570 24.237781 -44.344044
v 22.814688 24.242818 -44.380053
v 22.818405 24.166338 -44.381555
v 22.721030 24.180767 -44.363234
v 22.729286 24.161301 -44.345546
v 22.818405 24.166338 -44.381555
v 22.796797 24.185050 -44.393847
v 22.720800 24.180061 -44.363903
v 22.721030 24.180767 -44.363234
v 22.796797 24.185050 -44.393847
v 22.796081 24.184316 -44.394321
v 22.796081 24.184316 -44.394321
v 22.819582 24.163966 -44.380952
v 22.729778 24.158890 -44.344666
v 22.720800 24.180061 -44.363903
v 21.727927 24.198269 -44.748755
v 21.731809 24.118379 -44.750324
v 22.013059 24.118379 -44.055074
v 22.009177 24.198269 -44.053505
v 21.731809 24.118379 -44.750324
v 21.750409 24.140660 -44.757839
v 22.031659 24.140660 -44.062589
v 22.013059 24.118379 -44.055074
v 21.750409 24.140660 -44.757839
v 21.749721 24.141329 -44.757561
v 22.030971 24.141329 -44.062311
v 22.031659 24.140660 -44.062589
v 21.749721 24.141329 -44.757561
v 21.732618 24.120843 -44.750650
v 22.013868 24.120843 -44.055400
v 22.030971 24.141329 -44.062311
v 21.732618 24.120843 -44.750650
v 21.728902 24.197322 -44.749149
v 22.010152 24.197322 -44.053899
v 22.013868 24.120843 -44.055400
f 1285 1286 1281
f 1281 1282 1283
f 1283 1284 1285
f 1285 1281 1283
f 1295 1296 1287
f 1287 1288 1289
f 1289 1290 1291
f 1292 1293 1294
f 1294 1295 1287
f 1287 1289 1291
f 1292 1294 1287
f 1287 1291 1292
f 1305 1306 1297
f 1300 1301 1302
f 1305 1297 1298
f 1300 1302 1303
f 1304 1305 1298
f 1299 1300 1303
f 1304 1298 1299
f 1299 1303 1304
f 1315 1316 1307
f 1309 1310 1311
f 1314 1315 1307
f 1309 1311 1312
f 1313 1314 1307
f 1308 1309 1312
f 1313 1307 1308
f 1308 1312 1313
f 1322 1317 1318
f 1319 1320 1321
f 1322 1318 1319
f 1319 1321 1322
f 1327 1328 1323
f 1323 1324 1325
f 1326 1327 1323
f 1323 1325 1326
f 1329 1330 1332
f 1332 1330 1331
f 1333 1334 1336
f 1336 1334 1335
f 1337 1338 1340
f 1340 1338 1339
f 1341 1342 1344
f 1344 1342 1343
f 1345 1346 1348
f 1348 1346 1347
f 1349 1350 1352
f 1352 1350 1351
f 1353 1354 1356
f 1356 1354 1355
f 1357 1358 1360
f 1360 1358 1359
f 1361 1362 1364
f 1364 1362 1363
f 1365 1366 1368
f 1368 1366 1367
f 1369 1370 1372
f 1372 1370 1371
f 1373 1374 1376
f 1376 1374 1375
f 1377 1378 1380
f 1380 1378 1379
f 1381 1382 1384
f 1384 1382 1383
f 1385 1386 1388
f 1388 1386 1387
f 1389 1390 1392
f 1392 1390 1391
f 1393 1394 1396
f 1396 1394 1395
f 1397 1398 1400
f 1400 1398 1399
f 1401 1402 1404
f 1404 1402 1403
f 1405 1406 1408
f 1408 1406 1407
f 1409 1410 1412
f 1412 1410 1411
f 1413 1414 1416
f 1416 1414 1415
f 1417 1418 1420
f 1420 1418 1419
f 1421 1422 1424
f 1424 1422 1423
f 1425 1426 1428
f 1428 1426 1427
f 1429 1430 1432
f 1432 1430 1431
f 1433 1434 1436
f 1436 1434 1435
f 1437 1438 1440
f 1440 1438 1439
o item_92b0f140_1121944
v 21.771885 24.249501 -47.249894
v 21.755026 24.249501 -47.291568
v 21.522960 24.243856 -47.578003
v 20.716437 24.198269 -47.252125
v 20.997687 24.198269 -46.556875
v 21.804210 24.243856 -46.882753
v 21.433580 24.237781 -47.540810
v 21.522698 24.242818 -47.576819
v 21.754205 24.248450 -47.291076
v 21.770952 24.248450 -47.249678
v 21.803198 24.242818 -46.883423
v 21.714080 24.237781 -46.847414
v 21.714455 24.237781 -46.846487
v 20.998662 24.197322 -46.557269
v 20.717412 24.197322 -47.252519
v 21.433205 24.237781 -47.541737
v 21.437038 24.158890 -47.543286
v 21.433205 24.237781 -47.541737
v 20.717412 24.197322 -47.252519
v 20.721128 24.120843 -47.254020
v 20.738231 24.141329 -47.260931
v 20.738919 24.140660 -47.261209
v 20.720319 24.118379 -47.253694
v 20.716437 24.198269 -47.252125
v 21.522960 24.243856 -47.578003
v 21.526842 24.163966 -47.579572
v 21.002378 24.120843 -46.558770
v 20.998662 24.197322 -46.557269
v 21.714455 24.237781 -46.846487
v 21.718288 24.158890 -46.848036
v 21.808092 24.163966 -46.884322
v 21.804210 24.243856 -46.882753
v 20.997687 24.198269 -46.556875
v 21.001569 24.118379 -46.558444
v 21.020169 24.140660 -46.565959
v 21.019481 24.141329 -46.565681
v 21.433580 24.237781 -47.540810
v 21.433205 24.237781 -47.541737
v 21.437038 24.158890 -47.543286
v 21.443960 24.180061 -47.523218
v 21.443660 24.180767 -47.523860
v 21.437296 24.161301 -47.542312
v 21.717796 24.161301 -46.848916
v 21.709540 24.180767 -46.866604
v 21.709310 24.180061 -46.867273
v 21.718288 24.158890 -46.848036
v 21.714455 24.237781 -46.846487
v 21.714080 24.237781 -46.847414
v 21.433580 24.237781 -47.540810
v 21.437296 24.161301 -47.542312
v 21.526415 24.166338 -47.578321
v 21.522698 24.242818 -47.576819
v 21.437296 24.161301 -47.542312
v 21.443660 24.180767 -47.523860
v 21.519426 24.185050 -47.554473
v 21.526415 24.166338 -47.578321
v 21.443660 24.180767 -47.523860
v 21.443960 24.180061 -47.523218
v 21.519241 24.184316 -47.553636
v 21.519426 24.185050 -47.554473
v 21.526842 24.163966 -47.579572
v 21.519241 24.184316 -47.553636
v 21.443960 24.180061 -47.523218
v 21.437038 24.158890 -47.543286
v 21.522698 24.242818 -47.576819
v 21.526415 24.166338 -47.578321
v 21.757921 24.171970 -47.292577
v 21.754205 24.248450 -47.291076
v 21.740021 24.190416 -47.282200
v 21.757921 24.171970 -47.292577
v 21.526415 24.166338 -47.578321
v 21.519426 24.185050 -47.554473
v 21.739439 24.189673 -47.281850
v 21.740021 24.190416 -47.282200
v 21.519426 24.185050 -47.554473
v 21.519241 24.184316 -47.553636
v 21.519241 24.184316 -47.553636
v 21.526842 24.163966 -47.579572
v 21.758909 24.169611 -47.293137
v 21.739439 24.189673 -47.281850
v 21.526842 24.163966 -47.579572
v 21.522960 24.243856 -47.578003
v 21.755026 24.249501 -47.291568
v 21.758909 24.169611 -47.293137
v 21.754205 24.248450 -47.291076
v 21.757921 24.171970 -47.292577
v 21.774668 24.171970 -47.251179
v 21.770952 24.248450 -47.249678
v 21.757921 24.171970 -47.292577
v 21.740021 24.190416 -47.282200
v 21.754580 24.190416 -47.246208
v 21.774668 24.171970 -47.251179
v 21.740021 24.190416 -47.282200
v 21.739439 24.189673 -47.281850
v 21.753919 24.189673 -47.246055
v 21.754580 24.190416 -47.246208
v 21.739439 24.189673 -47.281850
v 21.758909 24.169611 -47.293137
v 21.775767 24.169611 -47.251463
v 21.753919 24.189673 -47.246055
v 21.758909 24.169611 -47.293137
v 21.755026 24.249501 -47.291568
v 21.771885 24.249501 -47.249894
v 21.775767 24.169611 -47.251463
v 21.770952 24.248450 -47.249678
v 21.774668 24.171970 -47.251179
v 21.806915 24.166338 -46.884925
v 21.803198 24.242818 -46.883423
v 21.774668 24.171970 -47.251179
v 21.754580 24.190416 -47.246208
v 21.785307 24.185050 -46.897217
v 21.806915 24.166338 -46.884925
v 21.754580 24.190416 -47.246208
v 21.753919 24.189673 -47.246055
v 21.784591 24.184316 -46.897691
v 21.785307 24.185050 -46.897217
v 21.808092 24.163966 -46.884322
v 21.784591 24.184316 -46.897691
v 21.753919 24.189673 -47.246055
v 21.775767 24.169611 -47.251463
v 21.804210 24.243856 -46.882753
v 21.808092 24.163966 -46.884322
v 21.775767 24.169611 -47.251463
v 21.771885 24.249501 -47.249894
v 21.717796 24.161301 -46.848916
v 21.714080 24.237781 -46.847414
v 21.803198 24.242818 -46.883423
v 21.806915 24.166338 -46.884925
v 21.709540 24.180767 -46.866604
v 21.717796 24.161301 -46.848916
v 21.806915 24.166338 -46.884925
v 21.785307 24.185050 -46.897217
v 21.709310 24.180061 -46.867273
v 21.709540 24.180767 -46.866604
v 21.785307 24.185050 -46.897217
v 21.784591 24.184316 -46.897691
v 21.784591 24.184316 -46.897691
v 21.808092 24.163966 -46.884322
v 21.718288 24.158890 -46.848036
v 21.709310 24.180061 -46.867273
v 20.716437 24.198269 -47.252125
v 20.720319 24.118379 -47.253694
v 21.001569 24.118379 -46.558444
v 20.997687 24.198269 -46.556875
v 20.720319 24.118379 -47.253694
v 20.738919 24.140660 -47.261209
v 21.020169 24.140660 -46.565959
v 21.001569 24.118379 -46.558444
v 20.738919 24.140660 -47.261209
v 20.738231 24.141329 -47.260931
v 21.019481 24.141329 -46.565681
v 21.020169 24.140660 -46.565959
v 20.738231 24.141329 -47.260931
v 20.721128 24.120843 -47.254020
v 21.002378 24.120843 -46.558770
v 21.019481 24.141329 -46.565681
v 20.721128 24.120843 -47.254020
v 20.717412 24.197322 -47.252519
v 20.998662 24.197322 -46.557269
v 21.002378 24.120843 -46.558770
f 1445 1446 1441
f 1441 1442 1443
f 1443 1444 1445
f 1445 1441 1443
f 1455 1456 1447
f 1447 1448 1449
f 1449 1450 1451
f 1452 1453 1454
f 1454 1455 1447
f 1447 1449 1451
f 1452 1454 1447
f 1447 1451 1452
f 1465 1466 1457
f 1460 1461 1462
f 1465 1457 1458
f 1460 1462 1463
f 1464 1465 1458
f 1459 1460 1463
f 1464 1458 1459
f 1459 1463 1464
f 1475 1476 1467
f 1469 1470 1471
f 1474 1475 1467
f 1469 1471 1472
f 1473 1474 1467
f 1468 1469 1472
f 1473 1467 1468
f 1468 1472 1473
f 1482 1477 1478
f 1479 1480 1481
f 1482 1478 1479
f 1479 1481 1482
f 1487 1488 1483
f 1483 1484 1485
f 1486 1487 1483
f 1483 1485 1486
f 1489 1490 1492
f 1492 1490 1491
f 1493 1494 1496
f 1496 1494 1495
f 1497 1498 1500
f 1500 1498 1499
f 1501 1502 1504
f 1504 1502 1503
f 1505 1506 1508
f 1508 1506 1507
f 1509 1510 1512
f 1512 1510 1511
f 1513 1514 1516
f 1516 1514 1515
f 1517 1518 1520
f 1520 1518 1519
f 1521 1522 1524
f 1524 1522 1523
f 1525 1526 1528
f 1528 1526 1527
f 1529 1530 1532
f 1532 1530 1531
f 1533 1534 1536
f 1536 1534 1535
f 1537 1538 1540
f 1540 1538 1539
f 1541 1542 1544
f 1544 1542 1543
f 1545 1546 1548
f 1548 1546 1547
f 1549 1550 1552
f 1552 1550 1551
f 1553 1554 1556
f 1556 1554 1555
f 1557 1558 1560
f 1560 1558 1559
f 1561 1562 1564
f 1564 1562 1563
f 1565 1566 1568
f 1568 1566 1567
f 1569 1570 1572
f 1572 1570 1571
f 1573 1574 1576
f 1576 1574 1575
f 1577 1578 1580
f 1580 1578 1579
f 1581 1582 1584
f 1584 1582 1583
f 1585 1586 1588
f 1588 1586 1587
f 1589 1590 1592
f 1592 1590 1591
f 1593 1594 1596
f 1596 1594 1595
f 1597 1598 1600
f 1600 1598 1599
o item_92b0f140_1121918
v 20.760395 24.249501 -49.753274
v 20.743536 24.249501 -49.794948
v 20.511470 24.243856 -50.081383
v 19.704947 24.198269 -49.755505
v 19.986197 24.198269 -49.060255
v 20.792720 24.243856 -49.386133
v 20.422090 24.237781 -50.044190
v 20.511208 24.242818 -50.080199
v 20.742715 24.248450 -49.794456
v 20.759462 24.248450 -49.753058
v 20.791708 24.242818 -49.386803
v 20.702590 24.237781 -49.350794
v 20.702965 24.237781 -49.349867
v 19.987172 24.197322 -49.060649
v 19.705922 24.197322 -49.755899
v 20.421715 24.237781 -50.045117
v 20.425548 24.158890 -50.046666
v 20.421715 24.237781 -50.045117
v 19.705922 24.197322 -49.755899
v 19.709638 24.120843 -49.757400
v 19.726741 24.141329 -49.764311
v 19.727429 24.140660 -49.764589
v 19.708829 24.118379 -49.757074
v 19.704947 24.198269 -49.755505
v 20.511470 24.243856 -50.081383
v 20.515352 24.163966 -50.082952
v 19.990888 24.120843 -49.062150
v 19.987172 24.197322 -49.060649
v 20.702965 24.237781 -49.349867
v 20.706798 24.158890 -49.351416
v 20.796602 24.163966 -49.387702
v 20.792720 24.243856 -49.386133
v 19.986197 24.198269 -49.060255
v 19.990079 24.118379 -49.061824
v 20.008679 24.140660 -49.069339
v 20.007991 24.141329 -49.069061
v 20.422090 24.237781 -50.044190
v 20.421715 24.237781 -50.045117
v 20.425548 24.158890 -50.046666
v 20.432470 24.180061 -50.026598
v 20.432170 24.180767 -50.027240
v 20.425806 24.161301 -50.045692
v 20.706306 24.161301 -49.352296
v 20.698050 24.180767 -49.369984
v 20.697820 24.180061 -49.370653
v 20.706798 24.158890 -49.351416
v 20.702965 24.237781 -49.349867
v 20.702590 24.237781 -49.350794
v 20.422090 24.237781 -50.044190
v 20.425806 24.161301 -50.045692
v 20.514925 24.166338 -50.081701
v 20.511208 24.242818 -50.080199
v 20.425806 24.161301 -50.045692
v 20.432170 24.180767 -50.027240
v 20.507936 24.185050 -50.057853
v 20.514925 24.166338 -50.081701
v 20.432170 24.180767 -50.027240
v 20.432470 24.180061 -50.026598
v 20.507751 24.184316 -50.057016
v 20.507936 24.185050 -50.057853
v 20.515352 24.163966 -50.082952
v 20.507751 24.184316 -50.057016
v 20.432470 24.180061 -50.026598
v 20.425548 24.158890 -50.046666
v 20.511208 24.242818 -50.080199
v 20.514925 24.166338 -50.081701
v 20.746431 24.171970 -49.795957
v 20.742715 24.248450 -49.794456
v 20.728531 24.190416 -49.785580
v 20.746431 24.171970 -49.795957
v 20.514925 24.166338 -50.081701
v 20.507936 24.185050 -50.057853
v 20.727949 24.189673 -49.785230
v 20.728531 24.190416 -49.785580
v 20.507936 24.185050 -50.057853
v 20.507751 24.184316 -50.057016
v 20.507751 24.184316 -50.057016
v 20.515352 24.163966 -50.082952
v 20.747419 24.169611 -49.796517
v 20.727949 24.189673 -49.785230
v 20.515352 24.163966 -50.082952
v 20.511470 24.243856 -50.081383
v 20.743536 24.249501 -49.794948
v 20.747419 24.169611 -49.796517
v 20.742715 24.248450 -49.794456
v 20.746431 24.171970 -49.795957
v 20.763178 24.171970 -49.754559
v 20.759462 24.248450 -49.753058
v 20.746431 24.171970 -49.795957
v 20.728531 24.190416 -49.785580
v 20.743090 24.190416 -49.749588
v 20.763178 24.171970 -49.754559
v 20.728531 24.190416 -49.785580
v 20.727949 24.189673 -49.785230
v 20.742429 24.189673 -49.749435
v 20.743090 24.190416 -49.749588
v 20.727949 24.189673 -49.785230
v 20.747419 24.169611 -49.796517
v 20.764277 24.169611 -49.754843
v 20.742429 24.189673 -49.749435
v 20.747419 24.169611 -49.796517
v 20.743536 24.249501 -49.794948
v 20.760395 24.249501 -49.753274
v 20.764277 24.169611 -49.754843
v 20.759462 24.248450 -49.753058
v 20.763178 24.171970 -49.754559
v 20.795425 24.166338 -49.388305
v 20.791708 24.242818 -49.386803
v 20.763178 24.171970 -49.754559
v 20.743090 24.190416 -49.749588
v 20.773817 24.185050 -49.400597
v 20.795425 24.166338 -49.388305
v 20.743090 24.190416 -49.749588
v 20.742429 24.189673 -49.749435
v 20.773101 24.184316 -49.401071
v 20.773817 24.185050 -49.400597
v 20.796602 24.163966 -49.387702
v 20.773101 24.184316 -49.401071
v 20.742429 24.189673 -49.749435
v 20.764277 24.169611 -49.754843
v 20.792720 24.243856 -49.386133
v 20.796602 24.163966 -49.387702
v 20.764277 24.169611 -49.754843
v 20.760395 24.249501 -49.753274
v 20.706306 24.161301 -49.352296
v 20.702590 24.237781 -49.350794
v 20.791708 24.242818 -49.386803
v 20.795425 24.166338 -49.388305
v 20.698050 24.180767 -49.369984
v 20.706306 24.161301 -49.352296
v 20.795425 24.166338 -49.388305
v 20.773817 24.185050 -49.400597
v 20.697820 24.180061 -49.370653
v 20.698050 24.180767 -49.369984
v 20.773817 24.185050 -49.400597
v 20.773101 24.184316 -49.401071
v 20.773101 24.184316 -49.401071
v 20.796602 24.163966 -49.387702
v 20.706798 24.158890 -49.351416
v 20.697820 24.180061 -49.370653
v 19.704947 24.198269 -49.755505
v 19.708829 24.118379 -49.757074
v 19.990079 24.118379 -49.061824
v 19.986197 24.198269 -49.060255
v 19.708829 24.118379 -49.757074
v 19.727429 24.140660 -49.764589
v 20.008679 24.140660 -49.069339
v 19.990079 24.118379 -49.061824
v 19.727429 24.140660 -49.764589
v 19.726741 24.141329 -49.764311
v 20.007991 24.141329 -49.069061
v 20.008679 24.140660 -49.069339
v 19.726741 24.141329 -49.764311
v 19.709638 24.120843 -49.757400
v 19.990888 24.120843 -49.062150
v 20.007991 24.141329 -49.069061
v 19.709638 24.120843 -49.757400
v 19.705922 24.197322 -49.755899
v 19.987172 24.197322 -49.060649
v 19.990888 24.120843 -49.062150
f 1605 1606 1601
f 1601 1602 1603
f 1603 1604 1605
f 1605 1601 1603
f 1615 1616 1607
f 1607 1608 1609
f 1609 1610 1611
f 1612 1613 1614
f 1614 1615 1607
f 1607 1609 1611
f 1612 1614 1607
f 1607 1611 1612
f 1625 1626 1617
f 1620 1621 1622
f 1625 1617 1618
f 1620 1622 1623
f 1624 1625 1618
f 1619 1620 1623
f 1624 1618 1619
f 1619 1623 1624
f 1635 1636 1627
f 1629 1630 1631
f 1634 1635 1627
f 1629 1631 1632
f 1633 1634 1627
f 1628 1629 1632
f 1633 1627 1628
f 1628 1632 1633
f 1642 1637 1638
f 1639 1640 1641
f 1642 1638 1639
f 1639 1641 1642
f 1647 1648 1643
f 1643 1644 1645
f 1646 1647 1643
f 1643 1645 1646
f 1649 1650 1652
f 1652 1650 1651
f 1653 1654 1656
f 1656 1654 1655
f 1657 1658 1660
f 1660 1658 1659
f 1661 1662 1664
f 1664 1662 1663
f 1665 1666 1668
f 1668 1666 1667
f 1669 1670 1672
f 1672 1670 1671
f 1673 1674 1676
f 1676 1674 1675
f 1677 1678 1680
f 1680 1678 1679
f 1681 1682 1684
f 1684 1682 1683
f 1685 1686 1688
f 1688 1686 1687
f 1689 1690 1692
f 1692 1690 1691
f 1693 1694 1696
f 1696 1694 1695
f 1697 1698 1700
f 1700 1698 1699
f 1701 1702 1704
f 1704 1702 1703
f 1705 1706 1708
f 1708 1706 1707
f 1709 1710 1712
f 1712 1710 1711
f 1713 1714 1716
f 1716 1714 1715
f 1717 1718 1720
f 1720 1718 1719
f 1721 1722 1724
f 1724 1722 1723
f 1725 1726 1728
f 1728 1726 1727
f 1729 1730 1732
f 1732 1730 1731
f 1733 1734 1736
f 1736 1734 1735
f 1737 1738 1740
f 1740 1738 1739
f 1741 1742 1744
f 1744 1742 1743
f 1745 1746 1748
f 1748 1746 1747
f 1749 1750 1752
f 1752 1750 1751
f 1753 1754 1756
f 1756 1754 1755
f 1757 1758 1760
f 1760 1758 1759
o item_92b0f140_1121892
v 19.823825 24.249501 -52.071214
v 19.806966 24.249501 -52.112888
v 19.574900 24.243856 -52.399323
v 18.768377 24.198269 -52.073445
v 19.049627 24.198269 -51.378195
v 19.856150 24.243856 -51.704073
v 19.485520 24.237781 -52.362130
v 19.574638 24.242818 -52.398139
v 19.806145 24.248450 -52.112396
v 19.822892 24.248450 -52.070998
v 19.855138 24.242818 -51.704743
v 19.766020 24.237781 -51.668734
v 19.766395 24.237781 -51.667807
v 19.050602 24.197322 -51.378589
v 18.769352 24.197322 -52.073839
v 19.485145 24.237781 -52.363057
v 19.488978 24.158890 -52.364606
v 19.485145 24.237781 -52.363057
v 18.769352 24.197322 -52.073839
v 18.773068 24.120843 -52.075340
v 18.790171 24.141329 -52.082251
v 18.790859 24.140660 -52.082529
v 18.772259 24.118379 -52.075014
v 18.768377 24.198269 -52.073445
v 19.574900 24.243856 -52.399323
v 19.578782 24.163966 -52.400892
v 19.054318 24.120843 -51.380090
v 19.050602 24.197322 -51.378589
v 19.766395 24.237781 -51.667807
v 19.770228 24.158890 -51.669356
v 19.860032 24.163966 -51.705642
v 19.856150 24.243856 -51.704073
v 19.049627 24.198269 -51.378195
v 19.053509 24.118379 -51.379764
v 19.072109 24.140660 -51.387279
v 19.071421 24.141329 -51.387001
v 19.485520 24.237781 -52.362130
v 19.485145 24.237781 -52.363057
v 19.488978 24.158890 -52.364606
v 19.495900 24.180061 -52.344538
v 19.495600 24.180767 -52.345180
v 19.489236 24.161301 -52.363632
v 19.769736 24.161301 -51.670236
v 19.761480 24.180767 -51.687924
v 19.761250 24.180061 -51.688593
v 19.770228 24.158890 -51.669356
v 19.766395 24.237781 -51.667807
v 19.766020 24.237781 -51.668734
v 19.485520 24.237781 -52.362130
v 19.489236 24.161301 -52.363632
v 19.578355 24.166338 -52.399641
v 19.574638 24.242818 -52.398139
v 19.489236 24.161301 -52.363632
v 19.495600 24.180767 -52.345180
v 19.571366 24.185050 -52.375793
v 19.578355 24.166338 -52.399641
v 19.495600 24.180767 -52.345180
v 19.495900 24.180061 -52.344538
v 19.571181 24.184316 -52.374956
v 19.571366 24.185050 -52.375793
v 19.578782 24.163966 -52.400892
v 19.571181 24.184316 -52.374956
v 19.495900 24.180061 -52.344538
v 19.488978 24.158890 -52.364606
v 19.574638 24.242818 -52.398139
v 19.578355 24.166338 -52.399641
v 19.809861 24.171970 -52.113897
v 19.806145 24.248450 -52.112396
v 19.791961 24.190416 -52.103520
v 19.809861 24.171970 -52.113897
v 19.578355 24.166338 -52.399641
v 19.571366 24.185050 -52.375793
v 19.791379 24.189673 -52.103170
v 19.791961 24.190416 -52.103520
v 19.571366 24.185050 -52.375793
v 19.571181 24.184316 -52.374956
v 19.571181 24.184316 -52.374956
v 19.578782 24.163966 -52.400892
v 19.810849 24.169611 -52.114457
v 19.791379 24.189673 -52.103170
v 19.578782 24.163966 -52.400892
v 19.574900 24.243856 -52.399323
v 19.806966 24.249501 -52.112888
v 19.810849 24.169611 -52.114457
v 19.806145 24.248450 -52.112396
v 19.809861 24.171970 -52.113897
v 19.826608 24.171970 -52.072499
v 19.822892 24.248450 -52.070998
v 19.809861 24.171970 -52.113897
v 19.791961 24.190416 -52.103520
v 19.806520 24.190416 -52.067528
v 19.826608 24.171970 -52.072499
v 19.791961 24.190416 -52.103520
v 19.791379 24.189673 -52.103170
v 19.805859 24.189673 -52.067375
v 19.806520 24.190416 -52.067528
v 19.791379 24.189673 -52.103170
v 19.810849 24.169611 -52.114457
v 19.827707 24.169611 -52.072783
v 19.805859 24.189673 -52.067375
v 19.810849 24.169611 -52.114457
v 19.806966 24.249501 -52.112888
v 19.823825 24.249501 -52.071214
v 19.827707 24.169611 -52.072783
v 19.822892 24.248450 -52.070998
v 19.826608 24.171970 -52.072499
v 19.858855 24.166338 -51.706245
v 19.855138 24.242818 -51.704743
v 19.826608 24.171970 -52.072499
v 19.806520 24.190416 -52.067528
v 19.837247 24.185050 -51.718537
v 19.858855 24.166338 -51.706245
v 19.806520 24.190416 -52.067528
v 19.805859 24.189673 -52.067375
v 19.836531 24.184316 -51.719011
v 19.837247 24.185050 -51.718537
v 19.860032 24.163966 -51.705642
v 19.836531 24.184316 -51.719011
v 19.805859 24.189673 -52.067375
v 19.827707 24.169611 -52.072783
v 19.856150 24.243856 -51.704073
v 19.860032 24.163966 -51.705642
v 19.827707 24.169611 -52.072783
v 19.823825 24.249501 -52.071214
v 19.769736 24.161301 -51.670236
v 19.766020 24.237781 -51.668734
v 19.855138 24.242818 -51.704743
v 19.858855 24.166338 -51.706245
v 19.761480 24.180767 -51.687924
v 19.769736 24.161301 -51.670236
v 19.858855 24.166338 -51.706245
v 19.837247 24.185050 -51.718537
v 19.761250 24.180061 -51.688593
v 19.761480 24.180767 -51.687924
v 19.837247 24.185050 -51.718537
v 19.836531 24.184316 -51.719011
v 19.836531 24.184316 -51.719011
v 19.860032 24.163966 -51.705642
v 19.770228 24.158890 -51.669356
v 19.761250 24.180061 -51.688593
v 18.768377 24.198269 -52.073445
v 18.772259 24.118379 -52.075014
v 19.053509 24.118379 -51.379764
v 19.049627 24.198269 -51.378195
v 18.772259 24.118379 -52.075014
v 18.790859 24.140660 -52.082529
v 19.072109 24.140660 -51.387279
v 19.053509 24.118379 -51.379764
v 18.790859 24.140660 -52.082529
v 18.790171 24.141329 -52.082251
v 19.071421 24.141329 -51.387001
v 19.072109 24.140660 -51.387279
v 18.790171 24.141329 -52.082251
v 18.773068 24.120843 -52.075340
v 19.054318 24.120843 -51.380090
v 19.071421 24.141329 -51.387001
v 18.773068 24.120843 -52.075340
v 18.769352 24.197322 -52.073839
v 19.050602 24.197322 -51.378589
v 19.054318 24.120843 -51.380090
f 1765 1766 1761
f 1761 1762 1763
f 1763 1764 1765
f 1765 1761 1763
f 1775 1776 1767
f 1767 1768 1769
f 1769 1770 1771
f 1772 1773 1774
f 1774 1775 1767
f 1767 1769 1771
f 1772 1774 1767
f 1767 1771 1772
f 1785 1786 1777
f 1780 1781 1782
f 1785 1777 1778
f 1780 1782 1783
f 1784 1785 1778
f 1779 1780 1783
f 1784 1778 1779
f 1779 1783 1784
f 1795 1796 1787
f 1789 1790 1791
f 1794 1795 1787
f 1789 1791 1792
f 1793 1794 1787
f 1788 1789 1792
f 1793 1787 1788
f 1788 1792 1793
f 1802 1797 1798
f 1799 1800 1801
f 1802 1798 1799
f 1799 1801 1802
f 1807 1808 1803
f 1803 1804 1805
f 1806 1807 1803
f 1803 1805 1806
f 1809 1810 1812
f 1812 1810 1811
f 1813 1814 1816
f 1816 1814 1815
f 1817 1818 1820
f 1820 1818 1819
f 1821 1822 1824
f 1824 1822 1823
f 1825 1826 1828
f 1828 1826 1827
f 1829 1830 1832
f 1832 1830 1831
f 1833 1834 1836
f 1836 1834 1835
f 1837 1838 1840
f 1840 1838 1839
f 1841 1842 1844
f 1844 1842 1843
f 1845 1846 1848
f 1848 1846 1847
f 1849 1850 1852
f 1852 1850 1851
f 1853 1854 1856
f 1856 1854 1855
f 1857 1858 1860
f 1860 1858 1859
f 1861 1862 1864
f 1864 1862 1863
f 1865 1866 1868
f 1868 1866 1867
f 1869 1870 1872
f 1872 1870 1871
f 1873 1874 1876
f 1876 1874 1875
f 1877 1878 1880
f 1880 1878 1879
f 1881 1882 1884
f 1884 1882 1883
f 1885 1886 1888
f 1888 1886 1887
f 1889 1890 1892
f 1892 1890 1891
f 1893 1894 1896
f 1896 1894 1895
f 1897 1898 1900
f 1900 1898 1899
f 1901 1902 1904
f 1904 1902 1903
f 1905 1906 1908
f 1908 1906 1907
f 1909 1910 1912
f 1912 1910 1911
f 1913 1914 1916
f 1916 1914 1915
f 1917 1918 1920
f 1920 1918 1919
o item_92b0f140_1121509
v 18.887265 24.249501 -54.389154
v 18.870406 24.249501 -54.430828
v 18.638340 24.243856 -54.717263
v 17.831817 24.198269 -54.391385
v 18.113067 24.198269 -53.696135
v 18.919590 24.243856 -54.022013
v 18.548960 24.237781 -54.680070
v 18.638078 24.242818 -54.716079
v 18.869585 24.248450 -54.430336
v 18.886332 24.248450 -54.388938
v 18.918578 24.242818 -54.022683
v 18.829460 24.237781 -53.986674
v 18.829835 24.237781 -53.985747
v 18.114042 24.197322 -53.696529
v 17.832792 24.197322 -54.391779
v 18.548585 24.237781 -54.680997
v 18.552418 24.158890 -54.682546
v 18.548585 24.237781 -54.680997
v 17.832792 24.197322 -54.391779
v 17.836508 24.120843 -54.393280
v 17.853611 24.141329 -54.400191
v 17.854299 24.140660 -54.400469
v 17.835699 24.118379 -54.392954
v 17.831817 24.198269 -54.391385
v 18.638340 24.243856 -54.717263
v 18.642222 24.163966 -54.718832
v 18.117758 24.120843 -53.698030
v 18.114042 24.197322 -53.696529
v 18.829835 24.237781 -53.985747
v 18.833668 24.158890 -53.987296
v 18.923472 24.163966 -54.023582
v 18.919590 24.243856 -54.022013
v 18.113067 24.198269 -53.696135
v 18.116949 24.118379 -53.697704
v 18.135549 24.140660 -53.705219
v 18.134861 24.141329 -53.704941
v 18.548960 24.237781 -54.680070
v 18.548585 24.237781 -54.680997
v 18.552418 24.158890 -54.682546
v 18.559340 24.180061 -54.662478
v 18.559040 24.180767 -54.663120
v 18.552676 24.161301 -54.681572
v 18.833176 24.161301 -53.988176
v 18.824920 24.180767 -54.005864
v 18.824690 24.180061 -54.006533
v 18.833668 24.158890 -53.987296
v 18.829835 24.237781 -53.985747
v 18.829460 24.237781 -53.986674
v 18.548960 24.237781 -54.680070
v 18.552676 24.161301 -54.681572
v 18.641795 24.166338 -54.717581
v 18.638078 24.242818 -54.716079
v 18.552676 24.161301 -54.681572
v 18.559040 24.180767 -54.663120
v 18.634806 24.185050 -54.693733
v 18.641795 24.166338 -54.717581
v 18.559040 24.180767 -54.663120
v 18.559340 24.180061 -54.662478
v 18.634621 24.184316 -54.692896
v 18.634806 24.185050 -54.693733
v 18.642222 24.163966 -54.718832
v 18.634621 24.184316 -54.692896
v 18.559340 24.180061 -54.662478
v 18.552418 24.158890 -54.682546
v 18.638078 24.242818 -54.716079
v 18.641795 24.166338 -54.717581
v 18.873301 24.171970 -54.431837
v 18.869585 24.248450 -54.430336
v 18.855401 24.190416 -54.421460
v 18.873301 24.171970 -54.431837
v 18.641795 24.166338 -54.717581
v 18.634806 24.185050 -54.693733
v 18.854819 24.189673 -54.421110
v 18.855401 24.190416 -54.421460
v 18.634806 24.185050 -54.693733
v 18.634621 24.184316 -54.692896
v 18.634621 24.184316 -54.692896
v 18.642222 24.163966 -54.718832
v 18.874289 24.169611 -54.432397
v 18.854819 24.189673 -54.421110
v 18.642222 24.163966 -54.718832
v 18.638340 24.243856 -54.717263
v 18.870406 24.249501 -54.430828
v 18.874289 24.169611 -54.432397
v 18.869585 24.248450 -54.430336
v 18.873301 24.171970 -54.431837
v 18.890048 24.171970 -54.390439
v 18.886332 24.248450 -54.388938
v 18.873301 24.171970 -54.431837
v 18.855401 24.190416 -54.421460
v 18.869960 24.190416 -54.385468
v 18.890048 24.171970 -54.390439
v 18.855401 24.190416 -54.421460
v 18.854819 24.189673 -54.421110
v 18.869299 24.189673 -54.385315
v 18.869960 24.190416 -54.385468
v 18.854819 24.189673 -54.421110
v 18.874289 24.169611 -54.432397
v 18.891147 24.169611 -54.390723
v 18.869299 24.189673 -54.385315
v 18.874289 24.169611 -54.432397
v 18.870406 24.249501 -54.430828
v 18.887265 24.249501 -54.389154
v 18.891147 24.169611 -54.390723
v 18.886332 24.248450 -54.388938
v 18.890048 24.171970 -54.390439
v 18.922295 24.166338 -54.024185
v 18.918578 24.242818 -54.022683
v 18.890048 24.171970 -54.390439
v 18.869960 24.190416 -54.385468
v 18.900687 24.185050 -54.036477
v 18.922295 24.166338 -54.024185
v 18.869960 24.190416 -54.385468
v 18.869299 24.189673 -54.385315
v 18.899971 24.184316 -54.036951
v 18.900687 24.185050 -54.036477
v 18.923472 24.163966 -54.023582
v 18.899971 24.184316 -54.036951
v 18.869299 24.189673 -54.385315
v 18.891147 24.169611 -54.390723
v 18.919590 24.243856 -54.022013
v 18.923472 24.163966 -54.023582
v 18.891147 24.169611 -54.390723
v 18.887265 24.249501 -54.389154
v 18.833176 24.161301 -53.988176
v 18.829460 24.237781 -53.986674
v 18.918578 24.242818 -54.022683
v 18.922295 24.166338 -54.024185
v 18.824920 24.180767 -54.005864
v 18.833176 24.161301 -53.988176
v 18.922295 24.166338 -54.024185
v 18.900687 24.185050 -54.036477
v 18.824690 24.180061 -54.006533
v 18.824920 24.180767 -54.005864
v 18.900687 24.185050 -54.036477
v 18.899971 24.184316 -54.036951
v 18.899971 24.184316 -54.036951
v 18.923472 24.163966 -54.023582
v 18.833668 24.158890 -53.987296
v 18.824690 24.180061 -54.006533
v 17.831817 24.198269 -54.391385
v 17.835699 24.118379 -54.392954
v 18.116949 24.118379 -53.697704
v 18.113067 24.198269 -53.696135
v 17.835699 24.118379 -54.392954
v 17.854299 24.140660 -54.400469
v 18.135549 24.140660 -53.705219
v 18.116949 24.118379 -53.697704
v 17.854299 24.140660 -54.400469
v 17.853611 24.141329 -54.400191
v 18.134861 24.141329 -53.704941
v 18.135549 24.140660 -53.705219
v 17.853611 24.141329 -54.400191
v 17.836508 24.120843 -54.393280
v 18.117758 24.120843 -53.698030
v 18.134861 24.141329 -53.704941
v 17.836508 24.120843 -54.393280
v 17.832792 24.197322 -54.391779
v 18.114042 24.197322 -53.696529
v 18.117758 24.120843 -53.698030
f 1925 1926 1921
f 1921 1922 1923
f 1923 1924 1925
f 1925 1921 1923
f 1935 1936 1927
f 1927 1928 1929
f 1929 1930 1931
f 1932 1933 1934
f 1934 1935 1927
f 1927 1929 1931
f 1932 1934 1927
f 1927 1931 1932
f 1945 1946 1937
f 1940 1941 1942
f 1945 1937 1938
f 1940 1942 1943
f 1944 1945 1938
f 1939 1940 1943
f 1944 1938 1939
f 1939 1943 1944
f 1955 1956 1947
f 1949 1950 1951
f 1954 1955 1947
f 1949 1951 1952
f 1953 1954 1947
f 1948 1949 1952
f 1953 1947 1948
f 1948 1952 1953
f 1962 1957 1958
f 1959 1960 1961
f 1962 1958 1959
f 1959 1961 1962
f 1967 1968 1963
f 1963 1964 1965
f 1966 1967 1963
f 1963 1965 1966
f 1969 1970 1972
f 1972 1970 1971
f 1973 1974 1976
f 1976 1974 1975
f 1977 1978 1980
f 1980 1978 1979
f 1981 1982 1984
f 1984 1982 1983
f 1985 1986 1988
f 1988 1986 1987
f 1989 1990 1992
f 1992 1990 1991
f 1993 1994 1996
f 1996 1994 1995
f 1997 1998 2000
f 2000 1998 1999
f 2001 2002 2004
f 2004 2002 2003
f 2005 2006 2008
f 2008 2006 2007
f 2009 2010 2012
f 2012 2010 2011
f 2013 2014 2016
f 2016 2014 2015
f 2017 2018 2020
f 2020 2018 2019
f 2021 2022 2024
f 2024 2022 2023
f 2025 2026 2028
f 2028 2026 2027
f 2029 2030 2032
f 2032 2030 2031
f 2033 2034 2036
f 2036 2034 2035
f 2037 2038 2040
f 2040 2038 2039
f 2041 2042 2044
f 2044 2042 2043
f 2045 2046 2048
f 2048 2046 2047
f 2049 2050 2052
f 2052 2050 2051
f 2053 2054 2056
f 2056 2054 2055
f 2057 2058 2060
f 2060 2058 2059
f 2061 2062 2064
f 2064 2062 2063
f 2065 2066 2068
f 2068 2066 2067
f 2069 2070 2072
f 2072 2070 2071
f 2073 2074 2076
f 2076 2074 2075
f 2077 2078 2080
f 2080 2078 2079
o item_92b0f140_1121483
v 14.962686 24.249501 -55.843645
v 14.921012 24.249501 -55.826786
v 14.634577 24.243856 -55.594720
v 14.960455 24.198269 -54.788197
v 15.655705 24.198269 -55.069447
v 15.329827 24.243856 -55.875970
v 14.671770 24.237781 -55.505340
v 14.635761 24.242818 -55.594458
v 14.921504 24.248450 -55.825965
v 14.962902 24.248450 -55.842712
v 15.329157 24.242818 -55.874958
v 15.365166 24.237781 -55.785840
v 15.366093 24.237781 -55.786215
v 15.655311 24.197322 -55.070422
v 14.960061 24.197322 -54.789172
v 14.670843 24.237781 -55.504965
v 14.669294 24.158890 -55.508798
v 14.670843 24.237781 -55.504965
v 14.960061 24.197322 -54.789172
v 14.958560 24.120843 -54.792888
v 14.951649 24.141329 -54.809991
v 14.951371 24.140660 -54.810679
v 14.958886 24.118379 -54.792079
v 14.960455 24.198269 -54.788197
v 14.634577 24.243856 -55.594720
v 14.633008 24.163966 -55.598602
v 15.653810 24.120843 -55.074138
v 15.655311 24.197322 -55.070422
v 15.366093 24.237781 -55.786215
v 15.364544 24.158890 -55.790048
v 15.328258 24.163966 -55.879852
v 15.329827 24.243856 -55.875970
v 15.655705 24.198269 -55.069447
v 15.654136 24.118379 -55.073329
v 15.646621 24.140660 -55.091929
v 15.646899 24.141329 -55.091241
v 14.671770 24.237781 -55.505340
v 14.670843 24.237781 -55.504965
v 14.669294 24.158890 -55.508798
v 14.689362 24.180061 -55.515720
v 14.688720 24.180767 -55.515420
v 14.670268 24.161301 -55.509056
v 15.363664 24.161301 -55.789556
v 15.345976 24.180767 -55.781300
v 15.345307 24.180061 -55.781070
v 15.364544 24.158890 -55.790048
v 15.366093 24.237781 -55.786215
v 15.365166 24.237781 -55.785840
v 14.671770 24.237781 -55.505340
v 14.670268 24.161301 -55.509056
v 14.634259 24.166338 -55.598175
v 14.635761 24.242818 -55.594458
v 14.670268 24.161301 -55.509056
v 14.688720 24.180767 -55.515420
v 14.658107 24.185050 -55.591186
v 14.634259 24.166338 -55.598175
v 14.688720 24.180767 -55.515420
v 14.689362 24.180061 -55.515720
v 14.658944 24.184316 -55.591001
v 14.658107 24.185050 -55.591186
v 14.633008 24.163966 -55.598602
v 14.658944 24.184316 -55.591001
v 14.689362 24.180061 -55.515720
v 14.669294 24.158890 -55.508798
v 14.635761 24.242818 -55.594458
v 14.634259 24.166338 -55.598175
v 14.920003 24.171970 -55.829681
v 14.921504 24.248450 -55.825965
v 14.930380 24.190416 -55.811781
v 14.920003 24.171970 -55.829681
v 14.634259 24.166338 -55.598175
v 14.658107 24.185050 -55.591186
v 14.930730 24.189673 -55.811199
v 14.930380 24.190416 -55.811781
v 14.658107 24.185050 -55.591186
v 14.658944 24.184316 -55.591001
v 14.658944 24.184316 -55.591001
v 14.633008 24.163966 -55.598602
v 14.919443 24.169611 -55.830669
v 14.930730 24.189673 -55.811199
v 14.633008 24.163966 -55.598602
v 14.634577 24.243856 -55.594720
v 14.921012 24.249501 -55.826786
v 14.919443 24.169611 -55.830669
v 14.921504 24.248450 -55.825965
v 14.920003 24.171970 -55.829681
v 14.961401 24.171970 -55.846428
v 14.962902 24.248450 -55.842712
v 14.920003 24.171970 -55.829681
v 14.930380 24.190416 -55.811781
v 14.966372 24.190416 -55.826340
v 14.961401 24.171970 -55.846428
v 14.930380 24.190416 -55.811781
v 14.930730 24.189673 -55.811199
v 14.966525 24.189673 -55.825679
v 14.966372 24.190416 -55.826340
v 14.930730 24.189673 -55.811199
v 14.919443 24.169611 -55.830669
v 14.961117 24.169611 -55.847527
v 14.966525 24.189673 -55.825679
v 14.919443 24.169611 -55.830669
v 14.921012 24.249501 -55.826786
v 14.962686 24.249501 -55.843645
v 14.961117 24.169611 -55.847527
v 14.962902 24.248450 -55.842712
v 14.961401 24.171970 -55.846428
v 15.327655 24.166338 -55.878675
v 15.329157 24.242818 -55.874958
v 14.961401 24.171970 -55.846428
v 14.966372 24.190416 -55.826340
v 15.315363 24.185050 -55.857067
v 15.327655 24.166338 -55.878675
v 14.966372 24.190416 -55.826340
v 14.966525 24.189673 -55.825679
v 15.314889 24.184316 -55.856351
v 15.315363 24.185050 -55.857067
v 15.328258 24.163966 -55.879852
v 15.314889 24.184316 -55.856351
v 14.966525 24.189673 -55.825679
v 14.961117 24.169611 -55.847527
v 15.329827 24.243856 -55.875970
v 15.328258 24.163966 -55.879852
v 14.961117 24.169611 -55.847527
v 14.962686 24.249501 -55.843645
v 15.363664 24.161301 -55.789556
v 15.365166 24.237781 -55.785840
v 15.329157 24.242818 -55.874958
v 15.327655 24.166338 -55.878675
v 15.345976 24.180767 -55.781300
v 15.363664 24.161301 -55.789556
v 15.327655 24.166338 -55.878675
v 15.315363 24.185050 -55.857067
v 15.345307 24.180061 -55.781070
v 15.345976 24.180767 -55.781300
v 15.315363 24.185050 -55.857067
v 15.314889 24.184316 -55.856351
v 15.314889 24.184316 -55.856351
v 15.328258 24.163966 -55.879852
v 15.364544 24.158890 -55.790048
v 15.345307 24.180061 -55.781070
v 14.960455 24.198269 -54.788197
v 14.958886 24.118379 -54.792079
v 15.654136 24.118379 -55.073329
v 15.655705 24.198269 -55.069447
v 14.958886 24.118379 -54.792079
v 14.951371 24.140660 -54.810679
v 15.646621 24.140660 -55.091929
v 15.654136 24.118379 -55.073329
v 14.951371 24.140660 -54.810679
v 14.951649 24.141329 -54.809991
v 15.646899 24.141329 -55.091241
v 15.646621 24.140660 -55.091929
v 14.951649 24.141329 -54.809991
v 14.958560 24.120843 -54.792888
v 15.653810 24.120843 -55.074138
v 15.646899 24.141329 -55.091241
v 14.958560 24.120843 -54.792888
v 14.960061 24.197322 -54.789172
v 15.655311 24.197322 -55.070422
v 15.653810 24.120843 -55.074138
f 2085 2086 2081
f 2081 2082 2083
f 2083 2084 2085
f 2085 2081 2083
f 2095 2096 2087
f 2087 2088 2089
f 2089 2090 2091
f 2092 2093 2094
f 2094 2095 2087
f 2087 2089 2091
f 2092 2094 2087
f 2087 2091 2092
f 2105 2106 2097
f 2100 2101 2102
f 2105 2097 2098
f 2100 2102 2103
f 2104 2105 2098
f 2099 2100 2103
f 2104 2098 2099
f 2099 2103 2104
f 2115 2116 2107
f 2109 2110 2111
f 2114 2115 2107
f 2109 2111 2112
f 2113 2114 2107
f 2108 2109 2112
f 2113 2107 2108
f 2108 2112 2113
f 2122 2117 2118
f 2119 2120 2121
f 2122 2118 2119
f 2119 2121 2122
f 2127 2128 2123
f 2123 2124 2125
f 2126 2127 2123
f 2123 2125 2126
f 2129 2130 2132
f 2132 2130 2131
f 2133 2134 2136
f 2136 2134 2135
f 2137 2138 2140
f 2140 2138 2139
f 2141 2142 2144
f 2144 2142 2143
f 2145 2146 2148
f 2148 2146 2147
f 2149 2150 2152
f 2152 2150 2151
f 2153 2154 2156
f 2156 2154 2155
f 2157 2158 2160
f 2160 2158 2159
f 2161 2162 2164
f 2164 2162 2163
f 2165 2166 2168
f 2168 2166 2167
f 2169 2170 2172
f 2172 2170 2171
f 2173 2174 2176
f 2176 2174 2175
f 2177 2178 2180
f 2180 2178 2179
f 2181 2182 2184
f 2184 2182 2183
f 2185 2186 2188
f 2188 2186 2187
f 2189 2190 2192
f 2192 2190 2191
f 2193 2194 2196
f 2196 2194 2195
f 2197 2198 2200
f 2200 2198 2199
f 2201 2202 2204
f 2204 2202 2203
f 2205 2206 2208
f 2208 2206 2207
f 2209 2210 2212
f 2212 2210 2211
f 2213 2214 2216
f 2216 2214 2215
f 2217 2218 2220
f 2220 2218 2219
f 2221 2222 2224
f 2224 2222 2223
f 2225 2226 2228
f 2228 2226 2227
f 2229 2230 2232
f 2232 2230 2231
f 2233 2234 2236
f 2236 2234 2235
f 2237 2238 2240
f 2240 2238 2239
o item_92b0f140_1121457
v 12.348056 24.249501 -54.787205
v 12.306382 24.249501 -54.770346
v 12.019947 24.243856 -54.538280
v 12.345825 24.198269 -53.731757
v 13.041075 24.198269 -54.013007
v 12.715197 24.243856 -54.819530
v 12.057140 24.237781 -54.448900
v 12.021131 24.242818 -54.538018
v 12.306874 24.248450 -54.769525
v 12.348272 24.248450 -54.786272
v 12.714527 24.242818 -54.818518
v 12.750536 24.237781 -54.729400
v 12.751463 24.237781 -54.729775
v 13.040681 24.197322 -54.013982
v 12.345431 24.197322 -53.732732
v 12.056213 24.237781 -54.448525
v 12.054664 24.158890 -54.452358
v 12.056213 24.237781 -54.448525
v 12.345431 24.197322 -53.732732
v 12.343930 24.120843 -53.736448
v 12.337019 24.141329 -53.753551
v 12.336741 24.140660 -53.754239
v 12.344256 24.118379 -53.735639
v 12.345825 24.198269 -53.731757
v 12.019947 24.243856 -54.538280
v 12.018378 24.163966 -54.542162
v 13.039180 24.120843 -54.017698
v 13.040681 24.197322 -54.013982
v 12.751463 24.237781 -54.729775
v 12.749914 24.158890 -54.733608
v 12.713628 24.163966 -54.823412
v 12.715197 24.243856 -54.819530
v 13.041075 24.198269 -54.013007
v 13.039506 24.118379 -54.016889
v 13.031991 24.140660 -54.035489
v 13.032269 24.141329 -54.034801
v 12.057140 24.237781 -54.448900
v 12.056213 24.237781 -54.448525
v 12.054664 24.158890 -54.452358
v 12.074732 24.180061 -54.459280
v 12.074090 24.180767 -54.458980
v 12.055638 24.161301 -54.452616
v 12.749034 24.161301 -54.733116
v 12.731346 24.180767 -54.724860
v 12.730677 24.180061 -54.724630
v 12.749914 24.158890 -54.733608
v 12.751463 24.237781 -54.729775
v 12.750536 24.237781 -54.729400
v 12.057140 24.237781 -54.448900
v 12.055638 24.161301 -54.452616
v 12.019629 24.166338 -54.541735
v 12.021131 24.242818 -54.538018
v 12.055638 24.161301 -54.452616
v 12.074090 24.180767 -54.458980
v 12.043477 24.185050 -54.534746
v 12.019629 24.166338 -54.541735
v 12.074090 24.180767 -54.458980
v 12.074732 24.180061 -54.459280
v 12.044314 24.184316 -54.534561
v 12.043477 24.185050 -54.534746
v 12.018378 24.163966 -54.542162
v 12.044314 24.184316 -54.534561
v 12.074732 24.180061 -54.459280
v 12.054664 24.158890 -54.452358
v 12.021131 24.242818 -54.538018
v 12.019629 24.166338 -54.541735
v 12.305373 24.171970 -54.773241
v 12.306874 24.248450 -54.769525
v 12.315750 24.190416 -54.755341
v 12.305373 24.171970 -54.773241
v 12.019629 24.166338 -54.541735
v 12.043477 24.185050 -54.534746
v 12.316100 24.189673 -54.754759
v 12.315750 24.190416 -54.755341
v 12.043477 24.185050 -54.534746
v 12.044314 24.184316 -54.534561
v 12.044314 24.184316 -54.534561
v 12.018378 24.163966 -54.542162
v 12.304813 24.169611 -54.774229
v 12.316100 24.189673 -54.754759
v 12.018378 24.163966 -54.542162
v 12.019947 24.243856 -54.538280
v 12.306382 24.249501 -54.770346
v 12.304813 24.169611 -54.774229
v 12.306874 24.248450 -54.769525
v 12.305373 24.171970 -54.773241
v 12.346771 24.171970 -54.789988
v 12.348272 24.248450 -54.786272
v 12.305373 24.171970 -54.773241
v 12.315750 24.190416 -54.755341
v 12.351742 24.190416 -54.769900
v 12.346771 24.171970 -54.789988
v 12.315750 24.190416 -54.755341
v 12.316100 24.189673 -54.754759
v 12.351895 24.189673 -54.769239
v 12.351742 24.190416 -54.769900
v 12.316100 24.189673 -54.754759
v 12.304813 24.169611 -54.774229
v 12.346487 24.169611 -54.791087
v 12.351895 24.189673 -54.769239
v 12.304813 24.169611 -54.774229
v 12.306382 24.249501 -54.770346
v 12.348056 24.249501 -54.787205
v 12.346487 24.169611 -54.791087
v 12.348272 24.248450 -54.786272
v 12.346771 24.171970 -54.789988
v 12.713025 24.166338 -54.822235
v 12.714527 24.242818 -54.818518
v 12.346771 24.171970 -54.789988
v 12.351742 24.190416 -54.769900
v 12.700733 24.185050 -54.800627
v 12.713025 24.166338 -54.822235
v 12.351742 24.190416 -54.769900
v 12.351895 24.189673 -54.769239
v 12.700259 24.184316 -54.799911
v 12.700733 24.185050 -54.800627
v 12.713628 24.163966 -54.823412
v 12.700259 24.184316 -54.799911
v 12.351895 24.189673 -54.769239
v 12.346487 24.169611 -54.791087
v 12.715197 24.243856 -54.819530
v 12.713628 24.163966 -54.823412
v 12.346487 24.169611 -54.791087
v 12.348056 24.249501 -54.787205
v 12.749034 24.161301 -54.733116
v 12.750536 24.237781 -54.729400
v 12.714527 24.242818 -54.818518
v 12.713025 24.166338 -54.822235
v 12.731346 24.180767 -54.724860
v 12.749034 24.161301 -54.733116
v 12.713025 24.166338 -54.822235
v 12.700733 24.185050 -54.800627
v 12.730677 24.180061 -54.724630
v 12.731346 24.180767 -54.724860
v 12.700733 24.185050 -54.800627
v 12.700259 24.184316 -54.799911
v 12.700259 24.184316 -54.799911
v 12.713628 24.163966 -54.823412
v 12.749914 24.158890 -54.733608
v 12.730677 24.180061 -54.724630
v 12.345825 24.198269 -53.731757
v 12.344256 24.118379 -53.735639
v 13.039506 24.118379 -54.016889
v 13.041075 24.198269 -54.013007
v 12.344256 24.118379 -53.735639
v 12.336741 24.140660 -53.754239
v 13.031991 24.140660 -54.035489
v 13.039506 24.118379 -54.016889
v 12.336741 24.140660 -53.754239
v 12.337019 24.141329 -53.753551
v 13.032269 24.141329 -54.034801
v 13.031991 24.140660 -54.035489
v 12.337019 24.141329 -53.753551
v 12.343930 24.120843 -53.736448
v 13.039180 24.120843 -54.017698
v 13.032269 24.141329 -54.034801
v 12.343930 24.120843 -53.736448
v 12.345431 24.197322 -53.732732
v 13.040681 24.197322 -54.013982
v 13.039180 24.120843 -54.017698
f 2245 2246 2241
f 2241 2242 2243
f 2243 2244 2245
f 2245 2241 2243
f 2255 2256 2247
f 2247 2248 2249
f 2249 2250 2251
f 2252 2253 2254
f 2254 2255 2247
f 2247 2249 2251
f 2252 2254 2247
f 2247 2251 2252
f 2265 2266 2257
f 2260 2261 2262
f 2265 2257 2258
f 2260 2262 2263
f 2264 2265 2258
f 2259 2260 2263
f 2264 2258 2259
f 2259 2263 2264
f 2275 2276 2267
f 2269 2270 2271
f 2274 2275 2267
f 2269 2271 2272
f 2273 2274 2267
f 2268 2269 2272
f 2273 2267 2268
f 2268 2272 2273
f 2282 2277 2278
f 2279 2280 2281
f 2282 2278 2279
f 2279 2281 2282
f 2287 2288 2283
f 2283 2284 2285
f 2286 2287 2283
f 2283 2285 2286
f 2289 2290 2292
f 2292 2290 2291
f 2293 2294 2296
f 2296 2294 2295
f 2297 2298 2300
f 2300 2298 2299
f 2301 2302 2304
f 2304 2302 2303
f 2305 2306 2308
f 2308 2306 2307
f 2309 2310 2312
f 2312 2310 2311
f 2313 2314 2316
f 2316 2314 2315
f 2317 2318 2320
f 2320 2318 2319
f 2321 2322 2324
f 2324 2322 2323
f 2325 2326 2328
f 2328 2326 2327
f 2329 2330 2332
f 2332 2330 2331
f 2333 2334 2336
f 2336 2334 2335
f 2337 2338 2340
f 2340 2338 2339
f 2341 2342 2344
f 2344 2342 2343
f 2345 2346 2348
f 2348 2346 2347
f 2349 2350 2352
f 2352 2350 2351
f 2353 2354 2356
f 2356 2354 2355
f 2357 2358 2360
f 2360 2358 2359
f 2361 2362 2364
f 2364 2362 2363
f 2365 2366 2368
f 2368 2366 2367
f 2369 2370 2372
f 2372 2370 2371
f 2373 2374 2376
f 2376 2374 2375
f 2377 2378 2380
f 2380 2378 2379
f 2381 2382 2384
f 2384 2382 2383
f 2385 2386 2388
f 2388 2386 2387
f 2389 2390 2392
f 2392 2390 2391
f 2393 2394 2396
f 2396 2394 2395
f 2397 2398 2400
f 2400 2398 2399
o item_92b0f140_1121405
v 7.230046 24.249501 -52.719265
v 7.188372 24.249501 -52.702406
v 6.901937 24.243856 -52.470340
v 7.227815 24.198269 -51.663817
v 7.923065 24.198269 -51.945067
v 7.597187 24.243856 -52.751590
v 6.939130 24.237781 -52.380960
v 6.903121 24.242818 -52.470078
v 7.188864 24.248450 -52.701585
v 7.230262 24.248450 -52.718332
v 7.596517 24.242818 -52.750578
v 7.632526 24.237781 -52.661460
v 7.633453 24.237781 -52.661835
v 7.922671 24.197322 -51.946042
v 7.227421 24.197322 -51.664792
v 6.938203 24.237781 -52.380585
v 6.936654 24.158890 -52.384418
v 6.938203 24.237781 -52.380585
v 7.227421 24.197322 -51.664792
v 7.225920 24.120843 -51.668508
v 7.219009 24.141329 -51.685611
v 7.218731 24.140660 -51.686299
v 7.226246 24.118379 -51.667699
v 7.227815 24.198269 -51.663817
v 6.901937 24.243856 -52.470340
v 6.900368 24.163966 -52.474222
v 7.921170 24.120843 -51.949758
v 7.922671 24.197322 -51.946042
v 7.633453 24.237781 -52.661835
v 7.631904 24.158890 -52.665668
v 7.595618 24.163966 -52.755472
v 7.597187 24.243856 -52.751590
v 7.923065 24.198269 -51.945067
v 7.921496 24.118379 -51.948949
v 7.913981 24.140660 -51.967549
v 7.914259 24.141329 -51.966861
v 6.939130 24.237781 -52.380960
v 6.938203 24.237781 -52.380585
v 6.936654 24.158890 -52.384418
v 6.956722 24.180061 -52.391340
v 6.956080 24.180767 -52.391040
v 6.937628 24.161301 -52.384676
v 7.631024 24.161301 -52.665176
v 7.613336 24.180767 -52.656920
v 7.612667 24.180061 -52.656690
v 7.631904 24.158890 -52.665668
v 7.633453 24.237781 -52.661835
v 7.632526 24.237781 -52.661460
v 6.939130 24.237781 -52.380960
v 6.937628 24.161301 -52.384676
v 6.901619 24.166338 -52.473795
v 6.903121 24.242818 -52.470078
v 6.937628 24.161301 -52.384676
v 6.956080 24.180767 -52.391040
v 6.925467 24.185050 -52.466806
v 6.901619 24.166338 -52.473795
v 6.956080 24.180767 -52.391040
v 6.956722 24.180061 -52.391340
v 6.926304 24.184316 -52.466621
v 6.925467 24.185050 -52.466806
v 6.900368 24.163966 -52.474222
v 6.926304 24.184316 -52.466621
v 6.956722 24.180061 -52.391340
v 6.936654 24.158890 -52.384418
v 6.903121 24.242818 -52.470078
v 6.901619 24.166338 -52.473795
v 7.187363 24.171970 -52.705301
v 7.188864 24.248450 -52.701585
v 7.197740 24.190416 -52.687401
v 7.187363 24.171970 -52.705301
v 6.901619 24.166338 -52.473795
v 6.925467 24.185050 -52.466806
v 7.198090 24.189673 -52.686819
v 7.197740 24.190416 -52.687401
v 6.925467 24.185050 -52.466806
v 6.926304 24.184316 -52.466621
v 6.926304 24.184316 -52.466621
v 6.900368 24.163966 -52.474222
v 7.186803 24.169611 -52.706289
v 7.198090 24.189673 -52.686819
v 6.900368 24.163966 -52.474222
v 6.901937 24.243856 -52.470340
v 7.188372 24.249501 -52.702406
v 7.186803 24.169611 -52.706289
v 7.188864 24.248450 -52.701585
v 7.187363 24.171970 -52.705301
v 7.228761 24.171970 -52.722048
v 7.230262 24.248450 -52.718332
v 7.187363 24.171970 -52.705301
v 7.197740 24.190416 -52.687401
v 7.233732 24.190416 -52.701960
v 7.228761 24.171970 -52.722048
v 7.197740 24.190416 -52.687401
v 7.198090 24.189673 -52.686819
v 7.233885 24.189673 -52.701299
v 7.233732 24.190416 -52.701960
v 7.198090 24.189673 -52.686819
v 7.186803 24.169611 -52.706289
v 7.228477 24.169611 -52.723147
v 7.233885 24.189673 -52.701299
v 7.186803 24.169611 -52.706289
v 7.188372 24.249501 -52.702406
v 7.230046 24.249501 -52.719265
v 7.228477 24.169611 -52.723147
v 7.230262 24.248450 -52.718332
v 7.228761 24.171970 -52.722048
v 7.595015 24.166338 -52.754295
v 7.596517 24.242818 -52.750578
v 7.228761 24.171970 -52.722048
v 7.233732 24.190416 -52.701960
v 7.582723 24.185050 -52.732687
v 7.595015 24.166338 -52.754295
v 7.233732 24.190416 -52.701960
v 7.233885 24.189673 -52.701299
v 7.582249 24.184316 -52.731971
v 7.582723 24.185050 -52.732687
v 7.595618 24.163966 -52.755472
v 7.582249 24.184316 -52.731971
v 7.233885 24.189673 -52.701299
v 7.228477 24.169611 -52.723147
v 7.597187 24.243856 -52.751590
v 7.595618 24.163966 -52.755472
v 7.228477 24.169611 -52.723147
v 7.230046 24.249501 -52.719265
v 7.631024 24.161301 -52.665176
v 7.632526 24.237781 -52.661460
v 7.596517 24.242818 -52.750578
v 7.595015 24.166338 -52.754295
v 7.613336 24.180767 -52.656920
v 7.631024 24.161301 -52.665176
v 7.595015 24.166338 -52.754295
v 7.582723 24.185050 -52.732687
v 7.612667 24.180061 -52.656690
v 7.613336 24.180767 -52.656920
v 7.582723 24.185050 -52.732687
v 7.582249 24.184316 -52.731971
v 7.582249 24.184316 -52.731971
v 7.595618 24.163966 -52.755472
v 7.631904 24.158890 -52.665668
v 7.612667 24.180061 -52.656690
v 7.227815 24.198269 -51.663817
v 7.226246 24.118379 -51.667699
v 7.921496 24.118379 -51.948949
v 7.923065 24.198269 -51.945067
v 7.226246 24.118379 -51.667699
v 7.218731 24.140660 -51.686299
v 7.913981 24.140660 -51.967549
v 7.921496 24.118379 -51.948949
v 7.218731 24.140660 -51.686299
v 7.219009 24.141329 -51.685611
v 7.914259 24.141329 -51.966861
v 7.913981 24.140660 -51.967549
v 7.219009 24.141329 -51.685611
v 7.225920 24.120843 -51.668508
v 7.921170 24.120843 -51.949758
v 7.914259 24.141329 -51.966861
v 7.225920 24.120843 -51.668508
v 7.227421 24.197322 -51.664792
v 7.922671 24.197322 -51.946042
v 7.921170 24.120843 -51.949758
f 2405 2406 2401
f 2401 2402 2403
f 2403 2404 2405
f 2405 2401 2403
f 2415 2416 2407
f 2407 2408 2409
f 2409 2410 2411
f 2412 2413 2414
f 2414 2415 2407
f 2407 2409 2411
f 2412 2414 2407
f 2407 2411 2412
f 2425 2426 2417
f 2420 2421 2422
f 2425 2417 2418
f 2420 2422 2423
f 2424 2425 2418
f 2419 2420 2423
f 2424 2418 2419
f 2419 2423 2424
f 2435 2436 2427
f 2429 2430 2431
f 2434 2435 2427
f 2429 2431 2432
f 2433 2434 2427
f 2428 2429 2432
f 2433 2427 2428
f 2428 2432 2433
f 2442 2437 2438
f 2439 2440 2441
f 2442 2438 2439
f 2439 2441 2442
f 2447 2448 2443
f 2443 2444 2445
f 2446 2447 2443
f 2443 2445 2446
f 2449 2450 2452
f 2452 2450 2451
f 2453 2454 2456
f 2456 2454 2455
f 2457 2458 2460
f 2460 2458 2459
f 2461 2462 2464
f 2464 2462 2463
f 2465 2466 2468
f 2468 2466 2467
f 2469 2470 2472
f 2472 2470 2471
f 2473 2474 2476
f 2476 2474 2475
f 2477 2478 2480
f 2480 2478 2479
f 2481 2482 2484
f 2484 2482 2483
f 2485 2486 2488
f 2488 2486 2487
f 2489 2490 2492
f 2492 2490 2491
f 2493 2494 2496
f 2496 2494 2495
f 2497 2498 2500
f 2500 2498 2499
f 2501 2502 2504
f 2504 2502 2503
f 2505 2506 2508
f 2508 2506 2507
f 2509 2510 2512
f 2512 2510 2511
f 2513 2514 2516
f 2516 2514 2515
f 2517 2518 2520
f 2520 2518 2519
f 2521 2522 2524
f 2524 2522 2523
f 2525 2526 2528
f 2528 2526 2527
f 2529 2530 2532
f 2532 2530 2531
f 2533 2534 2536
f 2536 2534 2535
f 2537 2538 2540
f 2540 2538 2539
f 2541 2542 2544
f 2544 2542 2543
f 2545 2546 2548
f 2548 2546 2547
f 2549 2550 2552
f 2552 2550 2551
f 2553 2554 2556
f 2556 2554 2555
f 2557 2558 2560
f 2560 2558 2559
o item_92b0f140_1121431
v 9.733416 24.249501 -53.730755
v 9.691742 24.249501 -53.713896
v 9.405307 24.243856 -53.481830
v 9.731185 24.198269 -52.675307
v 10.426435 24.198269 -52.956557
v 10.100557 24.243856 -53.763080
v 9.442500 24.237781 -53.392450
v 9.406491 24.242818 -53.481568
v 9.692234 24.248450 -53.713075
v 9.733632 24.248450 -53.729822
v 10.099887 24.242818 -53.762068
v 10.135896 24.237781 -53.672950
v 10.136823 24.237781 -53.673325
v 10.426041 24.197322 -52.957532
v 9.730791 24.197322 -52.676282
v 9.441573 24.237781 -53.392075
v 9.440024 24.158890 -53.395908
v 9.441573 24.237781 -53.392075
v 9.730791 24.197322 -52.676282
v 9.729290 24.120843 -52.679998
v 9.722379 24.141329 -52.697101
v 9.722101 24.140660 -52.697789
v 9.729616 24.118379 -52.679189
v 9.731185 24.198269 -52.675307
v 9.405307 24.243856 -53.481830
v 9.403738 24.163966 -53.485712
v 10.424540 24.120843 -52.961248
v 10.426041 24.197322 -52.957532
v 10.136823 24.237781 -53.673325
v 10.135274 24.158890 -53.677158
v 10.098988 24.163966 -53.766962
v 10.100557 24.243856 -53.763080
v 10.426435 24.198269 -52.956557
v 10.424866 24.118379 -52.960439
v 10.417351 24.140660 -52.979039
v 10.417629 24.141329 -52.978351
v 9.442500 24.237781 -53.392450
v 9.441573 24.237781 -53.392075
v 9.440024 24.158890 -53.395908
v 9.460092 24.180061 -53.402830
v 9.459450 24.180767 -53.402530
v 9.440998 24.161301 -53.396166
v 10.134394 24.161301 -53.676666
v 10.116706 24.180767 -53.668410
v 10.116037 24.180061 -53.668180
v 10.135274 24.158890 -53.677158
v 10.136823 24.237781 -53.673325
v 10.135896 24.237781 -53.672950
v 9.442500 24.237781 -53.392450
v 9.440998 24.161301 -53.396166
v 9.404989 24.166338 -53.485285
v 9.406491 24.242818 -53.481568
v 9.440998 24.161301 -53.396166
v 9.459450 24.180767 -53.402530
v 9.428837 24.185050 -53.478296
v 9.404989 24.166338 -53.485285
v 9.459450 24.180767 -53.402530
v 9.460092 24.180061 -53.402830
v 9.429674 24.184316 -53.478111
v 9.428837 24.185050 -53.478296
v 9.403738 24.163966 -53.485712
v 9.429674 24.184316 -53.478111
v 9.460092 24.180061 -53.402830
v 9.440024 24.158890 -53.395908
v 9.406491 24.242818 -53.481568
v 9.404989 24.166338 -53.485285
v 9.690733 24.171970 -53.716791
v 9.692234 24.248450 -53.713075
v 9.701110 24.190416 -53.698891
v 9.690733 24.171970 -53.716791
v 9.404989 24.166338 -53.485285
v 9.428837 24.185050 -53.478296
v 9.701460 24.189673 -53.698309
v 9.701110 24.190416 -53.698891
v 9.428837 24.185050 -53.478296
v 9.429674 24.184316 -53.478111
v 9.429674 24.184316 -53.478111
v 9.403738 24.163966 -53.485712
v 9.690173 24.169611 -53.717779
v 9.701460 24.189673 -53.698309
v 9.403738 24.163966 -53.485712
v 9.405307 24.243856 -53.481830
v 9.691742 24.249501 -53.713896
v 9.690173 24.169611 -53.717779
v 9.692234 24.248450 -53.713075
v 9.690733 24.171970 -53.716791
v 9.732131 24.171970 -53.733538
v 9.733632 24.248450 -53.729822
v 9.690733 24.171970 -53.716791
v 9.701110 24.190416 -53.698891
v 9.737102 24.190416 -53.713450
v 9.732131 24.171970 -53.733538
v 9.701110 24.190416 -53.698891
v 9.701460 24.189673 -53.698309
v 9.737255 24.189673 -53.712789
v 9.737102 24.190416 -53.713450
v 9.701460 24.189673 -53.698309
v 9.690173 24.169611 -53.717779
v 9.731847 24.169611 -53.734637
v 9.737255 24.189673 -53.712789
v 9.690173 24.169611 -53.717779
v 9.691742 24.249501 -53.713896
v 9.733416 24.249501 -53.730755
v 9.731847 24.169611 -53.734637
v 9.733632 24.248450 -53.729822
v 9.732131 24.171970 -53.733538
v 10.098385 24.166338 -53.765785
v 10.099887 24.242818 -53.762068
v 9.732131 24.171970 -53.733538
v 9.737102 24.190416 -53.713450
v 10.086093 24.185050 -53.744177
v 10.098385 24.166338 -53.765785
v 9.737102 24.190416 -53.713450
v 9.737255 24.189673 -53.712789
v 10.085619 24.184316 -53.743461
v 10.086093 24.185050 -53.744177
v 10.098988 24.163966 -53.766962
v 10.085619 24.184316 -53.743461
v 9.737255 24.189673 -53.712789
v 9.731847 24.169611 -53.734637
v 10.100557 24.243856 -53.763080
v 10.098988 24.163966 -53.766962
v 9.731847 24.169611 -53.734637
v 9.733416 24.249501 -53.730755
v 10.134394 24.161301 -53.676666
v 10.135896 24.237781 -53.672950
v 10.099887 24.242818 -53.762068
v 10.098385 24.166338 -53.765785
v 10.116706 24.180767 -53.668410
v 10.134394 24.161301 -53.676666
v 10.098385 24.166338 -53.765785
v 10.086093 24.185050 -53.744177
v 10.116037 24.180061 -53.668180
v 10.116706 24.180767 -53.668410
v 10.086093 24.185050 -53.744177
v 10.085619 24.184316 -53.743461
v 10.085619 24.184316 -53.743461
v 10.098988 24.163966 -53.766962
v 10.135274 24.158890 -53.677158
v 10.116037 24.180061 -53.668180
v 9.731185 24.198269 -52.675307
v 9.729616 24.118379 -52.679189
v 10.424866 24.118379 -52.960439
v 10.426435 24.198269 -52.956557
v 9.729616 24.118379 -52.679189
v 9.722101 24.140660 -52.697789
v 10.417351 24.140660 -52.979039
v 10.424866 24.118379 -52.960439
v 9.722101 24.140660 -52.697789
v 9.722379 24.141329 -52.697101
v 10.417629 24.141329 -52.978351
v 10.417351 24.140660 -52.979039
v 9.722379 24.141329 -52.697101
v 9.729290 24.120843 -52.679998
v 10.424540 24.120843 -52.961248
v 10.417629 24.141329 -52.978351
v 9.729290 24.120843 -52.679998
v 9.730791 24.197322 -52.676282
v 10.426041 24.197322 -52.957532
v 10.424540 24.120843 -52.961248
f 2565 2566 2561
f 2561 2562 2563
f 2563 2564 2565
f 2565 2561 2563
f 2575 2576 2567
f 2567 2568 2569
f 2569 2570 2571
f 2572 2573 2574
f 2574 2575 2567
f 2567 2569 2571
f 2572 2574 2567
f 2567 2571 2572
f 2585 2586 2577
f 2580 2581 2582
f 2585 2577 2578
f 2580 2582 2583
f 2584 2585 2578
f 2579 2580 2583
f 2584 2578 2579
f 2579 2583 2584
f 2595 2596 2587
f 2589 2590 2591
f 2594 2595 2587
f 2589 2591 2592
f 2593 2594 2587
f 2588 2589 2592
f 2593 2587 2588
f 2588 2592 2593
f 2602 2597 2598
f 2599 2600 2601
f 2602 2598 2599
f 2599 2601 2602
f 2607 2608 2603
f 2603 2604 2605
f 2606 2607 2603
f 2603 2605 2606
f 2609 2610 2612
f 2612 2610 2611
f 2613 2614 2616
f 2616 2614 2615
f 2617 2618 2620
f 2620 2618 2619
f 2621 2622 2624
f 2624 2622 2623
f 2625 2626 2628
f 2628 2626 2627
f 2629 2630 2632
f 2632 2630 2631
f 2633 2634 2636
f 2636 2634 2635
f 2637 2638 2640
f 2640 2638 2639
f 2641 2642 2644
f 2644 2642 2643
f 2645 2646 2648
f 2648 2646 2647
f 2649 2650 2652
f 2652 2650 2651
f 2653 2654 2656
f 2656 2654 2655
f 2657 2658 2660
f 2660 2658 2659
f 2661 2662 2664
f 2664 2662 2663
f 2665 2666 2668
f 2668 2666 2667
f 2669 2670 2672
f 2672 2670 2671
f 2673 2674 2676
f 2676 2674 2675
f 2677 2678 2680
f 2680 2678 2679
f 2681 2682 2684
f 2684 2682 2683
f 2685 2686 2688
f 2688 2686 2687
f 2689 2690 2692
f 2692 2690 2691
f 2693 2694 2696
f 2696 2694 2695
f 2697 2698 2700
f 2700 2698 2699
f 2701 2702 2704
f 2704 2702 2703
f 2705 2706 2708
f 2708 2706 2707
f 2709 2710 2712
f 2712 2710 2711
f 2713 2714 2716
f 2716 2714 2715
f 2717 2718 2720
f 2720 2718 2719
o item_92b0f140_1121379
v 4.726666 24.249501 -51.707775
v 4.684992 24.249501 -51.690916
v 4.398557 24.243856 -51.458850
v 4.724435 24.198269 -50.652327
v 5.419685 24.198269 -50.933577
v 5.093807 24.243856 -51.740100
v 4.435750 24.237781 -51.369470
v 4.399741 24.242818 -51.458588
v 4.685484 24.248450 -51.690095
v 4.726882 24.248450 -51.706842
v 5.093137 24.242818 -51.739088
v 5.129146 24.237781 -51.649970
v 5.130073 24.237781 -51.650345
v 5.419291 24.197322 -50.934552
v 4.724041 24.197322 -50.653302
v 4.434823 24.237781 -51.369095
v 4.433274 24.158890 -51.372928
v 4.434823 24.237781 -51.369095
v 4.724041 24.197322 -50.653302
v 4.722540 24.120843 -50.657018
v 4.715629 24.141329 -50.674121
v 4.715351 24.140660 -50.674809
v 4.722866 24.118379 -50.656209
v 4.724435 24.198269 -50.652327
v 4.398557 24.243856 -51.458850
v 4.396988 24.163966 -51.462732
v 5.417790 24.120843 -50.938268
v 5.419291 24.197322 -50.934552
v 5.130073 24.237781 -51.650345
v 5.128524 24.158890 -51.654178
v 5.092238 24.163966 -51.743982
v 5.093807 24.243856 -51.740100
v 5.419685 24.198269 -50.933577
v 5.418116 24.118379 -50.937459
v 5.410601 24.140660 -50.956059
v 5.410879 24.141329 -50.955371
v 4.435750 24.237781 -51.369470
v 4.434823 24.237781 -51.369095
v 4.433274 24.158890 -51.372928
v 4.453342 24.180061 -51.379850
v 4.452700 24.180767 -51.379550
v 4.434248 24.161301 -51.373186
v 5.127644 24.161301 -51.653686
v 5.109956 24.180767 -51.645430
v 5.109287 24.180061 -51.645200
v 5.128524 24.158890 -51.654178
v 5.130073 24.237781 -51.650345
v 5.129146 24.237781 -51.649970
v 4.435750 24.237781 -51.369470
v 4.434248 24.161301 -51.373186
v 4.398239 24.166338 -51.462305
v 4.399741 24.242818 -51.458588
v 4.434248 24.161301 -51.373186
v 4.452700 24.180767 -51.379550
v 4.422087 24.185050 -51.455316
v 4.398239 24.166338 -51.462305
v 4.452700 24.180767 -51.379550
v 4.453342 24.180061 -51.379850
v 4.422924 24.184316 -51.455131
v 4.422087 24.185050 -51.455316
v 4.396988 24.163966 -51.462732
v 4.422924 24.184316 -51.455131
v 4.453342 24.180061 -51.379850
v 4.433274 24.158890 -51.372928
v 4.399741 24.242818 -51.458588
v 4.398239 24.166338 -51.462305
v 4.683983 24.171970 -51.693811
v 4.685484 24.248450 -51.690095
v 4.694360 24.190416 -51.675911
v 4.683983 24.171970 -51.693811
v 4.398239 24.166338 -51.462305
v 4.422087 24.185050 -51.455316
v 4.694710 24.189673 -51.675329
v 4.694360 24.190416 -51.675911
v 4.422087 24.185050 -51.455316
v 4.422924 24.184316 -51.455131
v 4.422924 24.184316 -51.455131
v 4.396988 24.163966 -51.462732
v 4.683423 24.169611 -51.694799
v 4.694710 24.189673 -51.675329
v 4.396988 24.163966 -51.462732
v 4.398557 24.243856 -51.458850
v 4.684992 24.249501 -51.690916
v 4.683423 24.169611 -51.694799
v 4.685484 24.248450 -51.690095
v 4.683983 24.171970 -51.693811
v 4.725381 24.171970 -51.710558
v 4.726882 24.248450 -51.706842
v 4.683983 24.171970 -51.693811
v 4.694360 24.190416 -51.675911
v 4.730352 24.190416 -51.690470
v 4.725381 24.171970 -51.710558
v 4.694360 24.190416 -51.675911
v 4.694710 24.189673 -51.675329
v 4.730505 24.189673 -51.689809
v 4.730352 24.190416 -51.690470
v 4.694710 24.189673 -51.675329
v 4.683423 24.169611 -51.694799
v 4.725097 24.169611 -51.711657
v 4.730505 24.189673 -51.689809
v 4.683423 24.169611 -51.694799
v 4.684992 24.249501 -51.690916
v 4.726666 24.249501 -51.707775
v 4.725097 24.169611 -51.711657
v 4.726882 24.248450 -51.706842
v 4.725381 24.171970 -51.710558
v 5.091635 24.166338 -51.742805
v 5.093137 24.242818 -51.739088
v 4.725381 24.171970 -51.710558
v 4.730352 24.190416 -51.690470
v 5.079343 24.185050 -51.721197
v 5.091635 24.166338 -51.742805
v 4.730352 24.190416 -51.690470
v 4.730505 24.189673 -51.689809
v 5.078869 24.184316 -51.720481
v 5.079343 24.185050 -51.721197
v 5.092238 24.163966 -51.743982
v 5.078869 24.184316 -51.720481
v 4.730505 24.189673 -51.689809
v 4.725097 24.169611 -51.711657
v 5.093807 24.243856 -51.740100
v 5.092238 24.163966 -51.743982
v 4.725097 24.169611 -51.711657
v 4.726666 24.249501 -51.707775
v 5.127644 24.161301 -51.653686
v 5.129146 24.237781 -51.649970
v 5.093137 24.242818 -51.739088
v 5.091635 24.166338 -51.742805
v 5.109956 24.180767 -51.645430
v 5.127644 24.161301 -51.653686
v 5.091635 24.166338 -51.742805
v 5.079343 24.185050 -51.721197
v 5.109287 24.180061 -51.645200
v 5.109956 24.180767 -51.645430
v 5.079343 24.185050 -51.721197
v 5.078869 24.184316 -51.720481
v 5.078869 24.184316 -51.720481
v 5.092238 24.163966 -51.743982
v 5.128524 24.158890 -51.654178
v 5.109287 24.180061 -51.645200
v 4.724435 24.198269 -50.652327
v 4.722866 24.118379 -50.656209
v 5.418116 24.118379 -50.937459
v 5.419685 24.198269 -50.933577
v 4.722866 24.118379 -50.656209
v 4.715351 24.140660 -50.674809
v 5.410601 24.140660 -50.956059
v 5.418116 24.118379 -50.937459
v 4.715351 24.140660 -50.674809
v 4.715629 24.141329 -50.674121
v 5.410879 24.141329 -50.955371
v 5.410601 24.140660 -50.956059
v 4.715629 24.141329 -50.674121
v 4.722540 24.120843 -50.657018
v 5.417790 24.120843 -50.938268
v 5.410879 24.141329 -50.955371
v 4.722540 24.120843 -50.657018
v 4.724041 24.197322 -50.653302
v 5.419291 24.197322 -50.934552
v 5.417790 24.120843 -50.938268
f 2725 2726 2721
f 2721 2722 2723
f 2723 2724 2725
f 2725 2721 2723
f 2735 2736 2727
f 2727 2728 2729
f 2729 2730 2731
f 2732 2733 2734
f 2734 2735 2727
f 2727 2729 2731
f 2732 2734 2727
f 2727 2731 2732
f 2745 2746 2737
f 2740 2741 2742
f 2745 2737 2738
f 2740 2742 2743
f 2744 2745 2738
f 2739 2740 2743
f 2744 2738 2739
f 2739 2743 2744
f 2755 2756 2747
f 2749 2750 2751
f 2754 2755 2747
f 2749 2751 2752
f 2753 2754 2747
f 2748 2749 2752
f 2753 2747 2748
f 2748 2752 2753
f 2762 2757 2758
f 2759 2760 2761
f 2762 2758 2759
f 2759 2761 2762
f 2767 2768 2763
f 2763 2764 2765
f 2766 2767 2763
f 2763 2765 2766
f 2769 2770 2772
f 2772 2770 2771
f 2773 2774 2776
f 2776 2774 2775
f 2777 2778 2780
f 2780 2778 2779
f 2781 2782 2784
f 2784 2782 2783
f 2785 2786 2788
f 2788 2786 2787
f 2789 2790 2792
f 2792 2790 2791
f 2793 2794 2796
f 2796 2794 2795
f 2797 2798 2800
f 2800 2798 2799
f 2801 2802 2804
f 2804 2802 2803
f 2805 2806 2808
f 2808 2806 2807
f 2809 2810 2812
f 2812 2810 2811
f 2813 2814 2816
f 2816 2814 2815
f 2817 2818 2820
f 2820 2818 2819
f 2821 2822 2824
f 2824 2822 2823
f 2825 2826 2828
f 2828 2826 2827
f 2829 2830 2832
f 2832 2830 2831
f 2833 2834 2836
f 2836 2834 2835
f 2837 2838 2840
f 2840 2838 2839
f 2841 2842 2844
f 2844 2842 2843
f 2845 2846 2848
f 2848 2846 2847
f 2849 2850 2852
f 2852 2850 2851
f 2853 2854 2856
f 2856 2854 2855
f 2857 2858 2860
f 2860 2858 2859
f 2861 2862 2864
f 2864 2862 2863
f 2865 2866 2868
f 2868 2866 2867
f 2869 2870 2872
f 2872 2870 2871
f 2873 2874 2876
f 2876 2874 2875
f 2877 2878 2880
f 2880 2878 2879
o item_92b0f140_1121353
v 2.223296 24.249501 -50.696285
v 2.181622 24.249501 -50.679426
v 1.895187 24.243856 -50.447360
v 2.221065 24.198269 -49.640837
v 2.916315 24.198269 -49.922087
v 2.590437 24.243856 -50.728610
v 1.932380 24.237781 -50.357980
v 1.896371 24.242818 -50.447098
v 2.182114 24.248450 -50.678605
v 2.223512 24.248450 -50.695352
v 2.589767 24.242818 -50.727598
v 2.625776 24.237781 -50.638480
v 2.626703 24.237781 -50.638855
v 2.915921 24.197322 -49.923062
v 2.220671 24.197322 -49.641812
v 1.931453 24.237781 -50.357605
v 1.929904 24.158890 -50.361438
v 1.931453 24.237781 -50.357605
v 2.220671 24.197322 -49.641812
v 2.219170 24.120843 -49.645528
v 2.212259 24.141329 -49.662631
v 2.211981 24.140660 -49.663319
v 2.219496 24.118379 -49.644719
v 2.221065 24.198269 -49.640837
v 1.895187 24.243856 -50.447360
v 1.893618 24.163966 -50.451242
v 2.914420 24.120843 -49.926778
v 2.915921 24.197322 -49.923062
v 2.626703 24.237781 -50.638855
v 2.625154 24.158890 -50.642688
v 2.588868 24.163966 -50.732492
v 2.590437 24.243856 -50.728610
v 2.916315 24.198269 -49.922087
v 2.914746 24.118379 -49.925969
v 2.907231 24.140660 -49.944569
v 2.907509 24.141329 -49.943881
v 1.932380 24.237781 -50.357980
v 1.931453 24.237781 -50.357605
v 1.929904 24.158890 -50.361438
v 1.949972 24.180061 -50.368360
v 1.949330 24.180767 -50.368060
v 1.930878 24.161301 -50.361696
v 2.624274 24.161301 -50.642196
v 2.606586 24.180767 -50.633940
v 2.605917 24.180061 -50.633710
v 2.625154 24.158890 -50.642688
v 2.626703 24.237781 -50.638855
v 2.625776 24.237781 -50.638480
v 1.932380 24.237781 -50.357980
v 1.930878 24.161301 -50.361696
v 1.894869 24.166338 -50.450815
v 1.896371 24.242818 -50.447098
v 1.930878 24.161301 -50.361696
v 1.949330 24.180767 -50.368060
v 1.918717 24.185050 -50.443826
v 1.894869 24.166338 -50.450815
v 1.949330 24.180767 -50.368060
v 1.949972 24.180061 -50.368360
v 1.919554 24.184316 -50.443641
v 1.918717 24.185050 -50.443826
v 1.893618 24.163966 -50.451242
v 1.919554 24.184316 -50.443641
v 1.949972 24.180061 -50.368360
v 1.929904 24.158890 -50.361438
v 1.896371 24.242818 -50.447098
v 1.894869 24.166338 -50.450815
v 2.180613 24.171970 -50.682321
v 2.182114 24.248450 -50.678605
v 2.190990 24.190416 -50.664421
v 2.180613 24.171970 -50.682321
v 1.894869 24.166338 -50.450815
v 1.918717 24.185050 -50.443826
v 2.191340 24.189673 -50.663839
v 2.190990 24.190416 -50.664421
v 1.918717 24.185050 -50.443826
v 1.919554 24.184316 -50.443641
v 1.919554 24.184316 -50.443641
v 1.893618 24.163966 -50.451242
v 2.180053 24.169611 -50.683309
v 2.191340 24.189673 -50.663839
v 1.893618 24.163966 -50.451242
v 1.895187 24.243856 -50.447360
v 2.181622 24.249501 -50.679426
v 2.180053 24.169611 -50.683309
v 2.182114 24.248450 -50.678605
v 2.180613 24.171970 -50.682321
v 2.222011 24.171970 -50.699068
v 2.223512 24.248450 -50.695352
v 2.180613 24.171970 -50.682321
v 2.190990 24.190416 -50.664421
v 2.226982 24.190416 -50.678980
v 2.222011 24.171970 -50.699068
v 2.190990 24.190416 -50.664421
v 2.191340 24.189673 -50.663839
v 2.227135 24.189673 -50.678319
v 2.226982 24.190416 -50.678980
v 2.191340 24.189673 -50.663839
v 2.180053 24.169611 -50.683309
v 2.221727 24.169611 -50.700167
v 2.227135 24.189673 -50.678319
v 2.180053 24.169611 -50.683309
v 2.181622 24.249501 -50.679426
v 2.223296 24.249501 -50.696285
v 2.221727 24.169611 -50.700167
v 2.223512 24.248450 -50.695352
v 2.222011 24.171970 -50.699068
v 2.588265 24.166338 -50.731315
v 2.589767 24.242818 -50.727598
v 2.222011 24.171970 -50.699068
v 2.226982 24.190416 -50.678980
v 2.575973 24.185050 -50.709707
v 2.588265 24.166338 -50.731315
v 2.226982 24.190416 -50.678980
v 2.227135 24.189673 -50.678319
v 2.575499 24.184316 -50.708991
v 2.575973 24.185050 -50.709707
v 2.588868 24.163966 -50.732492
v 2.575499 24.184316 -50.708991
v 2.227135 24.189673 -50.678319
v 2.221727 24.169611 -50.700167
v 2.590437 24.243856 -50.728610
v 2.588868 24.163966 -50.732492
v 2.221727 24.169611 -50.700167
v 2.223296 24.249501 -50.696285
v 2.624274 24.161301 -50.642196
v 2.625776 24.237781 -50.638480
v 2.589767 24.242818 -50.727598
v 2.588265 24.166338 -50.731315
v 2.606586 24.180767 -50.633940
v 2.624274 24.161301 -50.642196
v 2.588265 24.166338 -50.731315
v 2.575973 24.185050 -50.709707
v 2.605917 24.180061 -50.633710
v 2.606586 24.180767 -50.633940
v 2.575973 24.185050 -50.709707
v 2.575499 24.184316 -50.708991
v 2.575499 24.184316 -50.708991
v 2.588868 24.163966 -50.732492
v 2.625154 24.158890 -50.642688
v 2.605917 24.180061 -50.633710
v 2.221065 24.198269 -49.640837
v 2.219496 24.118379 -49.644719
v 2.914746 24.118379 -49.925969
v 2.916315 24.198269 -49.922087
v 2.219496 24.118379 -49.644719
v 2.211981 24.140660 -49.663319
v 2.907231 24.140660 -49.944569
v 2.914746 24.118379 -49.925969
v 2.211981 24.140660 -49.663319
v 2.212259 24.141329 -49.662631
v 2.907509 24.141329 -49.943881
v 2.907231 24.140660 -49.944569
v 2.212259 24.141329 -49.662631
v 2.219170 24.120843 -49.645528
v 2.914420 24.120843 -49.926778
v 2.907509 24.141329 -49.943881
v 2.219170 24.120843 -49.645528
v 2.220671 24.197322 -49.641812
v 2.915921 24.197322 -49.923062
v 2.914420 24.120843 -49.926778
f 2885 2886 2881
f 2881 2882 2883
f 2883 2884 2885
f 2885 2881 2883
f 2895 2896 2887
f 2887 2888 2889
f 2889 2890 2891
f 2892 2893 2894
f 2894 2895 2887
f 2887 2889 2891
f 2892 2894 2887
f 2887 2891 2892
f 2905 2906 2897
f 2900 2901 2902
f 2905 2897 2898
f 2900 2902 2903
f 2904 2905 2898
f 2899 2900 2903
f 2904 2898 2899
f 2899 2903 2904
f 2915 2916 2907
f 2909 2910 2911
f 2914 2915 2907
f 2909 2911 2912
f 2913 2914 2907
f 2908 2909 2912
f 2913 2907 2908
f 2908 2912 2913
f 2922 2917 2918
f 2919 2920 2921
f 2922 2918 2919
f 2919 2921 2922
f 2927 2928 2923
f 2923 2924 2925
f 2926 2927 2923
f 2923 2925 2926
f 2929 2930 2932
f 2932 2930 2931
f 2933 2934 2936
f 2936 2934 2935
f 2937 2938 2940
f 2940 2938 2939
f 2941 2942 2944
f 2944 2942 2943
f 2945 2946 2948
f 2948 2946 2947
f 2949 2950 2952
f 2952 2950 2951
f 2953 2954 2956
f 2956 2954 2955
f 2957 2958 2960
f 2960 2958 2959
f 2961 2962 2964
f 2964 2962 2963
f 2965 2966 2968
f 2968 2966 2967
f 2969 2970 2972
f 2972 2970 2971
f 2973 2974 2976
f 2976 2974 2975
f 2977 2978 2980
f 2980 2978 2979
f 2981 2982 2984
f 2984 2982 2983
f 2985 2986 2988
f 2988 2986 2987
f 2989 2990 2992
f 2992 2990 2991
f 2993 2994 2996
f 2996 2994 2995
f 2997 2998 3000
f 3000 2998 2999
f 3001 3002 3004
f 3004 3002 3003
f 3005 3006 3008
f 3008 3006 3007
f 3009 3010 3012
f 3012 3010 3011
f 3013 3014 3016
f 3016 3014 3015
f 3017 3018 3020
f 3020 3018 3019
f 3021 3022 3024
f 3024 3022 3023
f 3025 3026 3028
f 3028 3026 3027
f 3029 3030 3032
f 3032 3030 3031
f 3033 3034 3036
f 3036 3034 3035
f 3037 3038 3040
f 3040 3038 3039
o item_92b0f140_1121327
v -0.280084 24.249501 -49.684795
v -0.321758 24.249501 -49.667936
v -0.608193 24.243856 -49.435870
v -0.282315 24.198269 -48.629347
v 0.412935 24.198269 -48.910597
v 0.087057 24.243856 -49.717120
v -0.571000 24.237781 -49.346490
v -0.607009 24.242818 -49.435608
v -0.321266 24.248450 -49.667115
v -0.279868 24.248450 -49.683862
v 0.086387 24.242818 -49.716108
v 0.122396 24.237781 -49.626990
v 0.123323 24.237781 -49.627365
v 0.412541 24.197322 -48.911572
v -0.282709 24.197322 -48.630322
v -0.571927 24.237781 -49.346115
v -0.573476 24.158890 -49.349948
v -0.571927 24.237781 -49.346115
v -0.282709 24.197322 -48.630322
v -0.284210 24.120843 -48.634038
v -0.291121 24.141329 -48.651141
v -0.291399 24.140660 -48.651829
v -0.283884 24.118379 -48.633229
v -0.282315 24.198269 -48.629347
v -0.608193 24.243856 -49.435870
v -0.609762 24.163966 -49.439752
v 0.411040 24.120843 -48.915288
v 0.412541 24.197322 -48.911572
v 0.123323 24.237781 -49.627365
v 0.121774 24.158890 -49.631198
v 0.085488 24.163966 -49.721002
v 0.087057 24.243856 -49.717120
v 0.412935 24.198269 -48.910597
v 0.411366 24.118379 -48.914479
v 0.403851 24.140660 -48.933079
v 0.404129 24.141329 -48.932391
v -0.571000 24.237781 -49.346490
v -0.571927 24.237781 -49.346115
v -0.573476 24.158890 -49.349948
v -0.553408 24.180061 -49.356870
v -0.554050 24.180767 -49.356570
v -0.572502 24.161301 -49.350206
v 0.120894 24.161301 -49.630706
v 0.103206 24.180767 -49.622450
v 0.102537 24.180061 -49.622220
v 0.121774 24.158890 -49.631198
v 0.123323 24.237781 -49.627365
v 0.122396 24.237781 -49.626990
v -0.571000 24.237781 -49.346490
v -0.572502 24.161301 -49.350206
v -0.608511 24.166338 -49.439325
v -0.607009 24.242818 -49.435608
v -0.572502 24.161301 -49.350206
v -0.554050 24.180767 -49.356570
v -0.584663 24.185050 -49.432336
v -0.608511 24.166338 -49.439325
v -0.554050 24.180767 -49.356570
v -0.553408 24.180061 -49.356870
v -0.583826 24.184316 -49.432151
v -0.584663 24.185050 -49.432336
v -0.609762 24.163966 -49.439752
v -0.583826 24.184316 -49.432151
v -0.553408 24.180061 -49.356870
v -0.573476 24.158890 -49.349948
v -0.607009 24.242818 -49.435608
v -0.608511 24.166338 -49.439325
v -0.322767 24.171970 -49.670831
v -0.321266 24.248450 -49.667115
v -0.312390 24.190416 -49.652931
v -0.322767 24.171970 -49.670831
v -0.608511 24.166338 -49.439325
v -0.584663 24.185050 -49.432336
v -0.312040 24.189673 -49.652349
v -0.312390 24.190416 -49.652931
v -0.584663 24.185050 -49.432336
v -0.583826 24.184316 -49.432151
v -0.583826 24.184316 -49.432151
v -0.609762 24.163966 -49.439752
v -0.323327 24.169611 -49.671819
v -0.312040 24.189673 -49.652349
v -0.609762 24.163966 -49.439752
v -0.608193 24.243856 -49.435870
v -0.321758 24.249501 -49.667936
v -0.323327 24.169611 -49.671819
v -0.321266 24.248450 -49.667115
v -0.322767 24.171970 -49.670831
v -0.281369 24.171970 -49.687578
v -0.279868 24.248450 -49.683862
v -0.322767 24.171970 -49.670831
v -0.312390 24.190416 -49.652931
v -0.276398 24.190416 -49.667490
v -0.281369 24.171970 -49.687578
v -0.312390 24.190416 -49.652931
v -0.312040 24.189673 -49.652349
v -0.276245 24.189673 -49.666829
v -0.276398 24.190416 -49.667490
v -0.312040 24.189673 -49.652349
v -0.323327 24.169611 -49.671819
v -0.281653 24.169611 -49.688677
v -0.276245 24.189673 -49.666829
v -0.323327 24.169611 -49.671819
v -0.321758 24.249501 -49.667936
v -0.280084 24.249501 -49.684795
v -0.281653 24.169611 -49.688677
v -0.279868 24.248450 -49.683862
v -0.281369 24.171970 -49.687578
v 0.084885 24.166338 -49.719825
v 0.086387 24.242818 -49.716108
v -0.281369 24.171970 -49.687578
v -0.276398 24.190416 -49.667490
v 0.072593 24.185050 -49.698217
v 0.084885 24.166338 -49.719825
v -0.276398 24.190416 -49.667490
v -0.276245 24.189673 -49.666829
v 0.072119 24.184316 -49.697501
v 0.072593 24.185050 -49.698217
v 0.085488 24.163966 -49.721002
v 0.072119 24.184316 -49.697501
v -0.276245 24.189673 -49.666829
v -0.281653 24.169611 -49.688677
v 0.087057 24.243856 -49.717120
v 0.085488 24.163966 -49.721002
v -0.281653 24.169611 -49.688677
v -0.280084 24.249501 -49.684795
v 0.120894 24.161301 -49.630706
v 0.122396 24.237781 -49.626990
v 0.086387 24.242818 -49.716108
v 0.084885 24.166338 -49.719825
v 0.103206 24.180767 -49.622450
v 0.120894 24.161301 -49.630706
v 0.084885 24.166338 -49.719825
v 0.072593 24.185050 -49.698217
v 0.102537 24.180061 -49.622220
v 0.103206 24.180767 -49.622450
v 0.072593 24.185050 -49.698217
v 0.072119 24.184316 -49.697501
v 0.072119 24.184316 -49.697501
v 0.085488 24.163966 -49.721002
v 0.121774 24.158890 -49.631198
v 0.102537 24.180061 -49.622220
v -0.282315 24.198269 -48.629347
v -0.283884 24.118379 -48.633229
v 0.411366 24.118379 -48.914479
v 0.412935 24.198269 -48.910597
v -0.283884 24.118379 -48.633229
v -0.291399 24.140660 -48.651829
v 0.403851 24.140660 -48.933079
v 0.411366 24.118379 -48.914479
v -0.291399 24.140660 -48.651829
v -0.291121 24.141329 -48.651141
v 0.404129 24.141329 -48.932391
v 0.403851 24.140660 -48.933079
v -0.291121 24.141329 -48.651141
v -0.284210 24.120843 -48.634038
v 0.411040 24.120843 -48.915288
v 0.404129 24.141329 -48.932391
v -0.284210 24.120843 -48.634038
v -0.282709 24.197322 -48.630322
v 0.412541 24.197322 -48.911572
v 0.411040 24.120843 -48.915288
f 3045 3046 3041
f 3041 3042 3043
f 3043 3044 3045
f 3045 3041 3043
f 3055 3056 3047
f 3047 3048 3049
f 3049 3050 3051
f 3052 3053 3054
f 3054 3055 3047
f 3047 3049 3051
f 3052 3054 3047
f 3047 3051 3052
f 3065 3066 3057
f 3060 3061 3062
f 3065 3057 3058
f 3060 3062 3063
f 3064 3065 3058
f 3059 3060 3063
f 3064 3058 3059
f 3059 3063 3064
f 3075 3076 3067
f 3069 3070 3071
f 3074 3075 3067
f 3069 3071 3072
f 3073 3074 3067
f 3068 3069 3072
f 3073 3067 3068
f 3068 3072 3073
f 3082 3077 3078
f 3079 3080 3081
f 3082 3078 3079
f 3079 3081 3082
f 3087 3088 3083
f 3083 3084 3085
f 3086 3087 3083
f 3083 3085 3086
f 3089 3090 3092
f 3092 3090 3091
f 3093 3094 3096
f 3096 3094 3095
f 3097 3098 3100
f 3100 3098 3099
f 3101 3102 3104
f 3104 3102 3103
f 3105 3106 3108
f 3108 3106 3107
f 3109 3110 3112
f 3112 3110 3111
f 3113 3114 3116
f 3116 3114 3115
f 3117 3118 3120
f 3120 3118 3119
f 3121 3122 3124
f 3124 3122 3123
f 3125 3126 3128
f 3128 3126 3127
f 3129 3130 3132
f 3132 3130 3131
f 3133 3134 3136
f 3136 3134 3135
f 3137 3138 3140
f 3140 3138 3139
f 3141 3142 3144
f 3144 3142 3143
f 3145 3146 3148
f 3148 3146 3147
f 3149 3150 3152
f 3152 3150 3151
f 3153 3154 3156
f 3156 3154 3155
f 3157 3158 3160
f 3160 3158 3159
f 3161 3162 3164
f 3164 3162 3163
f 3165 3166 3168
f 3168 3166 3167
f 3169 3170 3172
f 3172 3170 3171
f 3173 3174 3176
f 3176 3174 3175
f 3177 3178 3180
f 3180 3178 3179
f 3181 3182 3184
f 3184 3182 3183
f 3185 3186 3188
f 3188 3186 3187
f 3189 3190 3192
f 3192 3190 3191
f 3193 3194 3196
f 3196 3194 3195
f 3197 3198 3200
f 3200 3198 3199
o item_92b0f140_1123596
v -26.849215 24.249514 -18.828821
v -26.846248 24.249514 -18.783955
v -26.715504 24.243868 -18.439292
v -25.847561 24.198272 -18.497060
v -25.897061 24.198272 -19.245560
v -26.765004 24.243868 -19.187792
v -26.618980 24.237792 -18.446719
v -26.714886 24.242829 -18.440335
v -26.845314 24.248462 -18.784167
v -26.848261 24.248462 -18.828736
v -26.764254 24.242829 -19.186839
v -26.668348 24.237792 -19.193223
v -26.668414 24.237792 -19.194221
v -25.898110 24.197324 -19.245490
v -25.848610 24.197324 -18.496990
v -26.618914 24.237792 -18.445721
v -26.623039 24.158886 -18.445446
v -26.618914 24.237792 -18.445721
v -25.848610 24.197324 -18.496990
v -25.852609 24.120831 -18.496724
v -25.871014 24.141320 -18.495499
v -25.871755 24.140651 -18.495449
v -25.851739 24.118366 -18.496782
v -25.847561 24.198272 -18.497060
v -26.715504 24.243868 -18.439292
v -26.719682 24.163962 -18.439014
v -25.902109 24.120831 -19.245224
v -25.898110 24.197324 -19.245490
v -26.668414 24.237792 -19.194221
v -26.672539 24.158886 -19.193946
v -26.769182 24.163962 -19.187514
v -26.765004 24.243868 -19.187792
v -25.897061 24.198272 -19.245560
v -25.901239 24.118366 -19.245282
v -25.921255 24.140651 -19.243949
v -25.920514 24.141320 -19.243999
v -26.618980 24.237792 -18.446719
v -26.618914 24.237792 -18.445721
v -26.623039 24.158886 -18.445446
v -26.623332 24.180060 -18.466677
v -26.623248 24.180766 -18.465974
v -26.622980 24.161297 -18.446452
v -26.672348 24.161297 -19.192956
v -26.670043 24.180766 -19.173570
v -26.670034 24.180060 -19.172862
v -26.672539 24.158886 -19.193946
v -26.668414 24.237792 -19.194221
v -26.668348 24.237792 -19.193223
v -26.618980 24.237792 -18.446719
v -26.622980 24.161297 -18.446452
v -26.718885 24.166335 -18.440069
v -26.714886 24.242829 -18.440335
v -26.622980 24.161297 -18.446452
v -26.623248 24.180766 -18.465974
v -26.704785 24.185050 -18.460547
v -26.718885 24.166335 -18.440069
v -26.623248 24.180766 -18.465974
v -26.623332 24.180060 -18.466677
v -26.704346 24.184316 -18.461285
v -26.704785 24.185050 -18.460547
v -26.719682 24.163962 -18.439014
v -26.704346 24.184316 -18.461285
v -26.623332 24.180060 -18.466677
v -26.623039 24.158886 -18.445446
v -26.714886 24.242829 -18.440335
v -26.718885 24.166335 -18.440069
v -26.849313 24.171968 -18.783901
v -26.845314 24.248462 -18.784167
v -26.829065 24.190417 -18.788171
v -26.849313 24.171968 -18.783901
v -26.718885 24.166335 -18.440069
v -26.704785 24.185050 -18.460547
v -26.828403 24.189674 -18.788322
v -26.829065 24.190417 -18.788171
v -26.704785 24.185050 -18.460547
v -26.704346 24.184316 -18.461285
v -26.704346 24.184316 -18.461285
v -26.719682 24.163962 -18.439014
v -26.850426 24.169608 -18.783677
v -26.828403 24.189674 -18.788322
v -26.719682 24.163962 -18.439014
v -26.715504 24.243868 -18.439292
v -26.846248 24.249514 -18.783955
v -26.850426 24.169608 -18.783677
v -26.845314 24.248462 -18.784167
v -26.849313 24.171968 -18.783901
v -26.852260 24.171968 -18.828469
v -26.848261 24.248462 -18.828736
v -26.849313 24.171968 -18.783901
v -26.829065 24.190417 -18.788171
v -26.831627 24.190417 -18.826920
v -26.852260 24.171968 -18.828469
v -26.829065 24.190417 -18.788171
v -26.828403 24.189674 -18.788322
v -26.830952 24.189674 -18.826858
v -26.831627 24.190417 -18.826920
v -26.828403 24.189674 -18.788322
v -26.850426 24.169608 -18.783677
v -26.853393 24.169608 -18.828543
v -26.830952 24.189674 -18.826858
v -26.850426 24.169608 -18.783677
v -26.846248 24.249514 -18.783955
v -26.849215 24.249514 -18.828821
v -26.853393 24.169608 -18.828543
v -26.848261 24.248462 -18.828736
v -26.852260 24.171968 -18.828469
v -26.768253 24.166335 -19.186573
v -26.764254 24.242829 -19.186839
v -26.852260 24.171968 -18.828469
v -26.831627 24.190417 -18.826920
v -26.751580 24.185050 -19.168143
v -26.768253 24.166335 -19.186573
v -26.831627 24.190417 -18.826920
v -26.830952 24.189674 -18.826858
v -26.751048 24.184316 -19.167470
v -26.751580 24.185050 -19.168143
v -26.769182 24.163962 -19.187514
v -26.751048 24.184316 -19.167470
v -26.830952 24.189674 -18.826858
v -26.853393 24.169608 -18.828543
v -26.765004 24.243868 -19.187792
v -26.769182 24.163962 -19.187514
v -26.853393 24.169608 -18.828543
v -26.849215 24.249514 -18.828821
v -26.672348 24.161297 -19.192956
v -26.668348 24.237792 -19.193223
v -26.764254 24.242829 -19.186839
v -26.768253 24.166335 -19.186573
v -26.670043 24.180766 -19.173570
v -26.672348 24.161297 -19.192956
v -26.768253 24.166335 -19.186573
v -26.751580 24.185050 -19.168143
v -26.670034 24.180060 -19.172862
v -26.670043 24.180766 -19.173570
v -26.751580 24.185050 -19.168143
v -26.751048 24.184316 -19.167470
v -26.751048 24.184316 -19.167470
v -26.769182 24.163962 -19.187514
v -26.672539 24.158886 -19.193946
v -26.670034 24.180060 -19.172862
v -25.847561 24.198272 -18.497060
v -25.851739 24.118366 -18.496782
v -25.901239 24.118366 -19.245282
v -25.897061 24.198272 -19.245560
v -25.851739 24.118366 -18.496782
v -25.871755 24.140651 -18.495449
v -25.921255 24.140651 -19.243949
v -25.901239 24.118366 -19.245282
v -25.871755 24.140651 -18.495449
v -25.871014 24.141320 -18.495499
v -25.920514 24.141320 -19.243999
v -25.921255 24.140651 -19.243949
v -25.871014 24.141320 -18.495499
v -25.852609 24.120831 -18.496724
v -25.902109 24.120831 -19.245224
v -25.920514 24.141320 -19.243999
v -25.852609 24.120831 -18.496724
v -25.848610 24.197324 -18.496990
v -25.898110 24.197324 -19.245490
v -25.902109 24.120831 -19.245224
f 3205 3206 3201
f 3201 3202 3203
f 3203 3204 3205
f 3205 3201 3203
f 3215 3216 3207
f 3207 3208 3209
f 3209 3210 3211
f 3212 3213 3214
f 3214 3215 3207
f 3207 3209 3211
f 3212 3214 3207
f 3207 3211 3212
f 3225 3226 3217
f 3220 3221 3222
f 3225 3217 3218
f 3220 3222 3223
f 3224 3225 3218
f 3219 3220 3223
f 3224 3218 3219
f 3219 3223 3224
f 3235 3236 3227
f 3229 3230 3231
f 3234 3235 3227
f 3229 3231 3232
f 3233 3234 3227
f 3228 3229 3232
f 3233 3227 3228
f 3228 3232 3233
f 3242 3237 3238
f 3239 3240 3241
f 3242 3238 3239
f 3239 3241 3242
f 3247 3248 3243
f 3243 3244 3245
f 3246 3247 3243
f 3243 3245 3246
f 3249 3250 3252
f 3252 3250 3251
f 3253 3254 3256
f 3256 3254 3255
f 3257 3258 3260
f 3260 3258 3259
f 3261 3262 3264
f 3264 3262 3263
f 3265 3266 3268
f 3268 3266 3267
f 3269 3270 3272
f 3272 3270 3271
f 3273 3274 3276
f 3276 3274 3275
f 3277 3278 3280
f 3280 3278 3279
f 3281 3282 3284
f 3284 3282 3283
f 3285 3286 3288
f 3288 3286 3287
f 3289 3290 3292
f 3292 3290 3291
f 3293 3294 3296
f 3296 3294 3295
f 3297 3298 3300
f 3300 3298 3299
f 3301 3302 3304
f 3304 3302 3303
f 3305 3306 3308
f 3308 3306 3307
f 3309 3310 3312
f 3312 3310 3311
f 3313 3314 3316
f 3316 3314 3315
f 3317 3318 3320
f 3320 3318 3319
f 3321 3322 3324
f 3324 3322 3323
f 3325 3326 3328
f 3328 3326 3327
f 3329 3330 3332
f 3332 3330 3331
f 3333 3334 3336
f 3336 3334 3335
f 3337 3338 3340
f 3340 3338 3339
f 3341 3342 3344
f 3344 3342 3343
f 3345 3346 3348
f 3348 3346 3347
f 3349 3350 3352
f 3352 3350 3351
f 3353 3354 3356
f 3356 3354 3355
f 3357 3358 3360
f 3360 3358 3359
o item_92b0f140_1123570
v -27.028515 24.249514 -21.522861
v -27.025548 24.249514 -21.477995
v -26.894804 24.243868 -21.133332
v -26.026861 24.198272 -21.191100
v -26.076361 24.198272 -21.939600
v -26.944304 24.243868 -21.881832
v -26.798280 24.237792 -21.140759
v -26.894186 24.242829 -21.134375
v -27.024614 24.248462 -21.478207
v -27.027561 24.248462 -21.522776
v -26.943554 24.242829 -21.880879
v -26.847648 24.237792 -21.887263
v -26.847714 24.237792 -21.888261
v -26.077410 24.197324 -21.939530
v -26.027910 24.197324 -21.191030
v -26.798214 24.237792 -21.139761
v -26.802339 24.158886 -21.139486
v -26.798214 24.237792 -21.139761
v -26.027910 24.197324 -21.191030
v -26.031909 24.120831 -21.190764
v -26.050314 24.141320 -21.189539
v -26.051055 24.140651 -21.189489
v -26.031039 24.118366 -21.190822
v -26.026861 24.198272 -21.191100
v -26.894804 24.243868 -21.133332
v -26.898982 24.163962 -21.133054
v -26.081409 24.120831 -21.939264
v -26.077410 24.197324 -21.939530
v -26.847714 24.237792 -21.888261
v -26.851839 24.158886 -21.887986
v -26.948482 24.163962 -21.881554
v -26.944304 24.243868 -21.881832
v -26.076361 24.198272 -21.939600
v -26.080539 24.118366 -21.939322
v -26.100555 24.140651 -21.937989
v -26.099814 24.141320 -21.938039
v -26.798280 24.237792 -21.140759
v -26.798214 24.237792 -21.139761
v -26.802339 24.158886 -21.139486
v -26.802632 24.180060 -21.160717
v -26.802548 24.180766 -21.160014
v -26.802280 24.161297 -21.140492
v -26.851648 24.161297 -21.886996
v -26.849343 24.180766 -21.867610
v -26.849334 24.180060 -21.866902
v -26.851839 24.158886 -21.887986
v -26.847714 24.237792 -21.888261
v -26.847648 24.237792 -21.887263
v -26.798280 24.237792 -21.140759
v -26.802280 24.161297 -21.140492
v -26.898185 24.166335 -21.134109
v -26.894186 24.242829 -21.134375
v -26.802280 24.161297 -21.140492
v -26.802548 24.180766 -21.160014
v -26.884085 24.185050 -21.154587
v -26.898185 24.166335 -21.134109
v -26.802548 24.180766 -21.160014
v -26.802632 24.180060 -21.160717
v -26.883646 24.184316 -21.155325
v -26.884085 24.185050 -21.154587
v -26.898982 24.163962 -21.133054
v -26.883646 24.184316 -21.155325
v -26.802632 24.180060 -21.160717
v -26.802339 24.158886 -21.139486
v -26.894186 24.242829 -21.134375
v -26.898185 24.166335 -21.134109
v -27.028613 24.171968 -21.477941
v -27.024614 24.248462 -21.478207
v -27.008365 24.190417 -21.482211
v -27.028613 24.171968 -21.477941
v -26.898185 24.166335 -21.134109
v -26.884085 24.185050 -21.154587
v -27.007703 24.189674 -21.482362
v -27.008365 24.190417 -21.482211
v -26.884085 24.185050 -21.154587
v -26.883646 24.184316 -21.155325
v -26.883646 24.184316 -21.155325
v -26.898982 24.163962 -21.133054
v -27.029726 24.169608 -21.477717
v -27.007703 24.189674 -21.482362
v -26.898982 24.163962 -21.133054
v -26.894804 24.243868 -21.133332
v -27.025548 24.249514 -21.477995
v -27.029726 24.169608 -21.477717
v -27.024614 24.248462 -21.478207
v -27.028613 24.171968 -21.477941
v -27.031560 24.171968 -21.522509
v -27.027561 24.248462 -21.522776
v -27.028613 24.171968 -21.477941
v -27.008365 24.190417 -21.482211
v -27.010927 24.190417 -21.520960
v -27.031560 24.171968 -21.522509
v -27.008365 24.190417 -21.482211
v -27.007703 24.189674 -21.482362
v -27.010252 24.189674 -21.520898
v -27.010927 24.190417 -21.520960
v -27.007703 24.189674 -21.482362
v -27.029726 24.169608 -21.477717
v -27.032693 24.169608 -21.522583
v -27.010252 24.189674 -21.520898
v -27.029726 24.169608 -21.477717
v -27.025548 24.249514 -21.477995
v -27.028515 24.249514 -21.522861
v -27.032693 24.169608 -21.522583
v -27.027561 24.248462 -21.522776
v -27.031560 24.171968 -21.522509
v -26.947553 24.166335 -21.880613
v -26.943554 24.242829 -21.880879
v -27.031560 24.171968 -21.522509
v -27.010927 24.190417 -21.520960
v -26.930880 24.185050 -21.862183
v -26.947553 24.166335 -21.880613
v -27.010927 24.190417 -21.520960
v -27.010252 24.189674 -21.520898
v -26.930348 24.184316 -21.861510
v -26.930880 24.185050 -21.862183
v -26.948482 24.163962 -21.881554
v -26.930348 24.184316 -21.861510
v -27.010252 24.189674 -21.520898
v -27.032693 24.169608 -21.522583
v -26.944304 24.243868 -21.881832
v -26.948482 24.163962 -21.881554
v -27.032693 24.169608 -21.522583
v -27.028515 24.249514 -21.522861
v -26.851648 24.161297 -21.886996
v -26.847648 24.237792 -21.887263
v -26.943554 24.242829 -21.880879
v -26.947553 24.166335 -21.880613
v -26.849343 24.180766 -21.867610
v -26.851648 24.161297 -21.886996
v -26.947553 24.166335 -21.880613
v -26.930880 24.185050 -21.862183
v -26.849334 24.180060 -21.866902
v -26.849343 24.180766 -21.867610
v -26.930880 24.185050 -21.862183
v -26.930348 24.184316 -21.861510
v -26.930348 24.184316 -21.861510
v -26.948482 24.163962 -21.881554
v -26.851839 24.158886 -21.887986
v -26.849334 24.180060 -21.866902
v -26.026861 24.198272 -21.191100
v -26.031039 24.118366 -21.190822
v -26.080539 24.118366 -21.939322
v -26.076361 24.198272 -21.939600
v -26.031039 24.118366 -21.190822
v -26.051055 24.140651 -21.189489
v -26.100555 24.140651 -21.937989
v -26.080539 24.118366 -21.939322
v -26.051055 24.140651 -21.189489
v -26.050314 24.141320 -21.189539
v -26.099814 24.141320 -21.938039
v -26.100555 24.140651 -21.937989
v -26.050314 24.141320 -21.189539
v -26.031909 24.120831 -21.190764
v -26.081409 24.120831 -21.939264
v -26.099814 24.141320 -21.938039
v -26.031909 24.120831 -21.190764
v -26.027910 24.197324 -21.191030
v -26.077410 24.197324 -21.939530
v -26.081409 24.120831 -21.939264
f 3365 3366 3361
f 3361 3362 3363
f 3363 3364 3365
f 3365 3361 3363
f 3375 3376 3367
f 3367 3368 3369
f 3369 3370 3371
f 3372 3373 3374
f 3374 3375 3367
f 3367 3369 3371
f 3372 3374 3367
f 3367 3371 3372
f 3385 3386 3377
f 3380 3381 3382
f 3385 3377 3378
f 3380 3382 3383
f 3384 3385 3378
f 3379 3380 3383
f 3384 3378 3379
f 3379 3383 3384
f 3395 3396 3387
f 3389 3390 3391
f 3394 3395 3387
f 3389 3391 3392
f 3393 3394 3387
f 3388 3389 3392
f 3393 3387 3388
f 3388 3392 3393
f 3402 3397 3398
f 3399 3400 3401
f 3402 3398 3399
f 3399 3401 3402
f 3407 3408 3403
f 3403 3404 3405
f 3406 3407 3403
f 3403 3405 3406
f 3409 3410 3412
f 3412 3410 3411
f 3413 3414 3416
f 3416 3414 3415
f 3417 3418 3420
f 3420 3418 3419
f 3421 3422 3424
f 3424 3422 3423
f 3425 3426 3428
f 3428 3426 3427
f 3429 3430 3432
f 3432 3430 3431
f 3433 3434 3436
f 3436 3434 3435
f 3437 3438 3440
f 3440 3438 3439
f 3441 3442 3444
f 3444 3442 3443
f 3445 3446 3448
f 3448 3446 3447
f 3449 3450 3452
f 3452 3450 3451
f 3453 3454 3456
f 3456 3454 3455
f 3457 3458 3460
f 3460 3458 3459
f 3461 3462 3464
f 3464 3462 3463
f 3465 3466 3468
f 3468 3466 3467
f 3469 3470 3472
f 3472 3470 3471
f 3473 3474 3476
f 3476 3474 3475
f 3477 3478 3480
f 3480 3478 3479
f 3481 3482 3484
f 3484 3482 3483
f 3485 3486 3488
f 3488 3486 3487
f 3489 3490 3492
f 3492 3490 3491
f 3493 3494 3496
f 3496 3494 3495
f 3497 3498 3500
f 3500 3498 3499
f 3501 3502 3504
f 3504 3502 3503
f 3505 3506 3508
f 3508 3506 3507
f 3509 3510 3512
f 3512 3510 3511
f 3513 3514 3516
f 3516 3514 3515
f 3517 3518 3520
f 3520 3518 3519
o item_92b0f140_1123544
v -27.207825 24.249514 -24.216901
v -27.204858 24.249514 -24.172035
v -27.074114 24.243868 -23.827372
v -26.206171 24.198272 -23.885140
v -26.255671 24.198272 -24.633640
v -27.123614 24.243868 -24.575872
v -26.977590 24.237792 -23.834799
v -27.073496 24.242829 -23.828415
v -27.203924 24.248462 -24.172247
v -27.206871 24.248462 -24.216816
v -27.122864 24.242829 -24.574919
v -27.026958 24.237792 -24.581303
v -27.027024 24.237792 -24.582301
v -26.256720 24.197324 -24.633570
v -26.207220 24.197324 -23.885070
v -26.977524 24.237792 -23.833801
v -26.981649 24.158886 -23.833526
v -26.977524 24.237792 -23.833801
v -26.207220 24.197324 -23.885070
v -26.211219 24.120831 -23.884804
v -26.229624 24.141320 -23.883579
v -26.230365 24.140651 -23.883529
v -26.210349 24.118366 -23.884862
v -26.206171 24.198272 -23.885140
v -27.074114 24.243868 -23.827372
v -27.078292 24.163962 -23.827094
v -26.260719 24.120831 -24.633304
v -26.256720 24.197324 -24.633570
v -27.027024 24.237792 -24.582301
v -27.031149 24.158886 -24.582026
v -27.127792 24.163962 -24.575594
v -27.123614 24.243868 -24.575872
v -26.255671 24.198272 -24.633640
v -26.259849 24.118366 -24.633362
v -26.279865 24.140651 -24.632029
v -26.279124 24.141320 -24.632079
v -26.977590 24.237792 -23.834799
v -26.977524 24.237792 -23.833801
v -26.981649 24.158886 -23.833526
v -26.981942 24.180060 -23.854757
v -26.981858 24.180766 -23.854054
v -26.981590 24.161297 -23.834532
v -27.030958 24.161297 -24.581036
v -27.028653 24.180766 -24.561650
v -27.028644 24.180060 -24.560942
v -27.031149 24.158886 -24.582026
v -27.027024 24.237792 -24.582301
v -27.026958 24.237792 -24.581303
v -26.977590 24.237792 -23.834799
v -26.981590 24.161297 -23.834532
v -27.077495 24.166335 -23.828149
v -27.073496 24.242829 -23.828415
v -26.981590 24.161297 -23.834532
v -26.981858 24.180766 -23.854054
v -27.063395 24.185050 -23.848627
v -27.077495 24.166335 -23.828149
v -26.981858 24.180766 -23.854054
v -26.981942 24.180060 -23.854757
v -27.062956 24.184316 -23.849365
v -27.063395 24.185050 -23.848627
v -27.078292 24.163962 -23.827094
v -27.062956 24.184316 -23.849365
v -26.981942 24.180060 -23.854757
v -26.981649 24.158886 -23.833526
v -27.073496 24.242829 -23.828415
v -27.077495 24.166335 -23.828149
v -27.207923 24.171968 -24.171981
v -27.203924 24.248462 -24.172247
v -27.187675 24.190417 -24.176251
v -27.207923 24.171968 -24.171981
v -27.077495 24.166335 -23.828149
v -27.063395 24.185050 -23.848627
v -27.187013 24.189674 -24.176402
v -27.187675 24.190417 -24.176251
v -27.063395 24.185050 -23.848627
v -27.062956 24.184316 -23.849365
v -27.062956 24.184316 -23.849365
v -27.078292 24.163962 -23.827094
v -27.209036 24.169608 -24.171757
v -27.187013 24.189674 -24.176402
v -27.078292 24.163962 -23.827094
v -27.074114 24.243868 -23.827372
v -27.204858 24.249514 -24.172035
v -27.209036 24.169608 -24.171757
v -27.203924 24.248462 -24.172247
v -27.207923 24.171968 -24.171981
v -27.210870 24.171968 -24.216549
v -27.206871 24.248462 -24.216816
v -27.207923 24.171968 -24.171981
v -27.187675 24.190417 -24.176251
v -27.190237 24.190417 -24.215000
v -27.210870 24.171968 -24.216549
v -27.187675 24.190417 -24.176251
v -27.187013 24.189674 -24.176402
v -27.189562 24.189674 -24.214938
v -27.190237 24.190417 -24.215000
v -27.187013 24.189674 -24.176402
v -27.209036 24.169608 -24.171757
v -27.212003 24.169608 -24.216623
v -27.189562 24.189674 -24.214938
v -27.209036 24.169608 -24.171757
v -27.204858 24.249514 -24.172035
v -27.207825 24.249514 -24.216901
v -27.212003 24.169608 -24.216623
v -27.206871 24.248462 -24.216816
v -27.210870 24.171968 -24.216549
v -27.126863 24.166335 -24.574653
v -27.122864 24.242829 -24.574919
v -27.210870 24.171968 -24.216549
v -27.190237 24.190417 -24.215000
v -27.110190 24.185050 -24.556223
v -27.126863 24.166335 -24.574653
v -27.190237 24.190417 -24.215000
v -27.189562 24.189674 -24.214938
v -27.109658 24.184316 -24.555550
v -27.110190 24.185050 -24.556223
v -27.127792 24.163962 -24.575594
v -27.109658 24.184316 -24.555550
v -27.189562 24.189674 -24.214938
v -27.212003 24.169608 -24.216623
v -27.123614 24.243868 -24.575872
v -27.127792 24.163962 -24.575594
v -27.212003 24.169608 -24.216623
v -27.207825 24.249514 -24.216901
v -27.030958 24.161297 -24.581036
v -27.026958 24.237792 -24.581303
v -27.122864 24.242829 -24.574919
v -27.126863 24.166335 -24.574653
v -27.028653 24.180766 -24.561650
v -27.030958 24.161297 -24.581036
v -27.126863 24.166335 -24.574653
v -27.110190 24.185050 -24.556223
v -27.028644 24.180060 -24.560942
v -27.028653 24.180766 -24.561650
v -27.110190 24.185050 -24.556223
v -27.109658 24.184316 -24.555550
v -27.109658 24.184316 -24.555550
v -27.127792 24.163962 -24.575594
v -27.031149 24.158886 -24.582026
v -27.028644 24.180060 -24.560942
v -26.206171 24.198272 -23.885140
v -26.210349 24.118366 -23.884862
v -26.259849 24.118366 -24.633362
v -26.255671 24.198272 -24.633640
v -26.210349 24.118366 -23.884862
v -26.230365 24.140651 -23.883529
v -26.279865 24.140651 -24.632029
v -26.259849 24.118366 -24.633362
v -26.230365 24.140651 -23.883529
v -26.229624 24.141320 -23.883579
v -26.279124 24.141320 -24.632079
v -26.279865 24.140651 -24.632029
v -26.229624 24.141320 -23.883579
v -26.211219 24.120831 -23.884804
v -26.260719 24.120831 -24.633304
v -26.279124 24.141320 -24.632079
v -26.211219 24.120831 -23.884804
v -26.207220 24.197324 -23.885070
v -26.256720 24.197324 -24.633570
v -26.260719 24.120831 -24.633304
f 3525 3526 3521
f 3521 3522 3523
f 3523 3524 3525
f 3525 3521 3523
f 3535 3536 3527
f 3527 3528 3529
f 3529 3530 3531
f 3532 3533 3534
f 3534 3535 3527
f 3527 3529 3531
f 3532 3534 3527
f 3527 3531 3532
f 3545 3546 3537
f 3540 3541 3542
f 3545 3537 3538
f 3540 3542 3543
f 3544 3545 3538
f 3539 3540 3543
f 3544 3538 3539
f 3539 3543 3544
f 3555 3556 3547
f 3549 3550 3551
f 3554 3555 3547
f 3549 3551 3552
f 3553 3554 3547
f 3548 3549 3552
f 3553 3547 3548
f 3548 3552 3553
f 3562 3557 3558
f 3559 3560 3561
f 3562 3558 3559
f 3559 3561 3562
f 3567 3568 3563
f 3563 3564 3565
f 3566 3567 3563
f 3563 3565 3566
f 3569 3570 3572
f 3572 3570 3571
f 3573 3574 3576
f 3576 3574 3575
f 3577 3578 3580
f 3580 3578 3579
f 3581 3582 3584
f 3584 3582 3583
f 3585 3586 3588
f 3588 3586 3587
f 3589 3590 3592
f 3592 3590 3591
f 3593 3594 3596
f 3596 3594 3595
f 3597 3598 3600
f 3600 3598 3599
f 3601 3602 3604
f 3604 3602 3603
f 3605 3606 3608
f 3608 3606 3607
f 3609 3610 3612
f 3612 3610 3611
f 3613 3614 3616
f 3616 3614 3615
f 3617 3618 3620
f 3620 3618 3619
f 3621 3622 3624
f 3624 3622 3623
f 3625 3626 3628
f 3628 3626 3627
f 3629 3630 3632
f 3632 3630 3631
f 3633 3634 3636
f 3636 3634 3635
f 3637 3638 3640
f 3640 3638 3639
f 3641 3642 3644
f 3644 3642 3643
f 3645 3646 3648
f 3648 3646 3647
f 3649 3650 3652
f 3652 3650 3651
f 3653 3654 3656
f 3656 3654 3655
f 3657 3658 3660
f 3660 3658 3659
f 3661 3662 3664
f 3664 3662 3663
f 3665 3666 3668
f 3668 3666 3667
f 3669 3670 3672
f 3672 3670 3671
f 3673 3674 3676
f 3676 3674 3675
f 3677 3678 3680
f 3680 3678 3679
o item_92b0f140_1123518
v -27.387125 24.249514 -26.910941
v -27.384158 24.249514 -26.866075
v -27.253414 24.243868 -26.521412
v -26.385471 24.198272 -26.579180
v -26.434971 24.198272 -27.327680
v -27.302914 24.243868 -27.269912
v -27.156890 24.237792 -26.528839
v -27.252796 24.242829 -26.522455
v -27.383224 24.248462 -26.866287
v -27.386171 24.248462 -26.910856
v -27.302164 24.242829 -27.268959
v -27.206258 24.237792 -27.275343
v -27.206324 24.237792 -27.276341
v -26.436020 24.197324 -27.327610
v -26.386520 24.197324 -26.579110
v -27.156824 24.237792 -26.527841
v -27.160949 24.158886 -26.527566
v -27.156824 24.237792 -26.527841
v -26.386520 24.197324 -26.579110
v -26.390519 24.120831 -26.578844
v -26.408924 24.141320 -26.577619
v -26.409665 24.140651 -26.577569
v -26.389649 24.118366 -26.578902
v -26.385471 24.198272 -26.579180
v -27.253414 24.243868 -26.521412
v -27.257592 24.163962 -26.521134
v -26.440019 24.120831 -27.327344
v -26.436020 24.197324 -27.327610
v -27.206324 24.237792 -27.276341
v -27.210449 24.158886 -27.276066
v -27.307092 24.163962 -27.269634
v -27.302914 24.243868 -27.269912
v -26.434971 24.198272 -27.327680
v -26.439149 24.118366 -27.327402
v -26.459165 24.140651 -27.326069
v -26.458424 24.141320 -27.326119
v -27.156890 24.237792 -26.528839
v -27.156824 24.237792 -26.527841
v -27.160949 24.158886 -26.527566
v -27.161242 24.180060 -26.548797
v -27.161158 24.180766 -26.548094
v -27.160890 24.161297 -26.528572
v -27.210258 24.161297 -27.275076
v -27.207953 24.180766 -27.255690
v -27.207944 24.180060 -27.254982
v -27.210449 24.158886 -27.276066
v -27.206324 24.237792 -27.276341
v -27.206258 24.237792 -27.275343
v -27.156890 24.237792 -26.528839
v -27.160890 24.161297 -26.528572
v -27.256795 24.166335 -26.522189
v -27.252796 24.242829 -26.522455
v -27.160890 24.161297 -26.528572
v -27.161158 24.180766 -26.548094
v -27.242695 24.185050 -26.542667
v -27.256795 24.166335 -26.522189
v -27.161158 24.180766 -26.548094
v -27.161242 24.180060 -26.548797
v -27.242256 24.184316 -26.543405
v -27.242695 24.185050 -26.542667
v -27.257592 24.163962 -26.521134
v -27.242256 24.184316 -26.543405
v -27.161242 24.180060 -26.548797
v -27.160949 24.158886 -26.527566
v -27.252796 24.242829 -26.522455
v -27.256795 24.166335 -26.522189
v -27.387223 24.171968 -26.866021
v -27.383224 24.248462 -26.866287
v -27.366975 24.190417 -26.870291
v -27.387223 24.171968 -26.866021
v -27.256795 24.166335 -26.522189
v -27.242695 24.185050 -26.542667
v -27.366313 24.189674 -26.870442
v -27.366975 24.190417 -26.870291
v -27.242695 24.185050 -26.542667
v -27.242256 24.184316 -26.543405
v -27.242256 24.184316 -26.543405
v -27.257592 24.163962 -26.521134
v -27.388336 24.169608 -26.865797
v -27.366313 24.189674 -26.870442
v -27.257592 24.163962 -26.521134
v -27.253414 24.243868 -26.521412
v -27.384158 24.249514 -26.866075
v -27.388336 24.169608 -26.865797
v -27.383224 24.248462 -26.866287
v -27.387223 24.171968 -26.866021
v -27.390170 24.171968 -26.910589
v -27.386171 24.248462 -26.910856
v -27.387223 24.171968 -26.866021
v -27.366975 24.190417 -26.870291
v -27.369537 24.190417 -26.909040
v -27.390170 24.171968 -26.910589
v -27.366975 24.190417 -26.870291
v -27.366313 24.189674 -26.870442
v -27.368862 24.189674 -26.908978
v -27.369537 24.190417 -26.909040
v -27.366313 24.189674 -26.870442
v -27.388336 24.169608 -26.865797
v -27.391303 24.169608 -26.910663
v -27.368862 24.189674 -26.908978
v -27.388336 24.169608 -26.865797
v -27.384158 24.249514 -26.866075
v -27.387125 24.249514 -26.910941
v -27.391303 24.169608 -26.910663
v -27.386171 24.248462 -26.910856
v -27.390170 24.171968 -26.910589
v -27.306163 24.166335 -27.268693
v -27.302164 24.242829 -27.268959
v -27.390170 24.171968 -26.910589
v -27.369537 24.190417 -26.909040
v -27.289490 24.185050 -27.250263
v -27.306163 24.166335 -27.268693
v -27.369537 24.190417 -26.909040
v -27.368862 24.189674 -26.908978
v -27.288958 24.184316 -27.249590
v -27.289490 24.185050 -27.250263
v -27.307092 24.163962 -27.269634
v -27.288958 24.184316 -27.249590
v -27.368862 24.189674 -26.908978
v -27.391303 24.169608 -26.910663
v -27.302914 24.243868 -27.269912
v -27.307092 24.163962 -27.269634
v -27.391303 24.169608 -26.910663
v -27.387125 24.249514 -26.910941
v -27.210258 24.161297 -27.275076
v -27.206258 24.237792 -27.275343
v -27.302164 24.242829 -27.268959
v -27.306163 24.166335 -27.268693
v -27.207953 24.180766 -27.255690
v -27.210258 24.161297 -27.275076
v -27.306163 24.166335 -27.268693
v -27.289490 24.185050 -27.250263
v -27.207944 24.180060 -27.254982
v -27.207953 24.180766 -27.255690
v -27.289490 24.185050 -27.250263
v -27.288958 24.184316 -27.249590
v -27.288958 24.184316 -27.249590
v -27.307092 24.163962 -27.269634
v -27.210449 24.158886 -27.276066
v -27.207944 24.180060 -27.254982
v -26.385471 24.198272 -26.579180
v -26.389649 24.118366 -26.578902
v -26.439149 24.118366 -27.327402
v -26.434971 24.198272 -27.327680
v -26.389649 24.118366 -26.578902
v -26.409665 24.140651 -26.577569
v -26.459165 24.140651 -27.326069
v -26.439149 24.118366 -27.327402
v -26.409665 24.140651 -26.577569
v -26.408924 24.141320 -26.577619
v -26.458424 24.141320 -27.326119
v -26.459165 24.140651 -27.326069
v -26.408924 24.141320 -26.577619
v -26.390519 24.120831 -26.578844
v -26.440019 24.120831 -27.327344
v -26.458424 24.141320 -27.326119
v -26.390519 24.120831 -26.578844
v -26.386520 24.197324 -26.579110
v -26.436020 24.197324 -27.327610
v -26.440019 24.120831 -27.327344
f 3685 3686 3681
f 3681 3682 3683
f 3683 3684 3685
f 3685 3681 3683
f 3695 3696 3687
f 3687 3688 3689
f 3689 3690 3691
f 3692 3693 3694
f 3694 3695 3687
f 3687 3689 3691
f 3692 3694 3687
f 3687 3691 3692
f 3705 3706 3697
f 3700 3701 3702
f 3705 3697 3698
f 3700 3702 3703
f 3704 3705 3698
f 3699 3700 3703
f 3704 3698 3699
f 3699 3703 3704
f 3715 3716 3707
f 3709 3710 3711
f 3714 3715 3707
f 3709 3711 3712
f 3713 3714 3707
f 3708 3709 3712
f 3713 3707 3708
f 3708 3712 3713
f 3722 3717 3718
f 3719 3720 3721
f 3722 3718 3719
f 3719 3721 3722
f 3727 3728 3723
f 3723 3724 3725
f 3726 3727 3723
f 3723 3725 3726
f 3729 3730 3732
f 3732 3730 3731
f 3733 3734 3736
f 3736 3734 3735
f 3737 3738 3740
f 3740 3738 3739
f 3741 3742 3744
f 3744 3742 3743
f 3745 3746 3748
f 3748 3746 3747
f 3749 3750 3752
f 3752 3750 3751
f 3753 3754 3756
f 3756 3754 3755
f 3757 3758 3760
f 3760 3758 3759
f 3761 3762 3764
f 3764 3762 3763
f 3765 3766 3768
f 3768 3766 3767
f 3769 3770 3772
f 3772 3770 3771
f 3773 3774 3776
f 3776 3774 3775
f 3777 3778 3780
f 3780 3778 3779
f 3781 3782 3784
f 3784 3782 3783
f 3785 3786 3788
f 3788 3786 3787
f 3789 3790 3792
f 3792 3790 3791
f 3793 3794 3796
f 3796 3794 3795
f 3797 3798 3800
f 3800 3798 3799
f 3801 3802 3804
f 3804 3802 3803
f 3805 3806 3808
f 3808 3806 3807
f 3809 3810 3812
f 3812 3810 3811
f 3813 3814 3816
f 3816 3814 3815
f 3817 3818 3820
f 3820 3818 3819
f 3821 3822 3824
f 3824 3822 3823
f 3825 3826 3828
f 3828 3826 3827
f 3829 3830 3832
f 3832 3830 3831
f 3833 3834 3836
f 3836 3834 3835
f 3837 3838 3840
f 3840 3838 3839
o item_92b0f140_1123492
v -27.566425 24.249514 -29.604981
v -27.563458 24.249514 -29.560115
v -27.432714 24.243868 -29.215452
v -26.564771 24.198272 -29.273220
v -26.614271 24.198272 -30.021720
v -27.482214 24.243868 -29.963952
v -27.336190 24.237792 -29.222879
v -27.432096 24.242829 -29.216495
v -27.562524 24.248462 -29.560327
v -27.565471 24.248462 -29.604896
v -27.481464 24.242829 -29.962999
v -27.385558 24.237792 -29.969383
v -27.385624 24.237792 -29.970381
v -26.615320 24.197324 -30.021650
v -26.565820 24.197324 -29.273150
v -27.336124 24.237792 -29.221881
v -27.340249 24.158886 -29.221606
v -27.336124 24.237792 -29.221881
v -26.565820 24.197324 -29.273150
v -26.569819 24.120831 -29.272884
v -26.588224 24.141320 -29.271659
v -26.588965 24.140651 -29.271609
v -26.568949 24.118366 -29.272942
v -26.564771 24.198272 -29.273220
v -27.432714 24.243868 -29.215452
v -27.436892 24.163962 -29.215174
v -26.619319 24.120831 -30.021384
v -26.615320 24.197324 -30.021650
v -27.385624 24.237792 -29.970381
v -27.389749 24.158886 -29.970106
v -27.486392 24.163962 -29.963674
v -27.482214 24.243868 -29.963952
v -26.614271 24.198272 -30.021720
v -26.618449 24.118366 -30.021442
v -26.638465 24.140651 -30.020109
v -26.637724 24.141320 -30.020159
v -27.336190 24.237792 -29.222879
v -27.336124 24.237792 -29.221881
v -27.340249 24.158886 -29.221606
v -27.340542 24.180060 -29.242837
v -27.340458 24.180766 -29.242134
v -27.340190 24.161297 -29.222612
v -27.389558 24.161297 -29.969116
v -27.387253 24.180766 -29.949730
v -27.387244 24.180060 -29.949022
v -27.389749 24.158886 -29.970106
v -27.385624 24.237792 -29.970381
v -27.385558 24.237792 -29.969383
v -27.336190 24.237792 -29.222879
v -27.340190 24.161297 -29.222612
v -27.436095 24.166335 -29.216229
v -27.432096 24.242829 -29.216495
v -27.340190 24.161297 -29.222612
v -27.340458 24.180766 -29.242134
v -27.421995 24.185050 -29.236707
v -27.436095 24.166335 -29.216229
v -27.340458 24.180766 -29.242134
v -27.340542 24.180060 -29.242837
v -27.421556 24.184316 -29.237445
v -27.421995 24.185050 -29.236707
v -27.436892 24.163962 -29.215174
v -27.421556 24.184316 -29.237445
v -27.340542 24.180060 -29.242837
v -27.340249 24.158886 -29.221606
v -27.432096 24.242829 -29.216495
v -27.436095 24.166335 -29.216229
v -27.566523 24.171968 -29.560061
v -27.562524 24.248462 -29.560327
v -27.546275 24.190417 -29.564331
v -27.566523 24.171968 -29.560061
v -27.436095 24.166335 -29.216229
v -27.421995 24.185050 -29.236707
v -27.545613 24.189674 -29.564482
v -27.546275 24.190417 -29.564331
v -27.421995 24.185050 -29.236707
v -27.421556 24.184316 -29.237445
v -27.421556 24.184316 -29.237445
v -27.436892 24.163962 -29.215174
v -27.567636 24.169608 -29.559837
v -27.545613 24.189674 -29.564482
v -27.436892 24.163962 -29.215174
v -27.432714 24.243868 -29.215452
v -27.563458 24.249514 -29.560115
v -27.567636 24.169608 -29.559837
v -27.562524 24.248462 -29.560327
v -27.566523 24.171968 -29.560061
v -27.569470 24.171968 -29.604629
v -27.565471 24.248462 -29.604896
v -27.566523 24.171968 -29.560061
v -27.546275 24.190417 -29.564331
v -27.548837 24.190417 -29.603080
v -27.569470 24.171968 -29.604629
v -27.546275 24.190417 -29.564331
v -27.545613 24.189674 -29.564482
v -27.548162 24.189674 -29.603018
v -27.548837 24.190417 -29.603080
v -27.545613 24.189674 -29.564482
v -27.567636 24.169608 -29.559837
v -27.570603 24.169608 -29.604703
v -27.548162 24.189674 -29.603018
v -27.567636 24.169608 -29.559837
v -27.563458 24.249514 -29.560115
v -27.566425 24.249514 -29.604981
v -27.570603 24.169608 -29.604703
v -27.565471 24.248462 -29.604896
v -27.569470 24.171968 -29.604629
v -27.485463 24.166335 -29.962733
v -27.481464 24.242829 -29.962999
v -27.569470 24.171968 -29.604629
v -27.548837 24.190417 -29.603080
v -27.468790 24.185050 -29.944303
v -27.485463 24.166335 -29.962733
v -27.548837 24.190417 -29.603080
v -27.548162 24.189674 -29.603018
v -27.468258 24.184316 -29.943630
v -27.468790 24.185050 -29.944303
v -27.486392 24.163962 -29.963674
v -27.468258 24.184316 -29.943630
v -27.548162 24.189674 -29.603018
v -27.570603 24.169608 -29.604703
v -27.482214 24.243868 -29.963952
v -27.486392 24.163962 -29.963674
v -27.570603 24.169608 -29.604703
v -27.566425 24.249514 -29.604981
v -27.389558 24.161297 -29.969116
v -27.385558 24.237792 -29.969383
v -27.481464 24.242829 -29.962999
v -27.485463 24.166335 -29.962733
v -27.387253 24.180766 -29.949730
v -27.389558 24.161297 -29.969116
v -27.485463 24.166335 -29.962733
v -27.468790 24.185050 -29.944303
v -27.387244 24.180060 -29.949022
v -27.387253 24.180766 -29.949730
v -27.468790 24.185050 -29.944303
v -27.468258 24.184316 -29.943630
v -27.468258 24.184316 -29.943630
v -27.486392 24.163962 -29.963674
v -27.389749 24.158886 -29.970106
v -27.387244 24.180060 -29.949022
v -26.564771 24.198272 -29.273220
v -26.568949 24.118366 -29.272942
v -26.618449 24.118366 -30.021442
v -26.614271 24.198272 -30.021720
v -26.568949 24.118366 -29.272942
v -26.588965 24.140651 -29.271609
v -26.638465 24.140651 -30.020109
v -26.618449 24.118366 -30.021442
v -26.588965 24.140651 -29.271609
v -26.588224 24.141320 -29.271659
v -26.637724 24.141320 -30.020159
v -26.638465 24.140651 -30.020109
v -26.588224 24.141320 -29.271659
v -26.569819 24.120831 -29.272884
v -26.619319 24.120831 -30.021384
v -26.637724 24.141320 -30.020159
v -26.569819 24.120831 -29.272884
v -26.565820 24.197324 -29.273150
v -26.615320 24.197324 -30.021650
v -26.619319 24.120831 -30.021384
f 3845 3846 3841
f 3841 3842 3843
f 3843 3844 3845
f 3845 3841 3843
f 3855 3856 3847
f 3847 3848 3849
f 3849 3850 3851
f 3852 3853 3854
f 3854 3855 3847
f 3847 3849 3851
f 3852 3854 3847
f 3847 3851 3852
f 3865 3866 3857
f 3860 3861 3862
f 3865 3857 3858
f 3860 3862 3863
f 3864 3865 3858
f 3859 3860 3863
f 3864 3858 3859
f 3859 3863 3864
f 3875 3876 3867
f 3869 3870 3871
f 3874 3875 3867
f 3869 3871 3872
f 3873 3874 3867
f 3868 3869 3872
f 3873 3867 3868
f 3868 3872 3873
f 3882 3877 3878
f 3879 3880 3881
f 3882 3878 3879
f 3879 3881 3882
f 3887 3888 3883
f 3883 3884 3885
f 3886 3887 3883
f 3883 3885 3886
f 3889 3890 3892
f 3892 3890 3891
f 3893 3894 3896
f 3896 3894 3895
f 3897 3898 3900
f 3900 3898 3899
f 3901 3902 3904
f 3904 3902 3903
f 3905 3906 3908
f 3908 3906 3907
f 3909 3910 3912
f 3912 3910 3911
f 3913 3914 3916
f 3916 3914 3915
f 3917 3918 3920
f 3920 3918 3919
f 3921 3922 3924
f 3924 3922 3923
f 3925 3926 3928
f 3928 3926 3927
f 3929 3930 3932
f 3932 3930 3931
f 3933 3934 3936
f 3936 3934 3935
f 3937 3938 3940
f 3940 3938 3939
f 3941 3942 3944
f 3944 3942 3943
f 3945 3946 3948
f 3948 3946 3947
f 3949 3950 3952
f 3952 3950 3951
f 3953 3954 3956
f 3956 3954 3955
f 3957 3958 3960
f 3960 3958 3959
f 3961 3962 3964
f 3964 3962 3963
f 3965 3966 3968
f 3968 3966 3967
f 3969 3970 3972
f 3972 3970 3971
f 3973 3974 3976
f 3976 3974 3975
f 3977 3978 3980
f 3980 3978 3979
f 3981 3982 3984
f 3984 3982 3983
f 3985 3986 3988
f 3988 3986 3987
f 3989 3990 3992
f 3992 3990 3991
f 3993 3994 3996
f 3996 3994 3995
f 3997 3998 4000
f 4000 3998 3999
o item_92b0f140_1123466
v -27.745735 24.249514 -32.299021
v -27.742768 24.249514 -32.254155
v -27.612024 24.243868 -31.909492
v -26.744081 24.198272 -31.967260
v -26.793581 24.198272 -32.715760
v -27.661524 24.243868 -32.657992
v -27.515500 24.237792 -31.916919
v -27.611406 24.242829 -31.910535
v -27.741834 24.248462 -32.254367
v -27.744781 24.248462 -32.298936
v -27.660774 24.242829 -32.657039
v -27.564868 24.237792 -32.663423
v -27.564934 24.237792 -32.664421
v -26.794630 24.197324 -32.715690
v -26.745130 24.197324 -31.967190
v -27.515434 24.237792 -31.915921
v -27.519559 24.158886 -31.915646
v -27.515434 24.237792 -31.915921
v -26.745130 24.197324 -31.967190
v -26.749129 24.120831 -31.966924
v -26.767534 24.141320 -31.965699
v -26.768275 24.140651 -31.965649
v -26.748259 24.118366 -31.966982
v -26.744081 24.198272 -31.967260
v -27.612024 24.243868 -31.909492
v -27.616202 24.163962 -31.909214
v -26.798629 24.120831 -32.715424
v -26.794630 24.197324 -32.715690
v -27.564934 24.237792 -32.664421
v -27.569059 24.158886 -32.664146
v -27.665702 24.163962 -32.657714
v -27.661524 24.243868 -32.657992
v -26.793581 24.198272 -32.715760
v -26.797759 24.118366 -32.715482
v -26.817775 24.140651 -32.714149
v -26.817034 24.141320 -32.714199
v -27.515500 24.237792 -31.916919
v -27.515434 24.237792 -31.915921
v -27.519559 24.158886 -31.915646
v -27.519852 24.180060 -31.936877
v -27.519768 24.180766 -31.936174
v -27.519500 24.161297 -31.916652
v -27.568868 24.161297 -32.663156
v -27.566563 24.180766 -32.643770
v -27.566554 24.180060 -32.643062
v -27.569059 24.158886 -32.664146
v -27.564934 24.237792 -32.664421
v -27.564868 24.237792 -32.663423
v -27.515500 24.237792 -31.916919
v -27.519500 24.161297 -31.916652
v -27.615405 24.166335 -31.910269
v -27.611406 24.242829 -31.910535
v -27.519500 24.161297 -31.916652
v -27.519768 24.180766 -31.936174
v -27.601305 24.185050 -31.930747
v -27.615405 24.166335 -31.910269
v -27.519768 24.180766 -31.936174
v -27.519852 24.180060 -31.936877
v -27.600866 24.184316 -31.931485
v -27.601305 24.185050 -31.930747
v -27.616202 24.163962 -31.909214
v -27.600866 24.184316 -31.931485
v -27.519852 24.180060 -31.936877
v -27.519559 24.158886 -31.915646
v -27.611406 24.242829 -31.910535
v -27.615405 24.166335 -31.910269
v -27.745833 24.171968 -32.254101
v -27.741834 24.248462 -32.254367
v -27.725585 24.190417 -32.258371
v -27.745833 24.171968 -32.254101
v -27.615405 24.166335 -31.910269
v -27.601305 24.185050 -31.930747
v -27.724923 24.189674 -32.258522
v -27.725585 24.190417 -32.258371
v -27.601305 24.185050 -31.930747
v -27.600866 24.184316 -31.931485
v -27.600866 24.184316 -31.931485
v -27.616202 24.163962 -31.909214
v -27.746946 24.169608 -32.253877
v -27.724923 24.189674 -32.258522
v -27.616202 24.163962 -31.909214
v -27.612024 24.243868 -31.909492
v -27.742768 24.249514 -32.254155
v -27.746946 24.169608 -32.253877
v -27.741834 24.248462 -32.254367
v -27.745833 24.171968 -32.254101
v -27.748780 24.171968 -32.298669
v -27.744781 24.248462 -32.298936
v -27.745833 24.171968 -32.254101
v -27.725585 24.190417 -32.258371
v -27.728147 24.190417 -32.297120
v -27.748780 24.171968 -32.298669
v -27.725585 24.190417 -32.258371
v -27.724923 24.189674 -32.258522
v -27.727472 24.189674 -32.297058
v -27.728147 24.190417 -32.297120
v -27.724923 24.189674 -32.258522
v -27.746946 24.169608 -32.253877
v -27.749913 24.169608 -32.298743
v -27.727472 24.189674 -32.297058
v -27.746946 24.169608 -32.253877
v -27.742768 24.249514 -32.254155
v -27.745735 24.249514 -32.299021
v -27.749913 24.169608 -32.298743
v -27.744781 24.248462 -32.298936
v -27.748780 24.171968 -32.298669
v -27.664773 24.166335 -32.656773
v -27.660774 24.242829 -32.657039
v -27.748780 24.171968 -32.298669
v -27.728147 24.190417 -32.297120
v -27.648100 24.185050 -32.638343
v -27.664773 24.166335 -32.656773
v -27.728147 24.190417 -32.297120
v -27.727472 24.189674 -32.297058
v -27.647568 24.184316 -32.637670
v -27.648100 24.185050 -32.638343
v -27.665702 24.163962 -32.657714
v -27.647568 24.184316 -32.637670
v -27.727472 24.189674 -32.297058
v -27.749913 24.169608 -32.298743
v -27.661524 24.243868 -32.657992
v -27.665702 24.163962 -32.657714
v -27.749913 24.169608 -32.298743
v -27.745735 24.249514 -32.299021
v -27.568868 24.161297 -32.663156
v -27.564868 24.237792 -32.663423
v -27.660774 24.242829 -32.657039
v -27.664773 24.166335 -32.656773
v -27.566563 24.180766 -32.643770
v -27.568868 24.161297 -32.663156
v -27.664773 24.166335 -32.656773
v -27.648100 24.185050 -32.638343
v -27.566554 24.180060 -32.643062
v -27.566563 24.180766 -32.643770
v -27.648100 24.185050 -32.638343
v -27.647568 24.184316 -32.637670
v -27.647568 24.184316 -32.637670
v -27.665702 24.163962 -32.657714
v -27.569059 24.158886 -32.664146
v -27.566554 24.180060 -32.643062
v -26.744081 24.198272 -31.967260
v -26.748259 24.118366 -31.966982
v -26.797759 24.118366 -32.715482
v -26.793581 24.198272 -32.715760
v -26.748259 24.118366 -31.966982
v -26.768275 24.140651 -31.965649
v -26.817775 24.140651 -32.714149
v -26.797759 24.118366 -32.715482
v -26.768275 24.140651 -31.965649
v -26.767534 24.141320 -31.965699
v -26.817034 24.141320 -32.714199
v -26.817775 24.140651 -32.714149
v -26.767534 24.141320 -31.965699
v -26.749129 24.120831 -31.966924
v -26.798629 24.120831 -32.715424
v -26.817034 24.141320 -32.714199
v -26.749129 24.120831 -31.966924
v -26.745130 24.197324 -31.967190
v -26.794630 24.197324 -32.715690
v -26.798629 24.120831 -32.715424
f 4005 4006 4001
f 4001 4002 4003
f 4003 4004 4005
f 4005 4001 4003
f 4015 4016 4007
f 4007 4008 4009
f 4009 4010 4011
f 4012 4013 4014
f 4014 4015 4007
f 4007 4009 4011
f 4012 4014 4007
f 4007 4011 4012
f 4025 4026 4017
f 4020 4021 4022
f 4025 4017 4018
f 4020 4022 4023
f 4024 4025 4018
f 4019 4020 4023
f 4024 4018 4019
f 4019 4023 4024
f 4035 4036 4027
f 4029 4030 4031
f 4034 4035 4027
f 4029 4031 4032
f 4033 4034 4027
f 4028 4029 4032
f 4033 4027 4028
f 4028 4032 4033
f 4042 4037 4038
f 4039 4040 4041
f 4042 4038 4039
f 4039 4041 4042
f 4047 4048 4043
f 4043 4044 4045
f 4046 4047 4043
f 4043 4045 4046
f 4049 4050 4052
f 4052 4050 4051
f 4053 4054 4056
f 4056 4054 4055
f 4057 4058 4060
f 4060 4058 4059
f 4061 4062 4064
f 4064 4062 4063
f 4065 4066 4068
f 4068 4066 4067
f 4069 4070 4072
f 4072 4070 4071
f 4073 4074 4076
f 4076 4074 4075
f 4077 4078 4080
f 4080 4078 4079
f 4081 4082 4084
f 4084 4082 4083
f 4085 4086 4088
f 4088 4086 4087
f 4089 4090 4092
f 4092 4090 4091
f 4093 4094 4096
f 4096 4094 4095
f 4097 4098 4100
f 4100 4098 4099
f 4101 4102 4104
f 4104 4102 4103
f 4105 4106 4108
f 4108 4106 4107
f 4109 4110 4112
f 4112 4110 4111
f 4113 4114 4116
f 4116 4114 4115
f 4117 4118 4120
f 4120 4118 4119
f 4121 4122 4124
f 4124 4122 4123
f 4125 4126 4128
f 4128 4126 4127
f 4129 4130 4132
f 4132 4130 4131
f 4133 4134 4136
f 4136 4134 4135
f 4137 4138 4140
f 4140 4138 4139
f 4141 4142 4144
f 4144 4142 4143
f 4145 4146 4148
f 4148 4146 4147
f 4149 4150 4152
f 4152 4150 4151
f 4153 4154 4156
f 4156 4154 4155
f 4157 4158 4160
f 4160 4158 4159
o item_92b0f140_1121301
v -2.783454 24.249501 -48.673305
v -2.825128 24.249501 -48.656446
v -3.111563 24.243856 -48.424380
v -2.785685 24.198269 -47.617857
v -2.090435 24.198269 -47.899107
v -2.416313 24.243856 -48.705630
v -3.074370 24.237781 -48.335000
v -3.110379 24.242818 -48.424118
v -2.824636 24.248450 -48.655625
v -2.783238 24.248450 -48.672372
v -2.416983 24.242818 -48.704618
v -2.380974 24.237781 -48.615500
v -2.380047 24.237781 -48.615875
v -2.090829 24.197322 -47.900082
v -2.786079 24.197322 -47.618832
v -3.075297 24.237781 -48.334625
v -3.076846 24.158890 -48.338458
v -3.075297 24.237781 -48.334625
v -2.786079 24.197322 -47.618832
v -2.787580 24.120843 -47.622548
v -2.794491 24.141329 -47.639651
v -2.794769 24.140660 -47.640339
v -2.787254 24.118379 -47.621739
v -2.785685 24.198269 -47.617857
v -3.111563 24.243856 -48.424380
v -3.113132 24.163966 -48.428262
v -2.092330 24.120843 -47.903798
v -2.090829 24.197322 -47.900082
v -2.380047 24.237781 -48.615875
v -2.381596 24.158890 -48.619708
v -2.417882 24.163966 -48.709512
v -2.416313 24.243856 -48.705630
v -2.090435 24.198269 -47.899107
v -2.092004 24.118379 -47.902989
v -2.099519 24.140660 -47.921589
v -2.099241 24.141329 -47.920901
v -3.074370 24.237781 -48.335000
v -3.075297 24.237781 -48.334625
v -3.076846 24.158890 -48.338458
v -3.056778 24.180061 -48.345380
v -3.057420 24.180767 -48.345080
v -3.075872 24.161301 -48.338716
v -2.382476 24.161301 -48.619216
v -2.400164 24.180767 -48.610960
v -2.400833 24.180061 -48.610730
v -2.381596 24.158890 -48.619708
v -2.380047 24.237781 -48.615875
v -2.380974 24.237781 -48.615500
v -3.074370 24.237781 -48.335000
v -3.075872 24.161301 -48.338716
v -3.111881 24.166338 -48.427835
v -3.110379 24.242818 -48.424118
v -3.075872 24.161301 -48.338716
v -3.057420 24.180767 -48.345080
v -3.088033 24.185050 -48.420846
v -3.111881 24.166338 -48.427835
v -3.057420 24.180767 -48.345080
v -3.056778 24.180061 -48.345380
v -3.087196 24.184316 -48.420661
v -3.088033 24.185050 -48.420846
v -3.113132 24.163966 -48.428262
v -3.087196 24.184316 -48.420661
v -3.056778 24.180061 -48.345380
v -3.076846 24.158890 -48.338458
v -3.110379 24.242818 -48.424118
v -3.111881 24.166338 -48.427835
v -2.826137 24.171970 -48.659341
v -2.824636 24.248450 -48.655625
v -2.815760 24.190416 -48.641441
v -2.826137 24.171970 -48.659341
v -3.111881 24.166338 -48.427835
v -3.088033 24.185050 -48.420846
v -2.815410 24.189673 -48.640859
v -2.815760 24.190416 -48.641441
v -3.088033 24.185050 -48.420846
v -3.087196 24.184316 -48.420661
v -3.087196 24.184316 -48.420661
v -3.113132 24.163966 -48.428262
v -2.826697 24.169611 -48.660329
v -2.815410 24.189673 -48.640859
v -3.113132 24.163966 -48.428262
v -3.111563 24.243856 -48.424380
v -2.825128 24.249501 -48.656446
v -2.826697 24.169611 -48.660329
v -2.824636 24.248450 -48.655625
v -2.826137 24.171970 -48.659341
v -2.784739 24.171970 -48.676088
v -2.783238 24.248450 -48.672372
v -2.826137 24.171970 -48.659341
v -2.815760 24.190416 -48.641441
v -2.779768 24.190416 -48.656000
v -2.784739 24.171970 -48.676088
v -2.815760 24.190416 -48.641441
v -2.815410 24.189673 -48.640859
v -2.779615 24.189673 -48.655339
v -2.779768 24.190416 -48.656000
v -2.815410 24.189673 -48.640859
v -2.826697 24.169611 -48.660329
v -2.785023 24.169611 -48.677187
v -2.779615 24.189673 -48.655339
v -2.826697 24.169611 -48.660329
v -2.825128 24.249501 -48.656446
v -2.783454 24.249501 -48.673305
v -2.785023 24.169611 -48.677187
v -2.783238 24.248450 -48.672372
v -2.784739 24.171970 -48.676088
v -2.418485 24.166338 -48.708335
v -2.416983 24.242818 -48.704618
v -2.784739 24.171970 -48.676088
v -2.779768 24.190416 -48.656000
v -2.430777 24.185050 -48.686727
v -2.418485 24.166338 -48.708335
v -2.779768 24.190416 -48.656000
v -2.779615 24.189673 -48.655339
v -2.431251 24.184316 -48.686011
v -2.430777 24.185050 -48.686727
v -2.417882 24.163966 -48.709512
v -2.431251 24.184316 -48.686011
v -2.779615 24.189673 -48.655339
v -2.785023 24.169611 -48.677187
v -2.416313 24.243856 -48.705630
v -2.417882 24.163966 -48.709512
v -2.785023 24.169611 -48.677187
v -2.783454 24.249501 -48.673305
v -2.382476 24.161301 -48.619216
v -2.380974 24.237781 -48.615500
v -2.416983 24.242818 -48.704618
v -2.418485 24.166338 -48.708335
v -2.400164 24.180767 -48.610960
v -2.382476 24.161301 -48.619216
v -2.418485 24.166338 -48.708335
v -2.430777 24.185050 -48.686727
v -2.400833 24.180061 -48.610730
v -2.400164 24.180767 -48.610960
v -2.430777 24.185050 -48.686727
v -2.431251 24.184316 -48.686011
v -2.431251 24.184316 -48.686011
v -2.417882 24.163966 -48.709512
v -2.381596 24.158890 -48.619708
v -2.400833 24.180061 -48.610730
v -2.785685 24.198269 -47.617857
v -2.787254 24.118379 -47.621739
v -2.092004 24.118379 -47.902989
v -2.090435 24.198269 -47.899107
v -2.787254 24.118379 -47.621739
v -2.794769 24.140660 -47.640339
v -2.099519 24.140660 -47.921589
v -2.092004 24.118379 -47.902989
v -2.794769 24.140660 -47.640339
v -2.794491 24.141329 -47.639651
v -2.099241 24.141329 -47.920901
v -2.099519 24.140660 -47.921589
v -2.794491 24.141329 -47.639651
v -2.787580 24.120843 -47.622548
v -2.092330 24.120843 -47.903798
v -2.099241 24.141329 -47.920901
v -2.787580 24.120843 -47.622548
v -2.786079 24.197322 -47.618832
v -2.090829 24.197322 -47.900082
v -2.092330 24.120843 -47.903798
f 4165 4166 4161
f 4161 4162 4163
f 4163 4164 4165
f 4165 4161 4163
f 4175 4176 4167
f 4167 4168 4169
f 4169 4170 4171
f 4172 4173 4174
f 4174 4175 4167
f 4167 4169 4171
f 4172 4174 4167
f 4167 4171 4172
f 4185 4186 4177
f 4180 4181 4182
f 4185 4177 4178
f 4180 4182 4183
f 4184 4185 4178
f 4179 4180 4183
f 4184 4178 4179
f 4179 4183 4184
f 4195 4196 4187
f 4189 4190 4191
f 4194 4195 4187
f 4189 4191 4192
f 4193 4194 4187
f 4188 4189 4192
f 4193 4187 4188
f 4188 4192 4193
f 4202 4197 4198
f 4199 4200 4201
f 4202 4198 4199
f 4199 4201 4202
f 4207 4208 4203
f 4203 4204 4205
f 4206 4207 4203
f 4203 4205 4206
f 4209 4210 4212
f 4212 4210 4211
f 4213 4214 4216
f 4216 4214 4215
f 4217 4218 4220
f 4220 4218 4219
f 4221 4222 4224
f 4224 4222 4223
f 4225 4226 4228
f 4228 4226 4227
f 4229 4230 4232
f 4232 4230 4231
f 4233 4234 4236
f 4236 4234 4235
f 4237 4238 4240
f 4240 4238 4239
f 4241 4242 4244
f 4244 4242 4243
f 4245 4246 4248
f 4248 4246 4247
f 4249 4250 4252
f 4252 4250 4251
f 4253 4254 4256
f 4256 4254 4255
f 4257 4258 4260
f 4260 4258 4259
f 4261 4262 4264
f 4264 4262 4263
f 4265 4266 4268
f 4268 4266 4267
f 4269 4270 4272
f 4272 4270 4271
f 4273 4274 4276
f 4276 4274 4275
f 4277 4278 4280
f 4280 4278 4279
f 4281 4282 4284
f 4284 4282 4283
f 4285 4286 4288
f 4288 4286 4287
f 4289 4290 4292
f 4292 4290 4291
f 4293 4294 4296
f 4296 4294 4295
f 4297 4298 4300
f 4300 4298 4299
f 4301 4302 4304
f 4304 4302 4303
f 4305 4306 4308
f 4308 4306 4307
f 4309 4310 4312
f 4312 4310 4311
f 4313 4314 4316
f 4316 4314 4315
f 4317 4318 4320
f 4320 4318 4319
o item_92b0f140_1121275
v -5.286834 24.249501 -47.661805
v -5.328508 24.249501 -47.644946
v -5.614943 24.243856 -47.412880
v -5.289065 24.198269 -46.606357
v -4.593815 24.198269 -46.887607
v -4.919693 24.243856 -47.694130
v -5.577750 24.237781 -47.323500
v -5.613759 24.242818 -47.412618
v -5.328016 24.248450 -47.644125
v -5.286618 24.248450 -47.660872
v -4.920363 24.242818 -47.693118
v -4.884354 24.237781 -47.604000
v -4.883427 24.237781 -47.604375
v -4.594209 24.197322 -46.888582
v -5.289459 24.197322 -46.607332
v -5.578677 24.237781 -47.323125
v -5.580226 24.158890 -47.326958
v -5.578677 24.237781 -47.323125
v -5.289459 24.197322 -46.607332
v -5.290960 24.120843 -46.611048
v -5.297871 24.141329 -46.628151
v -5.298149 24.140660 -46.628839
v -5.290634 24.118379 -46.610239
v -5.289065 24.198269 -46.606357
v -5.614943 24.243856 -47.412880
v -5.616512 24.163966 -47.416762
v -4.595710 24.120843 -46.892298
v -4.594209 24.197322 -46.888582
v -4.883427 24.237781 -47.604375
v -4.884976 24.158890 -47.608208
v -4.921262 24.163966 -47.698012
v -4.919693 24.243856 -47.694130
v -4.593815 24.198269 -46.887607
v -4.595384 24.118379 -46.891489
v -4.602899 24.140660 -46.910089
v -4.602621 24.141329 -46.909401
v -5.577750 24.237781 -47.323500
v -5.578677 24.237781 -47.323125
v -5.580226 24.158890 -47.326958
v -5.560158 24.180061 -47.333880
v -5.560800 24.180767 -47.333580
v -5.579252 24.161301 -47.327216
v -4.885856 24.161301 -47.607716
v -4.903544 24.180767 -47.599460
v -4.904213 24.180061 -47.599230
v -4.884976 24.158890 -47.608208
v -4.883427 24.237781 -47.604375
v -4.884354 24.237781 -47.604000
v -5.577750 24.237781 -47.323500
v -5.579252 24.161301 -47.327216
v -5.615261 24.166338 -47.416335
v -5.613759 24.242818 -47.412618
v -5.579252 24.161301 -47.327216
v -5.560800 24.180767 -47.333580
v -5.591413 24.185050 -47.409346
v -5.615261 24.166338 -47.416335
v -5.560800 24.180767 -47.333580
v -5.560158 24.180061 -47.333880
v -5.590576 24.184316 -47.409161
v -5.591413 24.185050 -47.409346
v -5.616512 24.163966 -47.416762
v -5.590576 24.184316 -47.409161
v -5.560158 24.180061 -47.333880
v -5.580226 24.158890 -47.326958
v -5.613759 24.242818 -47.412618
v -5.615261 24.166338 -47.416335
v -5.329517 24.171970 -47.647841
v -5.328016 24.248450 -47.644125
v -5.319140 24.190416 -47.629941
v -5.329517 24.171970 -47.647841
v -5.615261 24.166338 -47.416335
v -5.591413 24.185050 -47.409346
v -5.318790 24.189673 -47.629359
v -5.319140 24.190416 -47.629941
v -5.591413 24.185050 -47.409346
v -5.590576 24.184316 -47.409161
v -5.590576 24.184316 -47.409161
v -5.616512 24.163966 -47.416762
v -5.330077 24.169611 -47.648829
v -5.318790 24.189673 -47.629359
v -5.616512 24.163966 -47.416762
v -5.614943 24.243856 -47.412880
v -5.328508 24.249501 -47.644946
v -5.330077 24.169611 -47.648829
v -5.328016 24.248450 -47.644125
v -5.329517 24.171970 -47.647841
v -5.288119 24.171970 -47.664588
v -5.286618 24.248450 -47.660872
v -5.329517 24.171970 -47.647841
v -5.319140 24.190416 -47.629941
v -5.283148 24.190416 -47.644500
v -5.288119 24.171970 -47.664588
v -5.319140 24.190416 -47.629941
v -5.318790 24.189673 -47.629359
v -5.282995 24.189673 -47.643839
v -5.283148 24.190416 -47.644500
v -5.318790 24.189673 -47.629359
v -5.330077 24.169611 -47.648829
v -5.288403 24.169611 -47.665687
v -5.282995 24.189673 -47.643839
v -5.330077 24.169611 -47.648829
v -5.328508 24.249501 -47.644946
v -5.286834 24.249501 -47.661805
v -5.288403 24.169611 -47.665687
v -5.286618 24.248450 -47.660872
v -5.288119 24.171970 -47.664588
v -4.921865 24.166338 -47.696835
v -4.920363 24.242818 -47.693118
v -5.288119 24.171970 -47.664588
v -5.283148 24.190416 -47.644500
v -4.934157 24.185050 -47.675227
v -4.921865 24.166338 -47.696835
v -5.283148 24.190416 -47.644500
v -5.282995 24.189673 -47.643839
v -4.934631 24.184316 -47.674511
v -4.934157 24.185050 -47.675227
v -4.921262 24.163966 -47.698012
v -4.934631 24.184316 -47.674511
v -5.282995 24.189673 -47.643839
v -5.288403 24.169611 -47.665687
v -4.919693 24.243856 -47.694130
v -4.921262 24.163966 -47.698012
v -5.288403 24.169611 -47.665687
v -5.286834 24.249501 -47.661805
v -4.885856 24.161301 -47.607716
v -4.884354 24.237781 -47.604000
v -4.920363 24.242818 -47.693118
v -4.921865 24.166338 -47.696835
v -4.903544 24.180767 -47.599460
v -4.885856 24.161301 -47.607716
v -4.921865 24.166338 -47.696835
v -4.934157 24.185050 -47.675227
v -4.904213 24.180061 -47.599230
v -4.903544 24.180767 -47.599460
v -4.934157 24.185050 -47.675227
v -4.934631 24.184316 -47.674511
v -4.934631 24.184316 -47.674511
v -4.921262 24.163966 -47.698012
v -4.884976 24.158890 -47.608208
v -4.904213 24.180061 -47.599230
v -5.289065 24.198269 -46.606357
v -5.290634 24.118379 -46.610239
v -4.595384 24.118379 -46.891489
v -4.593815 24.198269 -46.887607
v -5.290634 24.118379 -46.610239
v -5.298149 24.140660 -46.628839
v -4.602899 24.140660 -46.910089
v -4.595384 24.118379 -46.891489
v -5.298149 24.140660 -46.628839
v -5.297871 24.141329 -46.628151
v -4.602621 24.141329 -46.909401
v -4.602899 24.140660 -46.910089
v -5.297871 24.141329 -46.628151
v -5.290960 24.120843 -46.611048
v -4.595710 24.120843 -46.892298
v -4.602621 24.141329 -46.909401
v -5.290960 24.120843 -46.611048
v -5.289459 24.197322 -46.607332
v -4.594209 24.197322 -46.888582
v -4.595710 24.120843 -46.892298
f 4325 4326 4321
f 4321 4322 4323
f 4323 4324 4325
f 4325 4321 4323
f 4335 4336 4327
f 4327 4328 4329
f 4329 4330 4331
f 4332 4333 4334
f 4334 4335 4327
f 4327 4329 4331
f 4332 4334 4327
f 4327 4331 4332
f 4345 4346 4337
f 4340 4341 4342
f 4345 4337 4338
f 4340 4342 4343
f 4344 4345 4338
f 4339 4340 4343
f 4344 4338 4339
f 4339 4343 4344
f 4355 4356 4347
f 4349 4350 4351
f 4354 4355 4347
f 4349 4351 4352
f 4353 4354 4347
f 4348 4349 4352
f 4353 4347 4348
f 4348 4352 4353
f 4362 4357 4358
f 4359 4360 4361
f 4362 4358 4359
f 4359 4361 4362
f 4367 4368 4363
f 4363 4364 4365
f 4366 4367 4363
f 4363 4365 4366
f 4369 4370 4372
f 4372 4370 4371
f 4373 4374 4376
f 4376 4374 4375
f 4377 4378 4380
f 4380 4378 4379
f 4381 4382 4384
f 4384 4382 4383
f 4385 4386 4388
f 4388 4386 4387
f 4389 4390 4392
f 4392 4390 4391
f 4393 4394 4396
f 4396 4394 4395
f 4397 4398 4400
f 4400 4398 4399
f 4401 4402 4404
f 4404 4402 4403
f 4405 4406 4408
f 4408 4406 4407
f 4409 4410 4412
f 4412 4410 4411
f 4413 4414 4416
f 4416 4414 4415
f 4417 4418 4420
f 4420 4418 4419
f 4421 4422 4424
f 4424 4422 4423
f 4425 4426 4428
f 4428 4426 4427
f 4429 4430 4432
f 4432 4430 4431
f 4433 4434 4436
f 4436 4434 4435
f 4437 4438 4440
f 4440 4438 4439
f 4441 4442 4444
f 4444 4442 4443
f 4445 4446 4448
f 4448 4446 4447
f 4449 4450 4452
f 4452 4450 4451
f 4453 4454 4456
f 4456 4454 4455
f 4457 4458 4460
f 4460 4458 4459
f 4461 4462 4464
f 4464 4462 4463
f 4465 4466 4468
f 4468 4466 4467
f 4469 4470 4472
f 4472 4470 4471
f 4473 4474 4476
f 4476 4474 4475
f 4477 4478 4480
f 4480 4478 4479
o item_92b0f140_1121223
v -10.293584 24.249501 -45.638825
v -10.335258 24.249501 -45.621966
v -10.621693 24.243856 -45.389900
v -10.295815 24.198269 -44.583377
v -9.600565 24.198269 -44.864627
v -9.926443 24.243856 -45.671150
v -10.584500 24.237781 -45.300520
v -10.620509 24.242818 -45.389638
v -10.334766 24.248450 -45.621145
v -10.293368 24.248450 -45.637892
v -9.927113 24.242818 -45.670138
v -9.891104 24.237781 -45.581020
v -9.890177 24.237781 -45.581395
v -9.600959 24.197322 -44.865602
v -10.296209 24.197322 -44.584352
v -10.585427 24.237781 -45.300145
v -10.586976 24.158890 -45.303978
v -10.585427 24.237781 -45.300145
v -10.296209 24.197322 -44.584352
v -10.297710 24.120843 -44.588068
v -10.304621 24.141329 -44.605171
v -10.304899 24.140660 -44.605859
v -10.297384 24.118379 -44.587259
v -10.295815 24.198269 -44.583377
v -10.621693 24.243856 -45.389900
v -10.623262 24.163966 -45.393782
v -9.602460 24.120843 -44.869318
v -9.600959 24.197322 -44.865602
v -9.890177 24.237781 -45.581395
v -9.891726 24.158890 -45.585228
v -9.928012 24.163966 -45.675032
v -9.926443 24.243856 -45.671150
v -9.600565 24.198269 -44.864627
v -9.602134 24.118379 -44.868509
v -9.609649 24.140660 -44.887109
v -9.609371 24.141329 -44.886421
v -10.584500 24.237781 -45.300520
v -10.585427 24.237781 -45.300145
v -10.586976 24.158890 -45.303978
v -10.566908 24.180061 -45.310900
v -10.567550 24.180767 -45.310600
v -10.586002 24.161301 -45.304236
v -9.892606 24.161301 -45.584736
v -9.910294 24.180767 -45.576480
v -9.910963 24.180061 -45.576250
v -9.891726 24.158890 -45.585228
v -9.890177 24.237781 -45.581395
v -9.891104 24.237781 -45.581020
v -10.584500 24.237781 -45.300520
v -10.586002 24.161301 -45.304236
v -10.622011 24.166338 -45.393355
v -10.620509 24.242818 -45.389638
v -10.586002 24.161301 -45.304236
v -10.567550 24.180767 -45.310600
v -10.598163 24.185050 -45.386366
v -10.622011 24.166338 -45.393355
v -10.567550 24.180767 -45.310600
v -10.566908 24.180061 -45.310900
v -10.597326 24.184316 -45.386181
v -10.598163 24.185050 -45.386366
v -10.623262 24.163966 -45.393782
v -10.597326 24.184316 -45.386181
v -10.566908 24.180061 -45.310900
v -10.586976 24.158890 -45.303978
v -10.620509 24.242818 -45.389638
v -10.622011 24.166338 -45.393355
v -10.336267 24.171970 -45.624861
v -10.334766 24.248450 -45.621145
v -10.325890 24.190416 -45.606961
v -10.336267 24.171970 -45.624861
v -10.622011 24.166338 -45.393355
v -10.598163 24.185050 -45.386366
v -10.325540 24.189673 -45.606379
v -10.325890 24.190416 -45.606961
v -10.598163 24.185050 -45.386366
v -10.597326 24.184316 -45.386181
v -10.597326 24.184316 -45.386181
v -10.623262 24.163966 -45.393782
v -10.336827 24.169611 -45.625849
v -10.325540 24.189673 -45.606379
v -10.623262 24.163966 -45.393782
v -10.621693 24.243856 -45.389900
v -10.335258 24.249501 -45.621966
v -10.336827 24.169611 -45.625849
v -10.334766 24.248450 -45.621145
v -10.336267 24.171970 -45.624861
v -10.294869 24.171970 -45.641608
v -10.293368 24.248450 -45.637892
v -10.336267 24.171970 -45.624861
v -10.325890 24.190416 -45.606961
v -10.289898 24.190416 -45.621520
v -10.294869 24.171970 -45.641608
v -10.325890 24.190416 -45.606961
v -10.325540 24.189673 -45.606379
v -10.289745 24.189673 -45.620859
v -10.289898 24.190416 -45.621520
v -10.325540 24.189673 -45.606379
v -10.336827 24.169611 -45.625849
v -10.295153 24.169611 -45.642707
v -10.289745 24.189673 -45.620859
v -10.336827 24.169611 -45.625849
v -10.335258 24.249501 -45.621966
v -10.293584 24.249501 -45.638825
v -10.295153 24.169611 -45.642707
v -10.293368 24.248450 -45.637892
v -10.294869 24.171970 -45.641608
v -9.928615 24.166338 -45.673855
v -9.927113 24.242818 -45.670138
v -10.294869 24.171970 -45.641608
v -10.289898 24.190416 -45.621520
v -9.940907 24.185050 -45.652247
v -9.928615 24.166338 -45.673855
v -10.289898 24.190416 -45.621520
v -10.289745 24.189673 -45.620859
v -9.941381 24.184316 -45.651531
v -9.940907 24.185050 -45.652247
v -9.928012 24.163966 -45.675032
v -9.941381 24.184316 -45.651531
v -10.289745 24.189673 -45.620859
v -10.295153 24.169611 -45.642707
v -9.926443 24.243856 -45.671150
v -9.928012 24.163966 -45.675032
v -10.295153 24.169611 -45.642707
v -10.293584 24.249501 -45.638825
v -9.892606 24.161301 -45.584736
v -9.891104 24.237781 -45.581020
v -9.927113 24.242818 -45.670138
v -9.928615 24.166338 -45.673855
v -9.910294 24.180767 -45.576480
v -9.892606 24.161301 -45.584736
v -9.928615 24.166338 -45.673855
v -9.940907 24.185050 -45.652247
v -9.910963 24.180061 -45.576250
v -9.910294 24.180767 -45.576480
v -9.940907 24.185050 -45.652247
v -9.941381 24.184316 -45.651531
v -9.941381 24.184316 -45.651531
v -9.928012 24.163966 -45.675032
v -9.891726 24.158890 -45.585228
v -9.910963 24.180061 -45.576250
v -10.295815 24.198269 -44.583377
v -10.297384 24.118379 -44.587259
v -9.602134 24.118379 -44.868509
v -9.600565 24.198269 -44.864627
v -10.297384 24.118379 -44.587259
v -10.304899 24.140660 -44.605859
v -9.609649 24.140660 -44.887109
v -9.602134 24.118379 -44.868509
v -10.304899 24.140660 -44.605859
v -10.304621 24.141329 -44.605171
v -9.609371 24.141329 -44.886421
v -9.609649 24.140660 -44.887109
v -10.304621 24.141329 -44.605171
v -10.297710 24.120843 -44.588068
v -9.602460 24.120843 -44.869318
v -9.609371 24.141329 -44.886421
v -10.297710 24.120843 -44.588068
v -10.296209 24.197322 -44.584352
v -9.600959 24.197322 -44.865602
v -9.602460 24.120843 -44.869318
f 4485 4486 4481
f 4481 4482 4483
f 4483 4484 4485
f 4485 4481 4483
f 4495 4496 4487
f 4487 4488 4489
f 4489 4490 4491
f 4492 4493 4494
f 4494 4495 4487
f 4487 4489 4491
f 4492 4494 4487
f 4487 4491 4492
f 4505 4506 4497
f 4500 4501 4502
f 4505 4497 4498
f 4500 4502 4503
f 4504 4505 4498
f 4499 4500 4503
f 4504 4498 4499
f 4499 4503 4504
f 4515 4516 4507
f 4509 4510 4511
f 4514 4515 4507
f 4509 4511 4512
f 4513 4514 4507
f 4508 4509 4512
f 4513 4507 4508
f 4508 4512 4513
f 4522 4517 4518
f 4519 4520 4521
f 4522 4518 4519
f 4519 4521 4522
f 4527 4528 4523
f 4523 4524 4525
f 4526 4527 4523
f 4523 4525 4526
f 4529 4530 4532
f 4532 4530 4531
f 4533 4534 4536
f 4536 4534 4535
f 4537 4538 4540
f 4540 4538 4539
f 4541 4542 4544
f 4544 4542 4543
f 4545 4546 4548
f 4548 4546 4547
f 4549 4550 4552
f 4552 4550 4551
f 4553 4554 4556
f 4556 4554 4555
f 4557 4558 4560
f 4560 4558 4559
f 4561 4562 4564
f 4564 4562 4563
f 4565 4566 4568
f 4568 4566 4567
f 4569 4570 4572
f 4572 4570 4571
f 4573 4574 4576
f 4576 4574 4575
f 4577 4578 4580
f 4580 4578 4579
f 4581 4582 4584
f 4584 4582 4583
f 4585 4586 4588
f 4588 4586 4587
f 4589 4590 4592
f 4592 4590 4591
f 4593 4594 4596
f 4596 4594 4595
f 4597 4598 4600
f 4600 4598 4599
f 4601 4602 4604
f 4604 4602 4603
f 4605 4606 4608
f 4608 4606 4607
f 4609 4610 4612
f 4612 4610 4611
f 4613 4614 4616
f 4616 4614 4615
f 4617 4618 4620
f 4620 4618 4619
f 4621 4622 4624
f 4624 4622 4623
f 4625 4626 4628
f 4628 4626 4627
f 4629 4630 4632
f 4632 4630 4631
f 4633 4634 4636
f 4636 4634 4635
f 4637 4638 4640
f 4640 4638 4639
o item_92b0f140_1121249
v -7.790204 24.249501 -46.650315
v -7.831878 24.249501 -46.633456
v -8.118313 24.243856 -46.401390
v -7.792435 24.198269 -45.594867
v -7.097185 24.198269 -45.876117
v -7.423063 24.243856 -46.682640
v -8.081120 24.237781 -46.312010
v -8.117129 24.242818 -46.401128
v -7.831386 24.248450 -46.632635
v -7.789988 24.248450 -46.649382
v -7.423733 24.242818 -46.681628
v -7.387724 24.237781 -46.592510
v -7.386797 24.237781 -46.592885
v -7.097579 24.197322 -45.877092
v -7.792829 24.197322 -45.595842
v -8.082047 24.237781 -46.311635
v -8.083596 24.158890 -46.315468
v -8.082047 24.237781 -46.311635
v -7.792829 24.197322 -45.595842
v -7.794330 24.120843 -45.599558
v -7.801241 24.141329 -45.616661
v -7.801519 24.140660 -45.617349
v -7.794004 24.118379 -45.598749
v -7.792435 24.198269 -45.594867
v -8.118313 24.243856 -46.401390
v -8.119882 24.163966 -46.405272
v -7.099080 24.120843 -45.880808
v -7.097579 24.197322 -45.877092
v -7.386797 24.237781 -46.592885
v -7.388346 24.158890 -46.596718
v -7.424632 24.163966 -46.686522
v -7.423063 24.243856 -46.682640
v -7.097185 24.198269 -45.876117
v -7.098754 24.118379 -45.879999
v -7.106269 24.140660 -45.898599
v -7.105991 24.141329 -45.897911
v -8.081120 24.237781 -46.312010
v -8.082047 24.237781 -46.311635
v -8.083596 24.158890 -46.315468
v -8.063528 24.180061 -46.322390
v -8.064170 24.180767 -46.322090
v -8.082622 24.161301 -46.315726
v -7.389226 24.161301 -46.596226
v -7.406914 24.180767 -46.587970
v -7.407583 24.180061 -46.587740
v -7.388346 24.158890 -46.596718
v -7.386797 24.237781 -46.592885
v -7.387724 24.237781 -46.592510
v -8.081120 24.237781 -46.312010
v -8.082622 24.161301 -46.315726
v -8.118631 24.166338 -46.404845
v -8.117129 24.242818 -46.401128
v -8.082622 24.161301 -46.315726
v -8.064170 24.180767 -46.322090
v -8.094783 24.185050 -46.397856
v -8.118631 24.166338 -46.404845
v -8.064170 24.180767 -46.322090
v -8.063528 24.180061 -46.322390
v -8.093946 24.184316 -46.397671
v -8.094783 24.185050 -46.397856
v -8.119882 24.163966 -46.405272
v -8.093946 24.184316 -46.397671
v -8.063528 24.180061 -46.322390
v -8.083596 24.158890 -46.315468
v -8.117129 24.242818 -46.401128
v -8.118631 24.166338 -46.404845
v -7.832887 24.171970 -46.636351
v -7.831386 24.248450 -46.632635
v -7.822510 24.190416 -46.618451
v -7.832887 24.171970 -46.636351
v -8.118631 24.166338 -46.404845
v -8.094783 24.185050 -46.397856
v -7.822160 24.189673 -46.617869
v -7.822510 24.190416 -46.618451
v -8.094783 24.185050 -46.397856
v -8.093946 24.184316 -46.397671
v -8.093946 24.184316 -46.397671
v -8.119882 24.163966 -46.405272
v -7.833447 24.169611 -46.637339
v -7.822160 24.189673 -46.617869
v -8.119882 24.163966 -46.405272
v -8.118313 24.243856 -46.401390
v -7.831878 24.249501 -46.633456
v -7.833447 24.169611 -46.637339
v -7.831386 24.248450 -46.632635
v -7.832887 24.171970 -46.636351
v -7.791489 24.171970 -46.653098
v -7.789988 24.248450 -46.649382
v -7.832887 24.171970 -46.636351
v -7.822510 24.190416 -46.618451
v -7.786518 24.190416 -46.633010
v -7.791489 24.171970 -46.653098
v -7.822510 24.190416 -46.618451
v -7.822160 24.189673 -46.617869
v -7.786365 24.189673 -46.632349
v -7.786518 24.190416 -46.633010
v -7.822160 24.189673 -46.617869
v -7.833447 24.169611 -46.637339
v -7.791773 24.169611 -46.654197
v -7.786365 24.189673 -46.632349
v -7.833447 24.169611 -46.637339
v -7.831878 24.249501 -46.633456
v -7.790204 24.249501 -46.650315
v -7.791773 24.169611 -46.654197
v -7.789988 24.248450 -46.649382
v -7.791489 24.171970 -46.653098
v -7.425235 24.166338 -46.685345
v -7.423733 24.242818 -46.681628
v -7.791489 24.171970 -46.653098
v -7.786518 24.190416 -46.633010
v -7.437527 24.185050 -46.663737
v -7.425235 24.166338 -46.685345
v -7.786518 24.190416 -46.633010
v -7.786365 24.189673 -46.632349
v -7.438001 24.184316 -46.663021
v -7.437527 24.185050 -46.663737
v -7.424632 24.163966 -46.686522
v -7.438001 24.184316 -46.663021
v -7.786365 24.189673 -46.632349
v -7.791773 24.169611 -46.654197
v -7.423063 24.243856 -46.682640
v -7.424632 24.163966 -46.686522
v -7.791773 24.169611 -46.654197
v -7.790204 24.249501 -46.650315
v -7.389226 24.161301 -46.596226
v -7.387724 24.237781 -46.592510
v -7.423733 24.242818 -46.681628
v -7.425235 24.166338 -46.685345
v -7.406914 24.180767 -46.587970
v -7.389226 24.161301 -46.596226
v -7.425235 24.166338 -46.685345
v -7.437527 24.185050 -46.663737
v -7.407583 24.180061 -46.587740
v -7.406914 24.180767 -46.587970
v -7.437527 24.185050 -46.663737
v -7.438001 24.184316 -46.663021
v -7.438001 24.184316 -46.663021
v -7.424632 24.163966 -46.686522
v -7.388346 24.158890 -46.596718
v -7.407583 24.180061 -46.587740
v -7.792435 24.198269 -45.594867
v -7.794004 24.118379 -45.598749
v -7.098754 24.118379 -45.879999
v -7.097185 24.198269 -45.876117
v -7.794004 24.118379 -45.598749
v -7.801519 24.140660 -45.617349
v -7.106269 24.140660 -45.898599
v -7.098754 24.118379 -45.879999
v -7.801519 24.140660 -45.617349
v -7.801241 24.141329 -45.616661
v -7.105991 24.141329 -45.897911
v -7.106269 24.140660 -45.898599
v -7.801241 24.141329 -45.616661
v -7.794330 24.120843 -45.599558
v -7.099080 24.120843 -45.880808
v -7.105991 24.141329 -45.897911
v -7.794330 24.120843 -45.599558
v -7.792829 24.197322 -45.595842
v -7.097579 24.197322 -45.877092
v -7.099080 24.120843 -45.880808
f 4645 4646 4641
f 4641 4642 4643
f 4643 4644 4645
f 4645 4641 4643
f 4655 4656 4647
f 4647 4648 4649
f 4649 4650 4651
f 4652 4653 4654
f 4654 4655 4647
f 4647 4649 4651
f 4652 4654 4647
f 4647 4651 4652
f 4665 4666 4657
f 4660 4661 4662
f 4665 4657 4658
f 4660 4662 4663
f 4664 4665 4658
f 4659 4660 4663
f 4664 4658 4659
f 4659 4663 4664
f 4675 4676 4667
f 4669 4670 4671
f 4674 4675 4667
f 4669 4671 4672
f 4673 4674 4667
f 4668 4669 4672
f 4673 4667 4668
f 4668 4672 4673
f 4682 4677 4678
f 4679 4680 4681
f 4682 4678 4679
f 4679 4681 4682
f 4687 4688 4683
f 4683 4684 4685
f 4686 4687 4683
f 4683 4685 4686
f 4689 4690 4692
f 4692 4690 4691
f 4693 4694 4696
f 4696 4694 4695
f 4697 4698 4700
f 4700 4698 4699
f 4701 4702 4704
f 4704 4702 4703
f 4705 4706 4708
f 4708 4706 4707
f 4709 4710 4712
f 4712 4710 4711
f 4713 4714 4716
f 4716 4714 4715
f 4717 4718 4720
f 4720 4718 4719
f 4721 4722 4724
f 4724 4722 4723
f 4725 4726 4728
f 4728 4726 4727
f 4729 4730 4732
f 4732 4730 4731
f 4733 4734 4736
f 4736 4734 4735
f 4737 4738 4740
f 4740 4738 4739
f 4741 4742 4744
f 4744 4742 4743
f 4745 4746 4748
f 4748 4746 4747
f 4749 4750 4752
f 4752 4750 4751
f 4753 4754 4756
f 4756 4754 4755
f 4757 4758 4760
f 4760 4758 4759
f 4761 4762 4764
f 4764 4762 4763
f 4765 4766 4768
f 4768 4766 4767
f 4769 4770 4772
f 4772 4770 4771
f 4773 4774 4776
f 4776 4774 4775
f 4777 4778 4780
f 4780 4778 4779
f 4781 4782 4784
f 4784 4782 4783
f 4785 4786 4788
f 4788 4786 4787
f 4789 4790 4792
f 4792 4790 4791
f 4793 4794 4796
f 4796 4794 4795
f 4797 4798 4800
f 4800 4798 4799
o item_92b0f140_1121197
v -12.796954 24.249501 -44.627335
v -12.838628 24.249501 -44.610476
v -13.125063 24.243856 -44.378410
v -12.799185 24.198269 -43.571887
v -12.103935 24.198269 -43.853137
v -12.429813 24.243856 -44.659660
v -13.087870 24.237781 -44.289030
v -13.123879 24.242818 -44.378148
v -12.838136 24.248450 -44.609655
v -12.796738 24.248450 -44.626402
v -12.430483 24.242818 -44.658648
v -12.394474 24.237781 -44.569530
v -12.393547 24.237781 -44.569905
v -12.104329 24.197322 -43.854112
v -12.799579 24.197322 -43.572862
v -13.088797 24.237781 -44.288655
v -13.090346 24.158890 -44.292488
v -13.088797 24.237781 -44.288655
v -12.799579 24.197322 -43.572862
v -12.801080 24.120843 -43.576578
v -12.807991 24.141329 -43.593681
v -12.808269 24.140660 -43.594369
v -12.800754 24.118379 -43.575769
v -12.799185 24.198269 -43.571887
v -13.125063 24.243856 -44.378410
v -13.126632 24.163966 -44.382292
v -12.105830 24.120843 -43.857828
v -12.104329 24.197322 -43.854112
v -12.393547 24.237781 -44.569905
v -12.395096 24.158890 -44.573738
v -12.431382 24.163966 -44.663542
v -12.429813 24.243856 -44.659660
v -12.103935 24.198269 -43.853137
v -12.105504 24.118379 -43.857019
v -12.113019 24.140660 -43.875619
v -12.112741 24.141329 -43.874931
v -13.087870 24.237781 -44.289030
v -13.088797 24.237781 -44.288655
v -13.090346 24.158890 -44.292488
v -13.070278 24.180061 -44.299410
v -13.070920 24.180767 -44.299110
v -13.089372 24.161301 -44.292746
v -12.395976 24.161301 -44.573246
v -12.413664 24.180767 -44.564990
v -12.414333 24.180061 -44.564760
v -12.395096 24.158890 -44.573738
v -12.393547 24.237781 -44.569905
v -12.394474 24.237781 -44.569530
v -13.087870 24.237781 -44.289030
v -13.089372 24.161301 -44.292746
v -13.125381 24.166338 -44.381865
v -13.123879 24.242818 -44.378148
v -13.089372 24.161301 -44.292746
v -13.070920 24.180767 -44.299110
v -13.101533 24.185050 -44.374876
v -13.125381 24.166338 -44.381865
v -13.070920 24.180767 -44.299110
v -13.070278 24.180061 -44.299410
v -13.100696 24.184316 -44.374691
v -13.101533 24.185050 -44.374876
v -13.126632 24.163966 -44.382292
v -13.100696 24.184316 -44.374691
v -13.070278 24.180061 -44.299410
v -13.090346 24.158890 -44.292488
v -13.123879 24.242818 -44.378148
v -13.125381 24.166338 -44.381865
v -12.839637 24.171970 -44.613371
v -12.838136 24.248450 -44.609655
v -12.829260 24.190416 -44.595471
v -12.839637 24.171970 -44.613371
v -13.125381 24.166338 -44.381865
v -13.101533 24.185050 -44.374876
v -12.828910 24.189673 -44.594889
v -12.829260 24.190416 -44.595471
v -13.101533 24.185050 -44.374876
v -13.100696 24.184316 -44.374691
v -13.100696 24.184316 -44.374691
v -13.126632 24.163966 -44.382292
v -12.840197 24.169611 -44.614359
v -12.828910 24.189673 -44.594889
v -13.126632 24.163966 -44.382292
v -13.125063 24.243856 -44.378410
v -12.838628 24.249501 -44.610476
v -12.840197 24.169611 -44.614359
v -12.838136 24.248450 -44.609655
v -12.839637 24.171970 -44.613371
v -12.798239 24.171970 -44.630118
v -12.796738 24.248450 -44.626402
v -12.839637 24.171970 -44.613371
v -12.829260 24.190416 -44.595471
v -12.793268 24.190416 -44.610030
v -12.798239 24.171970 -44.630118
v -12.829260 24.190416 -44.595471
v -12.828910 24.189673 -44.594889
v -12.793115 24.189673 -44.609369
v -12.793268 24.190416 -44.610030
v -12.828910 24.189673 -44.594889
v -12.840197 24.169611 -44.614359
v -12.798523 24.169611 -44.631217
v -12.793115 24.189673 -44.609369
v -12.840197 24.169611 -44.614359
v -12.838628 24.249501 -44.610476
v -12.796954 24.249501 -44.627335
v -12.798523 24.169611 -44.631217
v -12.796738 24.248450 -44.626402
v -12.798239 24.171970 -44.630118
v -12.431985 24.166338 -44.662365
v -12.430483 24.242818 -44.658648
v -12.798239 24.171970 -44.630118
v -12.793268 24.190416 -44.610030
v -12.444277 24.185050 -44.640757
v -12.431985 24.166338 -44.662365
v -12.793268 24.190416 -44.610030
v -12.793115 24.189673 -44.609369
v -12.444751 24.184316 -44.640041
v -12.444277 24.185050 -44.640757
v -12.431382 24.163966 -44.663542
v -12.444751 24.184316 -44.640041
v -12.793115 24.189673 -44.609369
v -12.798523 24.169611 -44.631217
v -12.429813 24.243856 -44.659660
v -12.431382 24.163966 -44.663542
v -12.798523 24.169611 -44.631217
v -12.796954 24.249501 -44.627335
v -12.395976 24.161301 -44.573246
v -12.394474 24.237781 -44.569530
v -12.430483 24.242818 -44.658648
v -12.431985 24.166338 -44.662365
v -12.413664 24.180767 -44.564990
v -12.395976 24.161301 -44.573246
v -12.431985 24.166338 -44.662365
v -12.444277 24.185050 -44.640757
v -12.414333 24.180061 -44.564760
v -12.413664 24.180767 -44.564990
v -12.444277 24.185050 -44.640757
v -12.444751 24.184316 -44.640041
v -12.444751 24.184316 -44.640041
v -12.431382 24.163966 -44.663542
v -12.395096 24.158890 -44.573738
v -12.414333 24.180061 -44.564760
v -12.799185 24.198269 -43.571887
v -12.800754 24.118379 -43.575769
v -12.105504 24.118379 -43.857019
v -12.103935 24.198269 -43.853137
v -12.800754 24.118379 -43.575769
v -12.808269 24.140660 -43.594369
v -12.113019 24.140660 -43.875619
v -12.105504 24.118379 -43.857019
v -12.808269 24.140660 -43.594369
v -12.807991 24.141329 -43.593681
v -12.112741 24.141329 -43.874931
v -12.113019 24.140660 -43.875619
v -12.807991 24.141329 -43.593681
v -12.801080 24.120843 -43.576578
v -12.105830 24.120843 -43.857828
v -12.112741 24.141329 -43.874931
v -12.801080 24.120843 -43.576578
v -12.799579 24.197322 -43.572862
v -12.104329 24.197322 -43.854112
v -12.105830 24.120843 -43.857828
f 4805 4806 4801
f 4801 4802 4803
f 4803 4804 4805
f 4805 4801 4803
f 4815 4816 4807
f 4807 4808 4809
f 4809 4810 4811
f 4812 4813 4814
f 4814 4815 4807
f 4807 4809 4811
f 4812 4814 4807
f 4807 4811 4812
f 4825 4826 4817
f 4820 4821 4822
f 4825 4817 4818
f 4820 4822 4823
f 4824 4825 4818
f 4819 4820 4823
f 4824 4818 4819
f 4819 4823 4824
f 4835 4836 4827
f 4829 4830 4831
f 4834 4835 4827
f 4829 4831 4832
f 4833 4834 4827
f 4828 4829 4832
f 4833 4827 4828
f 4828 4832 4833
f 4842 4837 4838
f 4839 4840 4841
f 4842 4838 4839
f 4839 4841 4842
f 4847 4848 4843
f 4843 4844 4845
f 4846 4847 4843
f 4843 4845 4846
f 4849 4850 4852
f 4852 4850 4851
f 4853 4854 4856
f 4856 4854 4855
f 4857 4858 4860
f 4860 4858 4859
f 4861 4862 4864
f 4864 4862 4863
f 4865 4866 4868
f 4868 4866 4867
f 4869 4870 4872
f 4872 4870 4871
f 4873 4874 4876
f 4876 4874 4875
f 4877 4878 4880
f 4880 4878 4879
f 4881 4882 4884
f 4884 4882 4883
f 4885 4886 4888
f 4888 4886 4887
f 4889 4890 4892
f 4892 4890 4891
f 4893 4894 4896
f 4896 4894 4895
f 4897 4898 4900
f 4900 4898 4899
f 4901 4902 4904
f 4904 4902 4903
f 4905 4906 4908
f 4908 4906 4907
f 4909 4910 4912
f 4912 4910 4911
f 4913 4914 4916
f 4916 4914 4915
f 4917 4918 4920
f 4920 4918 4919
f 4921 4922 4924
f 4924 4922 4923
f 4925 4926 4928
f 4928 4926 4927
f 4929 4930 4932
f 4932 4930 4931
f 4933 4934 4936
f 4936 4934 4935
f 4937 4938 4940
f 4940 4938 4939
f 4941 4942 4944
f 4944 4942 4943
f 4945 4946 4948
f 4948 4946 4947
f 4949 4950 4952
f 4952 4950 4951
f 4953 4954 4956
f 4956 4954 4955
f 4957 4958 4960
f 4960 4958 4959
o item_92b0f140_1121171
v -15.300334 24.249501 -43.615845
v -15.342008 24.249501 -43.598986
v -15.628443 24.243856 -43.366920
v -15.302565 24.198269 -42.560397
v -14.607315 24.198269 -42.841647
v -14.933193 24.243856 -43.648170
v -15.591250 24.237781 -43.277540
v -15.627259 24.242818 -43.366658
v -15.341516 24.248450 -43.598165
v -15.300118 24.248450 -43.614912
v -14.933863 24.242818 -43.647158
v -14.897854 24.237781 -43.558040
v -14.896927 24.237781 -43.558415
v -14.607709 24.197322 -42.842622
v -15.302959 24.197322 -42.561372
v -15.592177 24.237781 -43.277165
v -15.593726 24.158890 -43.280998
v -15.592177 24.237781 -43.277165
v -15.302959 24.197322 -42.561372
v -15.304460 24.120843 -42.565088
v -15.311371 24.141329 -42.582191
v -15.311649 24.140660 -42.582879
v -15.304134 24.118379 -42.564279
v -15.302565 24.198269 -42.560397
v -15.628443 24.243856 -43.366920
v -15.630012 24.163966 -43.370802
v -14.609210 24.120843 -42.846338
v -14.607709 24.197322 -42.842622
v -14.896927 24.237781 -43.558415
v -14.898476 24.158890 -43.562248
v -14.934762 24.163966 -43.652052
v -14.933193 24.243856 -43.648170
v -14.607315 24.198269 -42.841647
v -14.608884 24.118379 -42.845529
v -14.616399 24.140660 -42.864129
v -14.616121 24.141329 -42.863441
v -15.591250 24.237781 -43.277540
v -15.592177 24.237781 -43.277165
v -15.593726 24.158890 -43.280998
v -15.573658 24.180061 -43.287920
v -15.574300 24.180767 -43.287620
v -15.592752 24.161301 -43.281256
v -14.899356 24.161301 -43.561756
v -14.917044 24.180767 -43.553500
v -14.917713 24.180061 -43.553270
v -14.898476 24.158890 -43.562248
v -14.896927 24.237781 -43.558415
v -14.897854 24.237781 -43.558040
v -15.591250 24.237781 -43.277540
v -15.592752 24.161301 -43.281256
v -15.628761 24.166338 -43.370375
v -15.627259 24.242818 -43.366658
v -15.592752 24.161301 -43.281256
v -15.574300 24.180767 -43.287620
v -15.604913 24.185050 -43.363386
v -15.628761 24.166338 -43.370375
v -15.574300 24.180767 -43.287620
v -15.573658 24.180061 -43.287920
v -15.604076 24.184316 -43.363201
v -15.604913 24.185050 -43.363386
v -15.630012 24.163966 -43.370802
v -15.604076 24.184316 -43.363201
v -15.573658 24.180061 -43.287920
v -15.593726 24.158890 -43.280998
v -15.627259 24.242818 -43.366658
v -15.628761 24.166338 -43.370375
v -15.343017 24.171970 -43.601881
v -15.341516 24.248450 -43.598165
v -15.332640 24.190416 -43.583981
v -15.343017 24.171970 -43.601881
v -15.628761 24.166338 -43.370375
v -15.604913 24.185050 -43.363386
v -15.332290 24.189673 -43.583399
v -15.332640 24.190416 -43.583981
v -15.604913 24.185050 -43.363386
v -15.604076 24.184316 -43.363201
v -15.604076 24.184316 -43.363201
v -15.630012 24.163966 -43.370802
v -15.343577 24.169611 -43.602869
v -15.332290 24.189673 -43.583399
v -15.630012 24.163966 -43.370802
v -15.628443 24.243856 -43.366920
v -15.342008 24.249501 -43.598986
v -15.343577 24.169611 -43.602869
v -15.341516 24.248450 -43.598165
v -15.343017 24.171970 -43.601881
v -15.301619 24.171970 -43.618628
v -15.300118 24.248450 -43.614912
v -15.343017 24.171970 -43.601881
v -15.332640 24.190416 -43.583981
v -15.296648 24.190416 -43.598540
v -15.301619 24.171970 -43.618628
v -15.332640 24.190416 -43.583981
v -15.332290 24.189673 -43.583399
v -15.296495 24.189673 -43.597879
v -15.296648 24.190416 -43.598540
v -15.332290 24.189673 -43.583399
v -15.343577 24.169611 -43.602869
v -15.301903 24.169611 -43.619727
v -15.296495 24.189673 -43.597879
v -15.343577 24.169611 -43.602869
v -15.342008 24.249501 -43.598986
v -15.300334 24.249501 -43.615845
v -15.301903 24.169611 -43.619727
v -15.300118 24.248450 -43.614912
v -15.301619 24.171970 -43.618628
v -14.935365 24.166338 -43.650875
v -14.933863 24.242818 -43.647158
v -15.301619 24.171970 -43.618628
v -15.296648 24.190416 -43.598540
v -14.947657 24.185050 -43.629267
v -14.935365 24.166338 -43.650875
v -15.296648 24.190416 -43.598540
v -15.296495 24.189673 -43.597879
v -14.948131 24.184316 -43.628551
v -14.947657 24.185050 -43.629267
v -14.934762 24.163966 -43.652052
v -14.948131 24.184316 -43.628551
v -15.296495 24.189673 -43.597879
v -15.301903 24.169611 -43.619727
v -14.933193 24.243856 -43.648170
v -14.934762 24.163966 -43.652052
v -15.301903 24.169611 -43.619727
v -15.300334 24.249501 -43.615845
v -14.899356 24.161301 -43.561756
v -14.897854 24.237781 -43.558040
v -14.933863 24.242818 -43.647158
v -14.935365 24.166338 -43.650875
v -14.917044 24.180767 -43.553500
v -14.899356 24.161301 -43.561756
v -14.935365 24.166338 -43.650875
v -14.947657 24.185050 -43.629267
v -14.917713 24.180061 -43.553270
v -14.917044 24.180767 -43.553500
v -14.947657 24.185050 -43.629267
v -14.948131 24.184316 -43.628551
v -14.948131 24.184316 -43.628551
v -14.934762 24.163966 -43.652052
v -14.898476 24.158890 -43.562248
v -14.917713 24.180061 -43.553270
v -15.302565 24.198269 -42.560397
v -15.304134 24.118379 -42.564279
v -14.608884 24.118379 -42.845529
v -14.607315 24.198269 -42.841647
v -15.304134 24.118379 -42.564279
v -15.311649 24.140660 -42.582879
v -14.616399 24.140660 -42.864129
v -14.608884 24.118379 -42.845529
v -15.311649 24.140660 -42.582879
v -15.311371 24.141329 -42.582191
v -14.616121 24.141329 -42.863441
v -14.616399 24.140660 -42.864129
v -15.311371 24.141329 -42.582191
v -15.304460 24.120843 -42.565088
v -14.609210 24.120843 -42.846338
v -14.616121 24.141329 -42.863441
v -15.304460 24.120843 -42.565088
v -15.302959 24.197322 -42.561372
v -14.607709 24.197322 -42.842622
v -14.609210 24.120843 -42.846338
f 4965 4966 4961
f 4961 4962 4963
f 4963 4964 4965
f 4965 4961 4963
f 4975 4976 4967
f 4967 4968 4969
f 4969 4970 4971
f 4972 4973 4974
f 4974 4975 4967
f 4967 4969 4971
f 4972 4974 4967
f 4967 4971 4972
f 4985 4986 4977
f 4980 4981 4982
f 4985 4977 4978
f 4980 4982 4983
f 4984 4985 4978
f 4979 4980 4983
f 4984 4978 4979
f 4979 4983 4984
f 4995 4996 4987
f 4989 4990 4991
f 4994 4995 4987
f 4989 4991 4992
f 4993 4994 4987
f 4988 4989 4992
f 4993 4987 4988
f 4988 4992 4993
f 5002 4997 4998
f 4999 5000 5001
f 5002 4998 4999
f 4999 5001 5002
f 5007 5008 5003
f 5003 5004 5005
f 5006 5007 5003
f 5003 5005 5006
f 5009 5010 5012
f 5012 5010 5011
f 5013 5014 5016
f 5016 5014 5015
f 5017 5018 5020
f 5020 5018 5019
f 5021 5022 5024
f 5024 5022 5023
f 5025 5026 5028
f 5028 5026 5027
f 5029 5030 5032
f 5032 5030 5031
f 5033 5034 5036
f 5036 5034 5035
f 5037 5038 5040
f 5040 5038 5039
f 5041 5042 5044
f 5044 5042 5043
f 5045 5046 5048
f 5048 5046 5047
f 5049 5050 5052
f 5052 5050 5051
f 5053 5054 5056
f 5056 5054 5055
f 5057 5058 5060
f 5060 5058 5059
f 5061 5062 5064
f 5064 5062 5063
f 5065 5066 5068
f 5068 5066 5067
f 5069 5070 5072
f 5072 5070 5071
f 5073 5074 5076
f 5076 5074 5075
f 5077 5078 5080
f 5080 5078 5079
f 5081 5082 5084
f 5084 5082 5083
f 5085 5086 5088
f 5088 5086 5087
f 5089 5090 5092
f 5092 5090 5091
f 5093 5094 5096
f 5096 5094 5095
f 5097 5098 5100
f 5100 5098 5099
f 5101 5102 5104
f 5104 5102 5103
f 5105 5106 5108
f 5108 5106 5107
f 5109 5110 5112
f 5112 5110 5111
f 5113 5114 5116
f 5116 5114 5115
f 5117 5118 5120
f 5120 5118 5119
o item_92b0f140_1121145
v -17.803704 24.249501 -42.604355
v -17.845378 24.249501 -42.587496
v -18.131813 24.243856 -42.355430
v -17.805935 24.198269 -41.548907
v -17.110685 24.198269 -41.830157
v -17.436563 24.243856 -42.636680
v -18.094620 24.237781 -42.266050
v -18.130629 24.242818 -42.355168
v -17.844886 24.248450 -42.586675
v -17.803488 24.248450 -42.603422
v -17.437233 24.242818 -42.635668
v -17.401224 24.237781 -42.546550
v -17.400297 24.237781 -42.546925
v -17.111079 24.197322 -41.831132
v -17.806329 24.197322 -41.549882
v -18.095547 24.237781 -42.265675
v -18.097096 24.158890 -42.269508
v -18.095547 24.237781 -42.265675
v -17.806329 24.197322 -41.549882
v -17.807830 24.120843 -41.553598
v -17.814741 24.141329 -41.570701
v -17.815019 24.140660 -41.571389
v -17.807504 24.118379 -41.552789
v -17.805935 24.198269 -41.548907
v -18.131813 24.243856 -42.355430
v -18.133382 24.163966 -42.359312
v -17.112580 24.120843 -41.834848
v -17.111079 24.197322 -41.831132
v -17.400297 24.237781 -42.546925
v -17.401846 24.158890 -42.550758
v -17.438132 24.163966 -42.640562
v -17.436563 24.243856 -42.636680
v -17.110685 24.198269 -41.830157
v -17.112254 24.118379 -41.834039
v -17.119769 24.140660 -41.852639
v -17.119491 24.141329 -41.851951
v -18.094620 24.237781 -42.266050
v -18.095547 24.237781 -42.265675
v -18.097096 24.158890 -42.269508
v -18.077028 24.180061 -42.276430
v -18.077670 24.180767 -42.276130
v -18.096122 24.161301 -42.269766
v -17.402726 24.161301 -42.550266
v -17.420414 24.180767 -42.542010
v -17.421083 24.180061 -42.541780
v -17.401846 24.158890 -42.550758
v -17.400297 24.237781 -42.546925
v -17.401224 24.237781 -42.546550
v -18.094620 24.237781 -42.266050
v -18.096122 24.161301 -42.269766
v -18.132131 24.166338 -42.358885
v -18.130629 24.242818 -42.355168
v -18.096122 24.161301 -42.269766
v -18.077670 24.180767 -42.276130
v -18.108283 24.185050 -42.351896
v -18.132131 24.166338 -42.358885
v -18.077670 24.180767 -42.276130
v -18.077028 24.180061 -42.276430
v -18.107446 24.184316 -42.351711
v -18.108283 24.185050 -42.351896
v -18.133382 24.163966 -42.359312
v -18.107446 24.184316 -42.351711
v -18.077028 24.180061 -42.276430
v -18.097096 24.158890 -42.269508
v -18.130629 24.242818 -42.355168
v -18.132131 24.166338 -42.358885
v -17.846387 24.171970 -42.590391
v -17.844886 24.248450 -42.586675
v -17.836010 24.190416 -42.572491
v -17.846387 24.171970 -42.590391
v -18.132131 24.166338 -42.358885
v -18.108283 24.185050 -42.351896
v -17.835660 24.189673 -42.571909
v -17.836010 24.190416 -42.572491
v -18.108283 24.185050 -42.351896
v -18.107446 24.184316 -42.351711
v -18.107446 24.184316 -42.351711
v -18.133382 24.163966 -42.359312
v -17.846947 24.169611 -42.591379
v -17.835660 24.189673 -42.571909
v -18.133382 24.163966 -42.359312
v -18.131813 24.243856 -42.355430
v -17.845378 24.249501 -42.587496
v -17.846947 24.169611 -42.591379
v -17.844886 24.248450 -42.586675
v -17.846387 24.171970 -42.590391
v -17.804989 24.171970 -42.607138
v -17.803488 24.248450 -42.603422
v -17.846387 24.171970 -42.590391
v -17.836010 24.190416 -42.572491
v -17.800018 24.190416 -42.587050
v -17.804989 24.171970 -42.607138
v -17.836010 24.190416 -42.572491
v -17.835660 24.189673 -42.571909
v -17.799865 24.189673 -42.586389
v -17.800018 24.190416 -42.587050
v -17.835660 24.189673 -42.571909
v -17.846947 24.169611 -42.591379
v -17.805273 24.169611 -42.608237
v -17.799865 24.189673 -42.586389
v -17.846947 24.169611 -42.591379
v -17.845378 24.249501 -42.587496
v -17.803704 24.249501 -42.604355
v -17.805273 24.169611 -42.608237
v -17.803488 24.248450 -42.603422
v -17.804989 24.171970 -42.607138
v -17.438735 24.166338 -42.639385
v -17.437233 24.242818 -42.635668
v -17.804989 24.171970 -42.607138
v -17.800018 24.190416 -42.587050
v -17.451027 24.185050 -42.617777
v -17.438735 24.166338 -42.639385
v -17.800018 24.190416 -42.587050
v -17.799865 24.189673 -42.586389
v -17.451501 24.184316 -42.617061
v -17.451027 24.185050 -42.617777
v -17.438132 24.163966 -42.640562
v -17.451501 24.184316 -42.617061
v -17.799865 24.189673 -42.586389
v -17.805273 24.169611 -42.608237
v -17.436563 24.243856 -42.636680
v -17.438132 24.163966 -42.640562
v -17.805273 24.169611 -42.608237
v -17.803704 24.249501 -42.604355
v -17.402726 24.161301 -42.550266
v -17.401224 24.237781 -42.546550
v -17.437233 24.242818 -42.635668
v -17.438735 24.166338 -42.639385
v -17.420414 24.180767 -42.542010
v -17.402726 24.161301 -42.550266
v -17.438735 24.166338 -42.639385
v -17.451027 24.185050 -42.617777
v -17.421083 24.180061 -42.541780
v -17.420414 24.180767 -42.542010
v -17.451027 24.185050 -42.617777
v -17.451501 24.184316 -42.617061
v -17.451501 24.184316 -42.617061
v -17.438132 24.163966 -42.640562
v -17.401846 24.158890 -42.550758
v -17.421083 24.180061 -42.541780
v -17.805935 24.198269 -41.548907
v -17.807504 24.118379 -41.552789
v -17.112254 24.118379 -41.834039
v -17.110685 24.198269 -41.830157
v -17.807504 24.118379 -41.552789
v -17.815019 24.140660 -41.571389
v -17.119769 24.140660 -41.852639
v -17.112254 24.118379 -41.834039
v -17.815019 24.140660 -41.571389
v -17.814741 24.141329 -41.570701
v -17.119491 24.141329 -41.851951
v -17.119769 24.140660 -41.852639
v -17.814741 24.141329 -41.570701
v -17.807830 24.120843 -41.553598
v -17.112580 24.120843 -41.834848
v -17.119491 24.141329 -41.851951
v -17.807830 24.120843 -41.553598
v -17.806329 24.197322 -41.549882
v -17.111079 24.197322 -41.831132
v -17.112580 24.120843 -41.834848
f 5125 5126 5121
f 5121 5122 5123
f 5123 5124 5125
f 5125 5121 5123
f 5135 5136 5127
f 5127 5128 5129
f 5129 5130 5131
f 5132 5133 5134
f 5134 5135 5127
f 5127 5129 5131
f 5132 5134 5127
f 5127 5131 5132
f 5145 5146 5137
f 5140 5141 5142
f 5145 5137 5138
f 5140 5142 5143
f 5144 5145 5138
f 5139 5140 5143
f 5144 5138 5139
f 5139 5143 5144
f 5155 5156 5147
f 5149 5150 5151
f 5154 5155 5147
f 5149 5151 5152
f 5153 5154 5147
f 5148 5149 5152
f 5153 5147 5148
f 5148 5152 5153
f 5162 5157 5158
f 5159 5160 5161
f 5162 5158 5159
f 5159 5161 5162
f 5167 5168 5163
f 5163 5164 5165
f 5166 5167 5163
f 5163 5165 5166
f 5169 5170 5172
f 5172 5170 5171
f 5173 5174 5176
f 5176 5174 5175
f 5177 5178 5180
f 5180 5178 5179
f 5181 5182 5184
f 5184 5182 5183
f 5185 5186 5188
f 5188 5186 5187
f 5189 5190 5192
f 5192 5190 5191
f 5193 5194 5196
f 5196 5194 5195
f 5197 5198 5200
f 5200 5198 5199
f 5201 5202 5204
f 5204 5202 5203
f 5205 5206 5208
f 5208 5206 5207
f 5209 5210 5212
f 5212 5210 5211
f 5213 5214 5216
f 5216 5214 5215
f 5217 5218 5220
f 5220 5218 5219
f 5221 5222 5224
f 5224 5222 5223
f 5225 5226 5228
f 5228 5226 5227
f 5229 5230 5232
f 5232 5230 5231
f 5233 5234 5236
f 5236 5234 5235
f 5237 5238 5240
f 5240 5238 5239
f 5241 5242 5244
f 5244 5242 5243
f 5245 5246 5248
f 5248 5246 5247
f 5249 5250 5252
f 5252 5250 5251
f 5253 5254 5256
f 5256 5254 5255
f 5257 5258 5260
f 5260 5258 5259
f 5261 5262 5264
f 5264 5262 5263
f 5265 5266 5268
f 5268 5266 5267
f 5269 5270 5272
f 5272 5270 5271
f 5273 5274 5276
f 5276 5274 5275
f 5277 5278 5280
f 5280 5278 5279
o item_92b0f140_1121119
v -20.307084 24.249501 -41.592865
v -20.348758 24.249501 -41.576006
v -20.635193 24.243856 -41.343940
v -20.309315 24.198269 -40.537417
v -19.614065 24.198269 -40.818667
v -19.939943 24.243856 -41.625190
v -20.598000 24.237781 -41.254560
v -20.634009 24.242818 -41.343678
v -20.348266 24.248450 -41.575185
v -20.306868 24.248450 -41.591932
v -19.940613 24.242818 -41.624178
v -19.904604 24.237781 -41.535060
v -19.903677 24.237781 -41.535435
v -19.614459 24.197322 -40.819642
v -20.309709 24.197322 -40.538392
v -20.598927 24.237781 -41.254185
v -20.600476 24.158890 -41.258018
v -20.598927 24.237781 -41.254185
v -20.309709 24.197322 -40.538392
v -20.311210 24.120843 -40.542108
v -20.318121 24.141329 -40.559211
v -20.318399 24.140660 -40.559899
v -20.310884 24.118379 -40.541299
v -20.309315 24.198269 -40.537417
v -20.635193 24.243856 -41.343940
v -20.636762 24.163966 -41.347822
v -19.615960 24.120843 -40.823358
v -19.614459 24.197322 -40.819642
v -19.903677 24.237781 -41.535435
v -19.905226 24.158890 -41.539268
v -19.941512 24.163966 -41.629072
v -19.939943 24.243856 -41.625190
v -19.614065 24.198269 -40.818667
v -19.615634 24.118379 -40.822549
v -19.623149 24.140660 -40.841149
v -19.622871 24.141329 -40.840461
v -20.598000 24.237781 -41.254560
v -20.598927 24.237781 -41.254185
v -20.600476 24.158890 -41.258018
v -20.580408 24.180061 -41.264940
v -20.581050 24.180767 -41.264640
v -20.599502 24.161301 -41.258276
v -19.906106 24.161301 -41.538776
v -19.923794 24.180767 -41.530520
v -19.924463 24.180061 -41.530290
v -19.905226 24.158890 -41.539268
v -19.903677 24.237781 -41.535435
v -19.904604 24.237781 -41.535060
v -20.598000 24.237781 -41.254560
v -20.599502 24.161301 -41.258276
v -20.635511 24.166338 -41.347395
v -20.634009 24.242818 -41.343678
v -20.599502 24.161301 -41.258276
v -20.581050 24.180767 -41.264640
v -20.611663 24.185050 -41.340406
v -20.635511 24.166338 -41.347395
v -20.581050 24.180767 -41.264640
v -20.580408 24.180061 -41.264940
v -20.610826 24.184316 -41.340221
v -20.611663 24.185050 -41.340406
v -20.636762 24.163966 -41.347822
v -20.610826 24.184316 -41.340221
v -20.580408 24.180061 -41.264940
v -20.600476 24.158890 -41.258018
v -20.634009 24.242818 -41.343678
v -20.635511 24.166338 -41.347395
v -20.349767 24.171970 -41.578901
v -20.348266 24.248450 -41.575185
v -20.339390 24.190416 -41.561001
v -20.349767 24.171970 -41.578901
v -20.635511 24.166338 -41.347395
v -20.611663 24.185050 -41.340406
v -20.339040 24.189673 -41.560419
v -20.339390 24.190416 -41.561001
v -20.611663 24.185050 -41.340406
v -20.610826 24.184316 -41.340221
v -20.610826 24.184316 -41.340221
v -20.636762 24.163966 -41.347822
v -20.350327 24.169611 -41.579889
v -20.339040 24.189673 -41.560419
v -20.636762 24.163966 -41.347822
v -20.635193 24.243856 -41.343940
v -20.348758 24.249501 -41.576006
v -20.350327 24.169611 -41.579889
v -20.348266 24.248450 -41.575185
v -20.349767 24.171970 -41.578901
v -20.308369 24.171970 -41.595648
v -20.306868 24.248450 -41.591932
v -20.349767 24.171970 -41.578901
v -20.339390 24.190416 -41.561001
v -20.303398 24.190416 -41.575560
v -20.308369 24.171970 -41.595648
v -20.339390 24.190416 -41.561001
v -20.339040 24.189673 -41.560419
v -20.303245 24.189673 -41.574899
v -20.303398 24.190416 -41.575560
v -20.339040 24.189673 -41.560419
v -20.350327 24.169611 -41.579889
v -20.308653 24.169611 -41.596747
v -20.303245 24.189673 -41.574899
v -20.350327 24.169611 -41.579889
v -20.348758 24.249501 -41.576006
v -20.307084 24.249501 -41.592865
v -20.308653 24.169611 -41.596747
v -20.306868 24.248450 -41.591932
v -20.308369 24.171970 -41.595648
v -19.942115 24.166338 -41.627895
v -19.940613 24.242818 -41.624178
v -20.308369 24.171970 -41.595648
v -20.303398 24.190416 -41.575560
v -19.954407 24.185050 -41.606287
v -19.942115 24.166338 -41.627895
v -20.303398 24.190416 -41.575560
v -20.303245 24.189673 -41.574899
v -19.954881 24.184316 -41.605571
v -19.954407 24.185050 -41.606287
v -19.941512 24.163966 -41.629072
v -19.954881 24.184316 -41.605571
v -20.303245 24.189673 -41.574899
v -20.308653 24.169611 -41.596747
v -19.939943 24.243856 -41.625190
v -19.941512 24.163966 -41.629072
v -20.308653 24.169611 -41.596747
v -20.307084 24.249501 -41.592865
v -19.906106 24.161301 -41.538776
v -19.904604 24.237781 -41.535060
v -19.940613 24.242818 -41.624178
v -19.942115 24.166338 -41.627895
v -19.923794 24.180767 -41.530520
v -19.906106 24.161301 -41.538776
v -19.942115 24.166338 -41.627895
v -19.954407 24.185050 -41.606287
v -19.924463 24.180061 -41.530290
v -19.923794 24.180767 -41.530520
v -19.954407 24.185050 -41.606287
v -19.954881 24.184316 -41.605571
v -19.954881 24.184316 -41.605571
v -19.941512 24.163966 -41.629072
v -19.905226 24.158890 -41.539268
v -19.924463 24.180061 -41.530290
v -20.309315 24.198269 -40.537417
v -20.310884 24.118379 -40.541299
v -19.615634 24.118379 -40.822549
v -19.614065 24.198269 -40.818667
v -20.310884 24.118379 -40.541299
v -20.318399 24.140660 -40.559899
v -19.623149 24.140660 -40.841149
v -19.615634 24.118379 -40.822549
v -20.318399 24.140660 -40.559899
v -20.318121 24.141329 -40.559211
v -19.622871 24.141329 -40.840461
v -19.623149 24.140660 -40.841149
v -20.318121 24.141329 -40.559211
v -20.311210 24.120843 -40.542108
v -19.615960 24.120843 -40.823358
v -19.622871 24.141329 -40.840461
v -20.311210 24.120843 -40.542108
v -20.309709 24.197322 -40.538392
v -19.614459 24.197322 -40.819642
v -19.615960 24.120843 -40.823358
f 5285 5286 5281
f 5281 5282 5283
f 5283 5284 5285
f 5285 5281 5283
f 5295 5296 5287
f 5287 5288 5289
f 5289 5290 5291
f 5292 5293 5294
f 5294 5295 5287
f 5287 5289 5291
f 5292 5294 5287
f 5287 5291 5292
f 5305 5306 5297
f 5300 5301 5302
f 5305 5297 5298
f 5300 5302 5303
f 5304 5305 5298
f 5299 5300 5303
f 5304 5298 5299
f 5299 5303 5304
f 5315 5316 5307
f 5309 5310 5311
f 5314 5315 5307
f 5309 5311 5312
f 5313 5314 5307
f 5308 5309 5312
f 5313 5307 5308
f 5308 5312 5313
f 5322 5317 5318
f 5319 5320 5321
f 5322 5318 5319
f 5319 5321 5322
f 5327 5328 5323
f 5323 5324 5325
f 5326 5327 5323
f 5323 5325 5326
f 5329 5330 5332
f 5332 5330 5331
f 5333 5334 5336
f 5336 5334 5335
f 5337 5338 5340
f 5340 5338 5339
f 5341 5342 5344
f 5344 5342 5343
f 5345 5346 5348
f 5348 5346 5347
f 5349 5350 5352
f 5352 5350 5351
f 5353 5354 5356
f 5356 5354 5355
f 5357 5358 5360
f 5360 5358 5359
f 5361 5362 5364
f 5364 5362 5363
f 5365 5366 5368
f 5368 5366 5367
f 5369 5370 5372
f 5372 5370 5371
f 5373 5374 5376
f 5376 5374 5375
f 5377 5378 5380
f 5380 5378 5379
f 5381 5382 5384
f 5384 5382 5383
f 5385 5386 5388
f 5388 5386 5387
f 5389 5390 5392
f 5392 5390 5391
f 5393 5394 5396
f 5396 5394 5395
f 5397 5398 5400
f 5400 5398 5399
f 5401 5402 5404
f 5404 5402 5403
f 5405 5406 5408
f 5408 5406 5407
f 5409 5410 5412
f 5412 5410 5411
f 5413 5414 5416
f 5416 5414 5415
f 5417 5418 5420
f 5420 5418 5419
f 5421 5422 5424
f 5424 5422 5423
f 5425 5426 5428
f 5428 5426 5427
f 5429 5430 5432
f 5432 5430 5431
f 5433 5434 5436
f 5436 5434 5435
f 5437 5438 5440
f 5440 5438 5439
o item_92b0f140_1121093
v -22.875354 24.249501 -40.555145
v -22.917028 24.249501 -40.538286
v -23.203463 24.243856 -40.306220
v -22.877585 24.198269 -39.499697
v -22.182335 24.198269 -39.780947
v -22.508213 24.243856 -40.587470
v -23.166270 24.237781 -40.216840
v -23.202279 24.242818 -40.305958
v -22.916536 24.248450 -40.537465
v -22.875138 24.248450 -40.554212
v -22.508883 24.242818 -40.586458
v -22.472874 24.237781 -40.497340
v -22.471947 24.237781 -40.497715
v -22.182729 24.197322 -39.781922
v -22.877979 24.197322 -39.500672
v -23.167197 24.237781 -40.216465
v -23.168746 24.158890 -40.220298
v -23.167197 24.237781 -40.216465
v -22.877979 24.197322 -39.500672
v -22.879480 24.120843 -39.504388
v -22.886391 24.141329 -39.521491
v -22.886669 24.140660 -39.522179
v -22.879154 24.118379 -39.503579
v -22.877585 24.198269 -39.499697
v -23.203463 24.243856 -40.306220
v -23.205032 24.163966 -40.310102
v -22.184230 24.120843 -39.785638
v -22.182729 24.197322 -39.781922
v -22.471947 24.237781 -40.497715
v -22.473496 24.158890 -40.501548
v -22.509782 24.163966 -40.591352
v -22.508213 24.243856 -40.587470
v -22.182335 24.198269 -39.780947
v -22.183904 24.118379 -39.784829
v -22.191419 24.140660 -39.803429
v -22.191141 24.141329 -39.802741
v -23.166270 24.237781 -40.216840
v -23.167197 24.237781 -40.216465
v -23.168746 24.158890 -40.220298
v -23.148678 24.180061 -40.227220
v -23.149320 24.180767 -40.226920
v -23.167772 24.161301 -40.220556
v -22.474376 24.161301 -40.501056
v -22.492064 24.180767 -40.492800
v -22.492733 24.180061 -40.492570
v -22.473496 24.158890 -40.501548
v -22.471947 24.237781 -40.497715
v -22.472874 24.237781 -40.497340
v -23.166270 24.237781 -40.216840
v -23.167772 24.161301 -40.220556
v -23.203781 24.166338 -40.309675
v -23.202279 24.242818 -40.305958
v -23.167772 24.161301 -40.220556
v -23.149320 24.180767 -40.226920
v -23.179933 24.185050 -40.302686
v -23.203781 24.166338 -40.309675
v -23.149320 24.180767 -40.226920
v -23.148678 24.180061 -40.227220
v -23.179096 24.184316 -40.302501
v -23.179933 24.185050 -40.302686
v -23.205032 24.163966 -40.310102
v -23.179096 24.184316 -40.302501
v -23.148678 24.180061 -40.227220
v -23.168746 24.158890 -40.220298
v -23.202279 24.242818 -40.305958
v -23.203781 24.166338 -40.309675
v -22.918037 24.171970 -40.541181
v -22.916536 24.248450 -40.537465
v -22.907660 24.190416 -40.523281
v -22.918037 24.171970 -40.541181
v -23.203781 24.166338 -40.309675
v -23.179933 24.185050 -40.302686
v -22.907310 24.189673 -40.522699
v -22.907660 24.190416 -40.523281
v -23.179933 24.185050 -40.302686
v -23.179096 24.184316 -40.302501
v -23.179096 24.184316 -40.302501
v -23.205032 24.163966 -40.310102
v -22.918597 24.169611 -40.542169
v -22.907310 24.189673 -40.522699
v -23.205032 24.163966 -40.310102
v -23.203463 24.243856 -40.306220
v -22.917028 24.249501 -40.538286
v -22.918597 24.169611 -40.542169
v -22.916536 24.248450 -40.537465
v -22.918037 24.171970 -40.541181
v -22.876639 24.171970 -40.557928
v -22.875138 24.248450 -40.554212
v -22.918037 24.171970 -40.541181
v -22.907660 24.190416 -40.523281
v -22.871668 24.190416 -40.537840
v -22.876639 24.171970 -40.557928
v -22.907660 24.190416 -40.523281
v -22.907310 24.189673 -40.522699
v -22.871515 24.189673 -40.537179
v -22.871668 24.190416 -40.537840
v -22.907310 24.189673 -40.522699
v -22.918597 24.169611 -40.542169
v -22.876923 24.169611 -40.559027
v -22.871515 24.189673 -40.537179
v -22.918597 24.169611 -40.542169
v -22.917028 24.249501 -40.538286
v -22.875354 24.249501 -40.555145
v -22.876923 24.169611 -40.559027
v -22.875138 24.248450 -40.554212
v -22.876639 24.171970 -40.557928
v -22.510385 24.166338 -40.590175
v -22.508883 24.242818 -40.586458
v -22.876639 24.171970 -40.557928
v -22.871668 24.190416 -40.537840
v -22.522677 24.185050 -40.568567
v -22.510385 24.166338 -40.590175
v -22.871668 24.190416 -40.537840
v -22.871515 24.189673 -40.537179
v -22.523151 24.184316 -40.567851
v -22.522677 24.185050 -40.568567
v -22.509782 24.163966 -40.591352
v -22.523151 24.184316 -40.567851
v -22.871515 24.189673 -40.537179
v -22.876923 24.169611 -40.559027
v -22.508213 24.243856 -40.587470
v -22.509782 24.163966 -40.591352
v -22.876923 24.169611 -40.559027
v -22.875354 24.249501 -40.555145
v -22.474376 24.161301 -40.501056
v -22.472874 24.237781 -40.497340
v -22.508883 24.242818 -40.586458
v -22.510385 24.166338 -40.590175
v -22.492064 24.180767 -40.492800
v -22.474376 24.161301 -40.501056
v -22.510385 24.166338 -40.590175
v -22.522677 24.185050 -40.568567
v -22.492733 24.180061 -40.492570
v -22.492064 24.180767 -40.492800
v -22.522677 24.185050 -40.568567
v -22.523151 24.184316 -40.567851
v -22.523151 24.184316 -40.567851
v -22.509782 24.163966 -40.591352
v -22.473496 24.158890 -40.501548
v -22.492733 24.180061 -40.492570
v -22.877585 24.198269 -39.499697
v -22.879154 24.118379 -39.503579
v -22.183904 24.118379 -39.784829
v -22.182335 24.198269 -39.780947
v -22.879154 24.118379 -39.503579
v -22.886669 24.140660 -39.522179
v -22.191419 24.140660 -39.803429
v -22.183904 24.118379 -39.784829
v -22.886669 24.140660 -39.522179
v -22.886391 24.141329 -39.521491
v -22.191141 24.141329 -39.802741
v -22.191419 24.140660 -39.803429
v -22.886391 24.141329 -39.521491
v -22.879480 24.120843 -39.504388
v -22.184230 24.120843 -39.785638
v -22.191141 24.141329 -39.802741
v -22.879480 24.120843 -39.504388
v -22.877979 24.197322 -39.500672
v -22.182729 24.197322 -39.781922
v -22.184230 24.120843 -39.785638
f 5445 5446 5441
f 5441 5442 5443
f 5443 5444 5445
f 5445 5441 5443
f 5455 5456 5447
f 5447 5448 5449
f 5449 5450 5451
f 5452 5453 5454
f 5454 5455 5447
f 5447 5449 5451
f 5452 5454 5447
f 5447 5451 5452
f 5465 5466 5457
f 5460 5461 5462
f 5465 5457 5458
f 5460 5462 5463
f 5464 5465 5458
f 5459 5460 5463
f 5464 5458 5459
f 5459 5463 5464
f 5475 5476 5467
f 5469 5470 5471
f 5474 5475 5467
f 5469 5471 5472
f 5473 5474 5467
f 5468 5469 5472
f 5473 5467 5468
f 5468 5472 5473
f 5482 5477 5478
f 5479 5480 5481
f 5482 5478 5479
f 5479 5481 5482
f 5487 5488 5483
f 5483 5484 5485
f 5486 5487 5483
f 5483 5485 5486
f 5489 5490 5492
f 5492 5490 5491
f 5493 5494 5496
f 5496 5494 5495
f 5497 5498 5500
f 5500 5498 5499
f 5501 5502 5504
f 5504 5502 5503
f 5505 5506 5508
f 5508 5506 5507
f 5509 5510 5512
f 5512 5510 5511
f 5513 5514 5516
f 5516 5514 5515
f 5517 5518 5520
f 5520 5518 5519
f 5521 5522 5524
f 5524 5522 5523
f 5525 5526 5528
f 5528 5526 5527
f 5529 5530 5532
f 5532 5530 5531
f 5533 5534 5536
f 5536 5534 5535
f 5537 5538 5540
f 5540 5538 5539
f 5541 5542 5544
f 5544 5542 5543
f 5545 5546 5548
f 5548 5546 5547
f 5549 5550 5552
f 5552 5550 5551
f 5553 5554 5556
f 5556 5554 5555
f 5557 5558 5560
f 5560 5558 5559
f 5561 5562 5564
f 5564 5562 5563
f 5565 5566 5568
f 5568 5566 5567
f 5569 5570 5572
f 5572 5570 5571
f 5573 5574 5576
f 5576 5574 5575
f 5577 5578 5580
f 5580 5578 5579
f 5581 5582 5584
f 5584 5582 5583
f 5585 5586 5588
f 5588 5586 5587
f 5589 5590 5592
f 5592 5590 5591
f 5593 5594 5596
f 5596 5594 5595
f 5597 5598 5600
f 5600 5598 5599
o item_92b0f140_1113463
v -27.944965 24.249514 -35.292391
v -27.941998 24.249514 -35.247525
v -27.811254 24.243868 -34.902862
v -26.943311 24.198272 -34.960630
v -26.992811 24.198272 -35.709130
v -27.860754 24.243868 -35.651362
v -27.714730 24.237792 -34.910289
v -27.810636 24.242829 -34.903905
v -27.941064 24.248462 -35.247737
v -27.944011 24.248462 -35.292306
v -27.860004 24.242829 -35.650409
v -27.764098 24.237792 -35.656793
v -27.764164 24.237792 -35.657791
v -26.993860 24.197324 -35.709060
v -26.944360 24.197324 -34.960560
v -27.714664 24.237792 -34.909291
v -27.718789 24.158886 -34.909016
v -27.714664 24.237792 -34.909291
v -26.944360 24.197324 -34.960560
v -26.948359 24.120831 -34.960294
v -26.966764 24.141320 -34.959069
v -26.967505 24.140651 -34.959019
v -26.947489 24.118366 -34.960352
v -26.943311 24.198272 -34.960630
v -27.811254 24.243868 -34.902862
v -27.815432 24.163962 -34.902584
v -26.997859 24.120831 -35.708794
v -26.993860 24.197324 -35.709060
v -27.764164 24.237792 -35.657791
v -27.768289 24.158886 -35.657516
v -27.864932 24.163962 -35.651084
v -27.860754 24.243868 -35.651362
v -26.992811 24.198272 -35.709130
v -26.996989 24.118366 -35.708852
v -27.017005 24.140651 -35.707519
v -27.016264 24.141320 -35.707569
v -27.714730 24.237792 -34.910289
v -27.714664 24.237792 -34.909291
v -27.718789 24.158886 -34.909016
v -27.719082 24.180060 -34.930247
v -27.718998 24.180766 -34.929544
v -27.718730 24.161297 -34.910022
v -27.768098 24.161297 -35.656526
v -27.765793 24.180766 -35.637140
v -27.765784 24.180060 -35.636432
v -27.768289 24.158886 -35.657516
v -27.764164 24.237792 -35.657791
v -27.764098 24.237792 -35.656793
v -27.714730 24.237792 -34.910289
v -27.718730 24.161297 -34.910022
v -27.814635 24.166335 -34.903639
v -27.810636 24.242829 -34.903905
v -27.718730 24.161297 -34.910022
v -27.718998 24.180766 -34.929544
v -27.800535 24.185050 -34.924117
v -27.814635 24.166335 -34.903639
v -27.718998 24.180766 -34.929544
v -27.719082 24.180060 -34.930247
v -27.800096 24.184316 -34.924855
v -27.800535 24.185050 -34.924117
v -27.815432 24.163962 -34.902584
v -27.800096 24.184316 -34.924855
v -27.719082 24.180060 -34.930247
v -27.718789 24.158886 -34.909016
v -27.810636 24.242829 -34.903905
v -27.814635 24.166335 -34.903639
v -27.945063 24.171968 -35.247471
v -27.941064 24.248462 -35.247737
v -27.924815 24.190417 -35.251741
v -27.945063 24.171968 -35.247471
v -27.814635 24.166335 -34.903639
v -27.800535 24.185050 -34.924117
v -27.924153 24.189674 -35.251892
v -27.924815 24.190417 -35.251741
v -27.800535 24.185050 -34.924117
v -27.800096 24.184316 -34.924855
v -27.800096 24.184316 -34.924855
v -27.815432 24.163962 -34.902584
v -27.946176 24.169608 -35.247247
v -27.924153 24.189674 -35.251892
v -27.815432 24.163962 -34.902584
v -27.811254 24.243868 -34.902862
v -27.941998 24.249514 -35.247525
v -27.946176 24.169608 -35.247247
v -27.941064 24.248462 -35.247737
v -27.945063 24.171968 -35.247471
v -27.948010 24.171968 -35.292039
v -27.944011 24.248462 -35.292306
v -27.945063 24.171968 -35.247471
v -27.924815 24.190417 -35.251741
v -27.927377 24.190417 -35.290490
v -27.948010 24.171968 -35.292039
v -27.924815 24.190417 -35.251741
v -27.924153 24.189674 -35.251892
v -27.926702 24.189674 -35.290428
v -27.927377 24.190417 -35.290490
v -27.924153 24.189674 -35.251892
v -27.946176 24.169608 -35.247247
v -27.949143 24.169608 -35.292113
v -27.926702 24.189674 -35.290428
v -27.946176 24.169608 -35.247247
v -27.941998 24.249514 -35.247525
v -27.944965 24.249514 -35.292391
v -27.949143 24.169608 -35.292113
v -27.944011 24.248462 -35.292306
v -27.948010 24.171968 -35.292039
v -27.864003 24.166335 -35.650143
v -27.860004 24.242829 -35.650409
v -27.948010 24.171968 -35.292039
v -27.927377 24.190417 -35.290490
v -27.847330 24.185050 -35.631713
v -27.864003 24.166335 -35.650143
v -27.927377 24.190417 -35.290490
v -27.926702 24.189674 -35.290428
v -27.846798 24.184316 -35.631040
v -27.847330 24.185050 -35.631713
v -27.864932 24.163962 -35.651084
v -27.846798 24.184316 -35.631040
v -27.926702 24.189674 -35.290428
v -27.949143 24.169608 -35.292113
v -27.860754 24.243868 -35.651362
v -27.864932 24.163962 -35.651084
v -27.949143 24.169608 -35.292113
v -27.944965 24.249514 -35.292391
v -27.768098 24.161297 -35.656526
v -27.764098 24.237792 -35.656793
v -27.860004 24.242829 -35.650409
v -27.864003 24.166335 -35.650143
v -27.765793 24.180766 -35.637140
v -27.768098 24.161297 -35.656526
v -27.864003 24.166335 -35.650143
v -27.847330 24.185050 -35.631713
v -27.765784 24.180060 -35.636432
v -27.765793 24.180766 -35.637140
v -27.847330 24.185050 -35.631713
v -27.846798 24.184316 -35.631040
v -27.846798 24.184316 -35.631040
v -27.864932 24.163962 -35.651084
v -27.768289 24.158886 -35.657516
v -27.765784 24.180060 -35.636432
v -26.943311 24.198272 -34.960630
v -26.947489 24.118366 -34.960352
v -26.996989 24.118366 -35.708852
v -26.992811 24.198272 -35.709130
v -26.947489 24.118366 -34.960352
v -26.967505 24.140651 -34.959019
v -27.017005 24.140651 -35.707519
v -26.996989 24.118366 -35.708852
v -26.967505 24.140651 -34.959019
v -26.966764 24.141320 -34.959069
v -27.016264 24.141320 -35.707569
v -27.017005 24.140651 -35.707519
v -26.966764 24.141320 -34.959069
v -26.948359 24.120831 -34.960294
v -26.997859 24.120831 -35.708794
v -27.016264 24.141320 -35.707569
v -26.948359 24.120831 -34.960294
v -26.944360 24.197324 -34.960560
v -26.993860 24.197324 -35.709060
v -26.997859 24.120831 -35.708794
f 5605 5606 5601
f 5601 5602 5603
f 5603 5604 5605
f 5605 5601 5603
f 5615 5616 5607
f 5607 5608 5609
f 5609 5610 5611
f 5612 5613 5614
f 5614 5615 5607
f 5607 5609 5611
f 5612 5614 5607
f 5607 5611 5612
f 5625 5626 5617
f 5620 5621 5622
f 5625 5617 5618
f 5620 5622 5623
f 5624 5625 5618
f 5619 5620 5623
f 5624 5618 5619
f 5619 5623 5624
f 5635 5636 5627
f 5629 5630 5631
f 5634 5635 5627
f 5629 5631 5632
f 5633 5634 5627
f 5628 5629 5632
f 5633 5627 5628
f 5628 5632 5633
f 5642 5637 5638
f 5639 5640 5641
f 5642 5638 5639
f 5639 5641 5642
f 5647 5648 5643
f 5643 5644 5645
f 5646 5647 5643
f 5643 5645 5646
f 5649 5650 5652
f 5652 5650 5651
f 5653 5654 5656
f 5656 5654 5655
f 5657 5658 5660
f 5660 5658 5659
f 5661 5662 5664
f 5664 5662 5663
f 5665 5666 5668
f 5668 5666 5667
f 5669 5670 5672
f 5672 5670 5671
f 5673 5674 5676
f 5676 5674 5675
f 5677 5678 5680
f 5680 5678 5679
f 5681 5682 5684
f 5684 5682 5683
f 5685 5686 5688
f 5688 5686 5687
f 5689 5690 5692
f 5692 5690 5691
f 5693 5694 5696
f 5696 5694 5695
f 5697 5698 5700
f 5700 5698 5699
f 5701 5702 5704
f 5704 5702 5703
f 5705 5706 5708
f 5708 5706 5707
f 5709 5710 5712
f 5712 5710 5711
f 5713 5714 5716
f 5716 5714 5715
f 5717 5718 5720
f 5720 5718 5719
f 5721 5722 5724
f 5724 5722 5723
f 5725 5726 5728
f 5728 5726 5727
f 5729 5730 5732
f 5732 5730 5731
f 5733 5734 5736
f 5736 5734 5735
f 5737 5738 5740
f 5740 5738 5739
f 5741 5742 5744
f 5744 5742 5743
f 5745 5746 5748
f 5748 5746 5747
f 5749 5750 5752
f 5752 5750 5751
f 5753 5754 5756
f 5756 5754 5755
f 5757 5758 5760
f 5760 5758 5759
o item_92b0f140_1121067
v -25.443634 24.249501 -39.517435
v -25.485308 24.249501 -39.500576
v -25.771743 24.243856 -39.268510
v -25.445865 24.198269 -38.461987
v -24.750615 24.198269 -38.743237
v -25.076493 24.243856 -39.549760
v -25.734550 24.237781 -39.179130
v -25.770559 24.242818 -39.268248
v -25.484816 24.248450 -39.499755
v -25.443418 24.248450 -39.516502
v -25.077163 24.242818 -39.548748
v -25.041154 24.237781 -39.459630
v -25.040227 24.237781 -39.460005
v -24.751009 24.197322 -38.744212
v -25.446259 24.197322 -38.462962
v -25.735477 24.237781 -39.178755
v -25.737026 24.158890 -39.182588
v -25.735477 24.237781 -39.178755
v -25.446259 24.197322 -38.462962
v -25.447760 24.120843 -38.466678
v -25.454671 24.141329 -38.483781
v -25.454949 24.140660 -38.484469
v -25.447434 24.118379 -38.465869
v -25.445865 24.198269 -38.461987
v -25.771743 24.243856 -39.268510
v -25.773312 24.163966 -39.272392
v -24.752510 24.120843 -38.747928
v -24.751009 24.197322 -38.744212
v -25.040227 24.237781 -39.460005
v -25.041776 24.158890 -39.463838
v -25.078062 24.163966 -39.553642
v -25.076493 24.243856 -39.549760
v -24.750615 24.198269 -38.743237
v -24.752184 24.118379 -38.747119
v -24.759699 24.140660 -38.765719
v -24.759421 24.141329 -38.765031
v -25.734550 24.237781 -39.179130
v -25.735477 24.237781 -39.178755
v -25.737026 24.158890 -39.182588
v -25.716958 24.180061 -39.189510
v -25.717600 24.180767 -39.189210
v -25.736052 24.161301 -39.182846
v -25.042656 24.161301 -39.463346
v -25.060344 24.180767 -39.455090
v -25.061013 24.180061 -39.454860
v -25.041776 24.158890 -39.463838
v -25.040227 24.237781 -39.460005
v -25.041154 24.237781 -39.459630
v -25.734550 24.237781 -39.179130
v -25.736052 24.161301 -39.182846
v -25.772061 24.166338 -39.271965
v -25.770559 24.242818 -39.268248
v -25.736052 24.161301 -39.182846
v -25.717600 24.180767 -39.189210
v -25.748213 24.185050 -39.264976
v -25.772061 24.166338 -39.271965
v -25.717600 24.180767 -39.189210
v -25.716958 24.180061 -39.189510
v -25.747376 24.184316 -39.264791
v -25.748213 24.185050 -39.264976
v -25.773312 24.163966 -39.272392
v -25.747376 24.184316 -39.264791
v -25.716958 24.180061 -39.189510
v -25.737026 24.158890 -39.182588
v -25.770559 24.242818 -39.268248
v -25.772061 24.166338 -39.271965
v -25.486317 24.171970 -39.503471
v -25.484816 24.248450 -39.499755
v -25.475940 24.190416 -39.485571
v -25.486317 24.171970 -39.503471
v -25.772061 24.166338 -39.271965
v -25.748213 24.185050 -39.264976
v -25.475590 24.189673 -39.484989
v -25.475940 24.190416 -39.485571
v -25.748213 24.185050 -39.264976
v -25.747376 24.184316 -39.264791
v -25.747376 24.184316 -39.264791
v -25.773312 24.163966 -39.272392
v -25.486877 24.169611 -39.504459
v -25.475590 24.189673 -39.484989
v -25.773312 24.163966 -39.272392
v -25.771743 24.243856 -39.268510
v -25.485308 24.249501 -39.500576
v -25.486877 24.169611 -39.504459
v -25.484816 24.248450 -39.499755
v -25.486317 24.171970 -39.503471
v -25.444919 24.171970 -39.520218
v -25.443418 24.248450 -39.516502
v -25.486317 24.171970 -39.503471
v -25.475940 24.190416 -39.485571
v -25.439948 24.190416 -39.500130
v -25.444919 24.171970 -39.520218
v -25.475940 24.190416 -39.485571
v -25.475590 24.189673 -39.484989
v -25.439795 24.189673 -39.499469
v -25.439948 24.190416 -39.500130
v -25.475590 24.189673 -39.484989
v -25.486877 24.169611 -39.504459
v -25.445203 24.169611 -39.521317
v -25.439795 24.189673 -39.499469
v -25.486877 24.169611 -39.504459
v -25.485308 24.249501 -39.500576
v -25.443634 24.249501 -39.517435
v -25.445203 24.169611 -39.521317
v -25.443418 24.248450 -39.516502
v -25.444919 24.171970 -39.520218
v -25.078665 24.166338 -39.552465
v -25.077163 24.242818 -39.548748
v -25.444919 24.171970 -39.520218
v -25.439948 24.190416 -39.500130
v -25.090957 24.185050 -39.530857
v -25.078665 24.166338 -39.552465
v -25.439948 24.190416 -39.500130
v -25.439795 24.189673 -39.499469
v -25.091431 24.184316 -39.530141
v -25.090957 24.185050 -39.530857
v -25.078062 24.163966 -39.553642
v -25.091431 24.184316 -39.530141
v -25.439795 24.189673 -39.499469
v -25.445203 24.169611 -39.521317
v -25.076493 24.243856 -39.549760
v -25.078062 24.163966 -39.553642
v -25.445203 24.169611 -39.521317
v -25.443634 24.249501 -39.517435
v -25.042656 24.161301 -39.463346
v -25.041154 24.237781 -39.459630
v -25.077163 24.242818 -39.548748
v -25.078665 24.166338 -39.552465
v -25.060344 24.180767 -39.455090
v -25.042656 24.161301 -39.463346
v -25.078665 24.166338 -39.552465
v -25.090957 24.185050 -39.530857
v -25.061013 24.180061 -39.454860
v -25.060344 24.180767 -39.455090
v -25.090957 24.185050 -39.530857
v -25.091431 24.184316 -39.530141
v -25.091431 24.184316 -39.530141
v -25.078062 24.163966 -39.553642
v -25.041776 24.158890 -39.463838
v -25.061013 24.180061 -39.454860
v -25.445865 24.198269 -38.461987
v -25.447434 24.118379 -38.465869
v -24.752184 24.118379 -38.747119
v -24.750615 24.198269 -38.743237
v -25.447434 24.118379 -38.465869
v -25.454949 24.140660 -38.484469
v -24.759699 24.140660 -38.765719
v -24.752184 24.118379 -38.747119
v -25.454949 24.140660 -38.484469
v -25.454671 24.141329 -38.483781
v -24.759421 24.141329 -38.765031
v -24.759699 24.140660 -38.765719
v -25.454671 24.141329 -38.483781
v -25.447760 24.120843 -38.466678
v -24.752510 24.120843 -38.747928
v -24.759421 24.141329 -38.765031
v -25.447760 24.120843 -38.466678
v -25.446259 24.197322 -38.462962
v -24.751009 24.197322 -38.744212
v -24.752510 24.120843 -38.747928
f 5765 5766 5761
f 5761 5762 5763
f 5763 5764 5765
f 5765 5761 5763
f 5775 5776 5767
f 5767 5768 5769
f 5769 5770 5771
f 5772 5773 5774
f 5774 5775 5767
f 5767 5769 5771
f 5772 5774 5767
f 5767 5771 5772
f 5785 5786 5777
f 5780 5781 5782
f 5785 5777 5778
f 5780 5782 5783
f 5784 5785 5778
f 5779 5780 5783
f 5784 5778 5779
f 5779 5783 5784
f 5795 5796 5787
f 5789 5790 5791
f 5794 5795 5787
f 5789 5791 5792
f 5793 5794 5787
f 5788 5789 5792
f 5793 5787 5788
f 5788 5792 5793
f 5802 5797 5798
f 5799 5800 5801
f 5802 5798 5799
f 5799 5801 5802
f 5807 5808 5803
f 5803 5804 5805
f 5806 5807 5803
f 5803 5805 5806
f 5809 5810 5812
f 5812 5810 5811
f 5813 5814 5816
f 5816 5814 5815
f 5817 5818 5820
f 5820 5818 5819
f 5821 5822 5824
f 5824 5822 5823
f 5825 5826 5828
f 5828 5826 5827
f 5829 5830 5832
f 5832 5830 5831
f 5833 5834 5836
f 5836 5834 5835
f 5837 5838 5840
f 5840 5838 5839
f 5841 5842 5844
f 5844 5842 5843
f 5845 5846 5848
f 5848 5846 5847
f 5849 5850 5852
f 5852 5850 5851
f 5853 5854 5856
f 5856 5854 5855
f 5857 5858 5860
f 5860 5858 5859
f 5861 5862 5864
f 5864 5862 5863
f 5865 5866 5868
f 5868 5866 5867
f 5869 5870 5872
f 5872 5870 5871
f 5873 5874 5876
f 5876 5874 5875
f 5877 5878 5880
f 5880 5878 5879
f 5881 5882 5884
f 5884 5882 5883
f 5885 5886 5888
f 5888 5886 5887
f 5889 5890 5892
f 5892 5890 5891
f 5893 5894 5896
f 5896 5894 5895
f 5897 5898 5900
f 5900 5898 5899
f 5901 5902 5904
f 5904 5902 5903
f 5905 5906 5908
f 5908 5906 5907
f 5909 5910 5912
f 5912 5910 5911
f 5913 5914 5916
f 5916 5914 5915
f 5917 5918 5920
f 5920 5918 5919
