# DIMKO.app — selection export
# Generated: 2026-07-31T07:53:15.976Z
o item_958c4ea6_1122555
v 4.385000 20.618000 43.255000
v 4.387828 20.620828 43.257828
v 4.406000 20.602657 43.276000
v 4.406000 20.665796 43.276000
v 3.584000 20.624894 42.454000
v 3.584000 20.561357 42.454000
v 3.602171 20.579528 42.472172
v 3.605000 20.576700 42.475000
v 3.580000 20.551700 42.450000
v 3.580000 20.628700 42.450000
v 4.410000 20.670000 43.280000
v 4.410000 20.593000 43.280000
v -16.265000 20.618000 43.255000
v -16.290000 20.593000 43.280000
v -16.290000 20.670000 43.280000
v -15.460000 20.628700 42.450000
v -15.460000 20.551700 42.450000
v -15.485000 20.576700 42.475000
v -15.482171 20.579528 42.472172
v -15.464000 20.561357 42.454000
v -15.464000 20.624894 42.454000
v -16.286000 20.665796 43.276000
v -16.286000 20.602657 43.276000
v -16.267828 20.620828 43.257828
v 4.410000 20.670000 43.280000
v 3.580000 20.628700 42.450000
v -15.460000 20.628700 42.450000
v -16.290000 20.670000 43.280000
v 4.406000 20.665796 43.276000
v 4.406000 20.602657 43.276000
v -16.286000 20.602657 43.276000
v -16.286000 20.665796 43.276000
v -16.290000 20.593000 43.280000
v -16.265000 20.618000 43.255000
v 4.385000 20.618000 43.255000
v 4.410000 20.593000 43.280000
v -16.290000 20.670000 43.280000
v -16.290000 20.593000 43.280000
v 4.410000 20.593000 43.280000
v 4.410000 20.670000 43.280000
v -16.286000 20.665796 43.276000
v -15.464000 20.624894 42.454000
v 3.584000 20.624894 42.454000
v 4.406000 20.665796 43.276000
v -15.464000 20.624894 42.454000
v -15.464000 20.561357 42.454000
v 3.584000 20.561357 42.454000
v 3.584000 20.624894 42.454000
v -15.464000 20.561357 42.454000
v -15.482171 20.579528 42.472172
v 3.602171 20.579528 42.472172
v 3.584000 20.561357 42.454000
v 3.605000 20.576700 42.475000
v 3.602171 20.579528 42.472172
v -15.482171 20.579528 42.472172
v -15.485000 20.576700 42.475000
v 3.580000 20.551700 42.450000
v 3.605000 20.576700 42.475000
v -15.485000 20.576700 42.475000
v -15.460000 20.551700 42.450000
v 3.580000 20.628700 42.450000
v 3.580000 20.551700 42.450000
v -15.460000 20.551700 42.450000
v -15.460000 20.628700 42.450000
v 4.387828 20.620828 43.257828
v 4.385000 20.618000 43.255000
v -16.265000 20.618000 43.255000
v -16.267828 20.620828 43.257828
v 4.406000 20.602657 43.276000
v 4.387828 20.620828 43.257828
v -16.267828 20.620828 43.257828
v -16.286000 20.602657 43.276000
f 12 1 2
f 6 7 8
f 12 2 3
f 6 8 9
f 11 12 3
f 5 6 9
f 11 3 4
f 5 9 10
f 10 11 4
f 4 5 10
f 23 24 13
f 17 18 19
f 23 13 14
f 17 19 20
f 22 23 14
f 16 17 20
f 22 14 15
f 16 20 21
f 21 22 15
f 15 16 21
f 25 26 28
f 28 26 27
f 29 30 32
f 32 30 31
f 33 34 36
f 36 34 35
f 37 38 40
f 40 38 39
f 41 42 44
f 44 42 43
f 45 46 48
f 48 46 47
f 49 50 52
f 52 50 51
f 53 54 56
f 56 54 55
f 57 58 60
f 60 58 59
f 61 62 64
f 64 62 63
f 65 66 68
f 68 66 67
f 69 70 72
f 72 70 71
o item_958c4ea6_1122506
v 4.385001 20.618000 -7.995000
v 4.387829 20.620828 -7.997829
v 4.406001 20.602657 -8.016000
v 4.406001 20.665796 -8.016000
v 3.583999 20.624894 -7.193997
v 3.583999 20.561357 -7.193997
v 3.602171 20.579528 -7.212171
v 3.604999 20.576700 -7.214997
v 3.579999 20.551700 -7.189998
v 3.579999 20.628700 -7.189998
v 4.410001 20.670000 -8.020000
v 4.410001 20.593000 -8.020000
v 4.385001 20.618000 43.255000
v 4.410001 20.593000 43.280000
v 4.410001 20.670000 43.280000
v 3.579999 20.628700 42.449998
v 3.579999 20.551700 42.449998
v 3.604999 20.576700 42.474997
v 3.602171 20.579528 42.472171
v 3.583999 20.561357 42.453997
v 3.583999 20.624894 42.453997
v 4.406001 20.665796 43.276000
v 4.406001 20.602657 43.276000
v 4.387829 20.620828 43.257829
v 4.410001 20.670000 -8.020000
v 3.579999 20.628700 -7.189998
v 3.579999 20.628700 42.449998
v 4.410001 20.670000 43.280000
v 4.406001 20.665796 -8.016000
v 4.406001 20.602657 -8.016000
v 4.406001 20.602657 43.276000
v 4.406001 20.665796 43.276000
v 4.410001 20.593000 43.280000
v 4.385001 20.618000 43.255000
v 4.385001 20.618000 -7.995000
v 4.410001 20.593000 -8.020000
v 4.410001 20.670000 43.280000
v 4.410001 20.593000 43.280000
v 4.410001 20.593000 -8.020000
v 4.410001 20.670000 -8.020000
v 4.406001 20.665796 43.276000
v 3.583999 20.624894 42.453997
v 3.583999 20.624894 -7.193997
v 4.406001 20.665796 -8.016000
v 3.583999 20.624894 42.453997
v 3.583999 20.561357 42.453997
v 3.583999 20.561357 -7.193997
v 3.583999 20.624894 -7.193997
v 3.583999 20.561357 42.453997
v 3.602171 20.579528 42.472171
v 3.602171 20.579528 -7.212171
v 3.583999 20.561357 -7.193997
v 3.604999 20.576700 -7.214997
v 3.602171 20.579528 -7.212171
v 3.602171 20.579528 42.472171
v 3.604999 20.576700 42.474997
v 3.604999 20.576700 42.474997
v 3.579999 20.551700 42.449998
v 3.579999 20.551700 -7.189998
v 3.604999 20.576700 -7.214997
v 3.579999 20.551700 42.449998
v 3.579999 20.628700 42.449998
v 3.579999 20.628700 -7.189998
v 3.579999 20.551700 -7.189998
v 4.385001 20.618000 43.255000
v 4.387829 20.620828 43.257829
v 4.387829 20.620828 -7.997829
v 4.385001 20.618000 -7.995000
v 4.406001 20.602657 -8.016000
v 4.387829 20.620828 -7.997829
v 4.387829 20.620828 43.257829
v 4.406001 20.602657 43.276000
f 84 73 74
f 78 79 80
f 84 74 75
f 78 80 81
f 83 84 75
f 77 78 81
f 83 75 76
f 77 81 82
f 82 83 76
f 76 77 82
f 95 96 85
f 89 90 91
f 95 85 86
f 89 91 92
f 94 95 86
f 88 89 92
f 94 86 87
f 88 92 93
f 93 94 87
f 87 88 93
f 97 98 100
f 100 98 99
f 101 102 104
f 104 102 103
f 105 106 108
f 108 106 107
f 109 110 112
f 112 110 111
f 113 114 116
f 116 114 115
f 117 118 120
f 120 118 119
f 121 122 124
f 124 122 123
f 125 126 128
f 128 126 127
f 129 130 132
f 132 130 131
f 133 134 136
f 136 134 135
f 137 138 140
f 140 138 139
f 141 142 144
f 144 142 143
o item_958c4ea6_1122604
v -16.265000 20.618000 43.255000
v -16.267828 20.620828 43.257828
v -16.286000 20.602657 43.276000
v -16.286000 20.665796 43.276000
v -15.464000 20.624894 42.454000
v -15.464000 20.561357 42.454000
v -15.482172 20.579528 42.472172
v -15.485000 20.576700 42.475000
v -15.460000 20.551700 42.450000
v -15.460000 20.628700 42.450000
v -16.290000 20.670000 43.280000
v -16.290000 20.593000 43.280000
v -16.265000 20.618000 37.580000
v -16.290000 20.593000 37.580000
v -16.290000 20.670000 37.580000
v -15.460000 20.628700 37.580000
v -15.460000 20.551700 37.580000
v -15.485000 20.576700 37.580000
v -15.482172 20.579528 37.580000
v -15.464000 20.561357 37.580000
v -15.464000 20.624894 37.580000
v -16.286000 20.665796 37.580000
v -16.286000 20.602657 37.580000
v -16.267828 20.620828 37.580000
v -15.460000 20.628700 37.580000
v -16.290000 20.670000 37.580000
v -16.290000 20.670000 43.280000
v -15.460000 20.628700 42.450000
v -16.286000 20.602657 37.580000
v -16.286000 20.665796 37.580000
v -16.286000 20.665796 43.276000
v -16.286000 20.602657 43.276000
v -16.265000 20.618000 43.255000
v -16.290000 20.593000 43.280000
v -16.290000 20.593000 37.580000
v -16.265000 20.618000 37.580000
v -16.290000 20.670000 37.580000
v -16.290000 20.593000 37.580000
v -16.290000 20.593000 43.280000
v -16.290000 20.670000 43.280000
v -15.464000 20.624894 42.454000
v -16.286000 20.665796 43.276000
v -16.286000 20.665796 37.580000
v -15.464000 20.624894 37.580000
v -15.464000 20.624894 37.580000
v -15.464000 20.561357 37.580000
v -15.464000 20.561357 42.454000
v -15.464000 20.624894 42.454000
v -15.464000 20.561357 37.580000
v -15.482172 20.579528 37.580000
v -15.482172 20.579528 42.472172
v -15.464000 20.561357 42.454000
v -15.482172 20.579528 37.580000
v -15.485000 20.576700 37.580000
v -15.485000 20.576700 42.475000
v -15.482172 20.579528 42.472172
v -15.460000 20.551700 42.450000
v -15.485000 20.576700 42.475000
v -15.485000 20.576700 37.580000
v -15.460000 20.551700 37.580000
v -15.460000 20.551700 37.580000
v -15.460000 20.628700 37.580000
v -15.460000 20.628700 42.450000
v -15.460000 20.551700 42.450000
v -16.265000 20.618000 37.580000
v -16.267828 20.620828 37.580000
v -16.267828 20.620828 43.257828
v -16.265000 20.618000 43.255000
v -16.267828 20.620828 37.580000
v -16.286000 20.602657 37.580000
v -16.286000 20.602657 43.276000
v -16.267828 20.620828 43.257828
f 156 145 146
f 150 151 152
f 156 146 147
f 150 152 153
f 155 156 147
f 149 150 153
f 155 147 148
f 149 153 154
f 154 155 148
f 148 149 154
f 167 168 157
f 161 162 163
f 167 157 158
f 161 163 164
f 166 167 158
f 160 161 164
f 166 158 159
f 160 164 165
f 165 166 159
f 159 160 165
f 169 170 172
f 172 170 171
f 173 174 176
f 176 174 175
f 177 178 180
f 180 178 179
f 181 182 184
f 184 182 183
f 185 186 188
f 188 186 187
f 189 190 192
f 192 190 191
f 193 194 196
f 196 194 195
f 197 198 200
f 200 198 199
f 201 202 204
f 204 202 203
f 205 206 208
f 208 206 207
f 209 210 212
f 212 210 211
f 213 214 216
f 216 214 215
o item_958c4ea6_1130901
v -18.940000 12.862004 43.280000
v -18.940000 12.818716 42.450000
v -18.940000 12.741716 42.450000
v -18.940000 12.766716 42.475000
v -18.940000 12.769544 42.472172
v -18.940000 12.751372 42.454000
v -18.940000 12.814919 42.454000
v -18.940000 12.857790 43.276000
v -18.940000 12.794661 43.276000
v -18.940000 12.812833 43.257828
v -18.940000 12.810004 43.255000
v -18.940000 12.785004 43.280000
v -16.865000 12.785004 43.280000
v -16.865000 12.810004 43.255000
v -16.865000 12.812833 43.257828
v -16.865000 12.794661 43.276000
v -16.865000 12.857790 43.276000
v -16.865000 12.814919 42.454000
v -16.865000 12.751372 42.454000
v -16.865000 12.769544 42.472172
v -16.865000 12.766716 42.475000
v -16.865000 12.741716 42.450000
v -16.865000 12.818716 42.450000
v -16.865000 12.862004 43.280000
v -18.940000 12.741716 42.450000
v -18.940000 12.818716 42.450000
v -16.865000 12.818716 42.450000
v -16.865000 12.741716 42.450000
v -18.940000 12.766716 42.475000
v -18.940000 12.741716 42.450000
v -16.865000 12.741716 42.450000
v -16.865000 12.766716 42.475000
v -18.940000 12.769544 42.472172
v -18.940000 12.766716 42.475000
v -16.865000 12.766716 42.475000
v -16.865000 12.769544 42.472172
v -18.940000 12.751372 42.454000
v -18.940000 12.769544 42.472172
v -16.865000 12.769544 42.472172
v -16.865000 12.751372 42.454000
v -18.940000 12.814919 42.454000
v -18.940000 12.751372 42.454000
v -16.865000 12.751372 42.454000
v -16.865000 12.814919 42.454000
v -18.940000 12.857790 43.276000
v -18.940000 12.814919 42.454000
v -16.865000 12.814919 42.454000
v -16.865000 12.857790 43.276000
v -18.940000 12.794661 43.276000
v -18.940000 12.857790 43.276000
v -16.865000 12.857790 43.276000
v -16.865000 12.794661 43.276000
v -18.940000 12.812833 43.257828
v -18.940000 12.794661 43.276000
v -16.865000 12.794661 43.276000
v -16.865000 12.812833 43.257828
v -18.940000 12.810004 43.255000
v -18.940000 12.812833 43.257828
v -16.865000 12.812833 43.257828
v -16.865000 12.810004 43.255000
v -18.940000 12.785004 43.280000
v -18.940000 12.810004 43.255000
v -16.865000 12.810004 43.255000
v -16.865000 12.785004 43.280000
v -18.940000 12.862004 43.280000
v -18.940000 12.785004 43.280000
v -16.865000 12.785004 43.280000
v -16.865000 12.862004 43.280000
v -18.940000 12.818716 42.450000
v -18.940000 12.862004 43.280000
v -16.865000 12.862004 43.280000
v -16.865000 12.818716 42.450000
f 219 220 221
f 225 226 227
f 219 221 222
f 225 227 228
f 218 219 222
f 224 225 228
f 218 222 223
f 224 228 217
f 217 218 223
f 223 224 217
f 229 230 231
f 235 236 237
f 229 231 232
f 235 237 238
f 240 229 232
f 234 235 238
f 240 232 233
f 234 238 239
f 239 240 233
f 233 234 239
f 241 242 244
f 244 242 243
f 245 246 248
f 248 246 247
f 249 250 252
f 252 250 251
f 253 254 256
f 256 254 255
f 257 258 260
f 260 258 259
f 261 262 264
f 264 262 263
f 265 266 268
f 268 266 267
f 269 270 272
f 272 270 271
f 273 274 276
f 276 274 275
f 277 278 280
f 280 278 279
f 281 282 284
f 284 282 283
f 285 286 288
f 288 286 287
o item_958c4ea6_1130851
v -21.765000 12.862004 43.280000
v -21.765000 12.818716 42.450000
v -21.765000 12.741716 42.450000
v -21.765000 12.766716 42.475000
v -21.765000 12.769544 42.472172
v -21.765000 12.751372 42.454000
v -21.765000 12.814919 42.454000
v -21.765000 12.857790 43.276000
v -21.765000 12.794661 43.276000
v -21.765000 12.812833 43.257828
v -21.765000 12.810004 43.255000
v -21.765000 12.785004 43.280000
v -19.690000 12.785004 43.280000
v -19.690000 12.810004 43.255000
v -19.690000 12.812833 43.257828
v -19.690000 12.794661 43.276000
v -19.690000 12.857790 43.276000
v -19.690000 12.814919 42.454000
v -19.690000 12.751372 42.454000
v -19.690000 12.769544 42.472172
v -19.690000 12.766716 42.475000
v -19.690000 12.741716 42.450000
v -19.690000 12.818716 42.450000
v -19.690000 12.862004 43.280000
v -21.765000 12.741716 42.450000
v -21.765000 12.818716 42.450000
v -19.690000 12.818716 42.450000
v -19.690000 12.741716 42.450000
v -21.765000 12.766716 42.475000
v -21.765000 12.741716 42.450000
v -19.690000 12.741716 42.450000
v -19.690000 12.766716 42.475000
v -21.765000 12.769544 42.472172
v -21.765000 12.766716 42.475000
v -19.690000 12.766716 42.475000
v -19.690000 12.769544 42.472172
v -21.765000 12.751372 42.454000
v -21.765000 12.769544 42.472172
v -19.690000 12.769544 42.472172
v -19.690000 12.751372 42.454000
v -21.765000 12.814919 42.454000
v -21.765000 12.751372 42.454000
v -19.690000 12.751372 42.454000
v -19.690000 12.814919 42.454000
v -21.765000 12.857790 43.276000
v -21.765000 12.814919 42.454000
v -19.690000 12.814919 42.454000
v -19.690000 12.857790 43.276000
v -21.765000 12.794661 43.276000
v -21.765000 12.857790 43.276000
v -19.690000 12.857790 43.276000
v -19.690000 12.794661 43.276000
v -21.765000 12.812833 43.257828
v -21.765000 12.794661 43.276000
v -19.690000 12.794661 43.276000
v -19.690000 12.812833 43.257828
v -21.765000 12.810004 43.255000
v -21.765000 12.812833 43.257828
v -19.690000 12.812833 43.257828
v -19.690000 12.810004 43.255000
v -21.765000 12.785004 43.280000
v -21.765000 12.810004 43.255000
v -19.690000 12.810004 43.255000
v -19.690000 12.785004 43.280000
v -21.765000 12.862004 43.280000
v -21.765000 12.785004 43.280000
v -19.690000 12.785004 43.280000
v -19.690000 12.862004 43.280000
v -21.765000 12.818716 42.450000
v -21.765000 12.862004 43.280000
v -19.690000 12.862004 43.280000
v -19.690000 12.818716 42.450000
f 291 292 293
f 297 298 299
f 291 293 294
f 297 299 300
f 290 291 294
f 296 297 300
f 290 294 295
f 296 300 289
f 289 290 295
f 295 296 289
f 301 302 303
f 307 308 309
f 301 303 304
f 307 309 310
f 312 301 304
f 306 307 310
f 312 304 305
f 306 310 311
f 311 312 305
f 305 306 311
f 313 314 316
f 316 314 315
f 317 318 320
f 320 318 319
f 321 322 324
f 324 322 323
f 325 326 328
f 328 326 327
f 329 330 332
f 332 330 331
f 333 334 336
f 336 334 335
f 337 338 340
f 340 338 339
f 341 342 344
f 344 342 343
f 345 346 348
f 348 346 347
f 349 350 352
f 352 350 351
f 353 354 356
f 356 354 355
f 357 358 360
f 360 358 359
o item_958c4ea6_1130801
v -24.465000 12.862004 43.280000
v -24.465000 12.818716 42.450000
v -24.465000 12.741716 42.450000
v -24.465000 12.766716 42.475000
v -24.465000 12.769544 42.472172
v -24.465000 12.751372 42.454000
v -24.465000 12.814919 42.454000
v -24.465000 12.857790 43.276000
v -24.465000 12.794661 43.276000
v -24.465000 12.812833 43.257828
v -24.465000 12.810004 43.255000
v -24.465000 12.785004 43.280000
v -22.515000 12.785004 43.280000
v -22.515000 12.810004 43.255000
v -22.515000 12.812833 43.257828
v -22.515000 12.794661 43.276000
v -22.515000 12.857790 43.276000
v -22.515000 12.814919 42.454000
v -22.515000 12.751372 42.454000
v -22.515000 12.769544 42.472172
v -22.515000 12.766716 42.475000
v -22.515000 12.741716 42.450000
v -22.515000 12.818716 42.450000
v -22.515000 12.862004 43.280000
v -24.465000 12.741716 42.450000
v -24.465000 12.818716 42.450000
v -22.515000 12.818716 42.450000
v -22.515000 12.741716 42.450000
v -24.465000 12.766716 42.475000
v -24.465000 12.741716 42.450000
v -22.515000 12.741716 42.450000
v -22.515000 12.766716 42.475000
v -24.465000 12.769544 42.472172
v -24.465000 12.766716 42.475000
v -22.515000 12.766716 42.475000
v -22.515000 12.769544 42.472172
v -24.465000 12.751372 42.454000
v -24.465000 12.769544 42.472172
v -22.515000 12.769544 42.472172
v -22.515000 12.751372 42.454000
v -24.465000 12.814919 42.454000
v -24.465000 12.751372 42.454000
v -22.515000 12.751372 42.454000
v -22.515000 12.814919 42.454000
v -24.465000 12.857790 43.276000
v -24.465000 12.814919 42.454000
v -22.515000 12.814919 42.454000
v -22.515000 12.857790 43.276000
v -24.465000 12.794661 43.276000
v -24.465000 12.857790 43.276000
v -22.515000 12.857790 43.276000
v -22.515000 12.794661 43.276000
v -24.465000 12.812833 43.257828
v -24.465000 12.794661 43.276000
v -22.515000 12.794661 43.276000
v -22.515000 12.812833 43.257828
v -24.465000 12.810004 43.255000
v -24.465000 12.812833 43.257828
v -22.515000 12.812833 43.257828
v -22.515000 12.810004 43.255000
v -24.465000 12.785004 43.280000
v -24.465000 12.810004 43.255000
v -22.515000 12.810004 43.255000
v -22.515000 12.785004 43.280000
v -24.465000 12.862004 43.280000
v -24.465000 12.785004 43.280000
v -22.515000 12.785004 43.280000
v -22.515000 12.862004 43.280000
v -24.465000 12.818716 42.450000
v -24.465000 12.862004 43.280000
v -22.515000 12.862004 43.280000
v -22.515000 12.818716 42.450000
f 363 364 365
f 369 370 371
f 363 365 366
f 369 371 372
f 362 363 366
f 368 369 372
f 362 366 367
f 368 372 361
f 361 362 367
f 367 368 361
f 373 374 375
f 379 380 381
f 373 375 376
f 379 381 382
f 384 373 376
f 378 379 382
f 384 376 377
f 378 382 383
f 383 384 377
f 377 378 383
f 385 386 388
f 388 386 387
f 389 390 392
f 392 390 391
f 393 394 396
f 396 394 395
f 397 398 400
f 400 398 399
f 401 402 404
f 404 402 403
f 405 406 408
f 408 406 407
f 409 410 412
f 412 410 411
f 413 414 416
f 416 414 415
f 417 418 420
f 420 418 419
f 421 422 424
f 424 422 423
f 425 426 428
f 428 426 427
f 429 430 432
f 432 430 431
o item_958c4ea6_1130751
v -27.165000 12.862004 43.280000
v -27.165000 12.818716 42.450000
v -27.165000 12.741716 42.450000
v -27.165000 12.766716 42.475000
v -27.165000 12.769544 42.472172
v -27.165000 12.751372 42.454000
v -27.165000 12.814919 42.454000
v -27.165000 12.857790 43.276000
v -27.165000 12.794661 43.276000
v -27.165000 12.812833 43.257828
v -27.165000 12.810004 43.255000
v -27.165000 12.785004 43.280000
v -25.215000 12.785004 43.280000
v -25.215000 12.810004 43.255000
v -25.215000 12.812833 43.257828
v -25.215000 12.794661 43.276000
v -25.215000 12.857790 43.276000
v -25.215000 12.814919 42.454000
v -25.215000 12.751372 42.454000
v -25.215000 12.769544 42.472172
v -25.215000 12.766716 42.475000
v -25.215000 12.741716 42.450000
v -25.215000 12.818716 42.450000
v -25.215000 12.862004 43.280000
v -27.165000 12.741716 42.450000
v -27.165000 12.818716 42.450000
v -25.215000 12.818716 42.450000
v -25.215000 12.741716 42.450000
v -27.165000 12.766716 42.475000
v -27.165000 12.741716 42.450000
v -25.215000 12.741716 42.450000
v -25.215000 12.766716 42.475000
v -27.165000 12.769544 42.472172
v -27.165000 12.766716 42.475000
v -25.215000 12.766716 42.475000
v -25.215000 12.769544 42.472172
v -27.165000 12.751372 42.454000
v -27.165000 12.769544 42.472172
v -25.215000 12.769544 42.472172
v -25.215000 12.751372 42.454000
v -27.165000 12.814919 42.454000
v -27.165000 12.751372 42.454000
v -25.215000 12.751372 42.454000
v -25.215000 12.814919 42.454000
v -27.165000 12.857790 43.276000
v -27.165000 12.814919 42.454000
v -25.215000 12.814919 42.454000
v -25.215000 12.857790 43.276000
v -27.165000 12.794661 43.276000
v -27.165000 12.857790 43.276000
v -25.215000 12.857790 43.276000
v -25.215000 12.794661 43.276000
v -27.165000 12.812833 43.257828
v -27.165000 12.794661 43.276000
v -25.215000 12.794661 43.276000
v -25.215000 12.812833 43.257828
v -27.165000 12.810004 43.255000
v -27.165000 12.812833 43.257828
v -25.215000 12.812833 43.257828
v -25.215000 12.810004 43.255000
v -27.165000 12.785004 43.280000
v -27.165000 12.810004 43.255000
v -25.215000 12.810004 43.255000
v -25.215000 12.785004 43.280000
v -27.165000 12.862004 43.280000
v -27.165000 12.785004 43.280000
v -25.215000 12.785004 43.280000
v -25.215000 12.862004 43.280000
v -27.165000 12.818716 42.450000
v -27.165000 12.862004 43.280000
v -25.215000 12.862004 43.280000
v -25.215000 12.818716 42.450000
f 435 436 437
f 441 442 443
f 435 437 438
f 441 443 444
f 434 435 438
f 440 441 444
f 434 438 439
f 440 444 433
f 433 434 439
f 439 440 433
f 445 446 447
f 451 452 453
f 445 447 448
f 451 453 454
f 456 445 448
f 450 451 454
f 456 448 449
f 450 454 455
f 455 456 449
f 449 450 455
f 457 458 460
f 460 458 459
f 461 462 464
f 464 462 463
f 465 466 468
f 468 466 467
f 469 470 472
f 472 470 471
f 473 474 476
f 476 474 475
f 477 478 480
f 480 478 479
f 481 482 484
f 484 482 483
f 485 486 488
f 488 486 487
f 489 490 492
f 492 490 491
f 493 494 496
f 496 494 495
f 497 498 500
f 500 498 499
f 501 502 504
f 504 502 503
o item_958c4ea6_1130701
v -29.865000 12.862004 43.280000
v -29.865000 12.818716 42.450000
v -29.865000 12.741716 42.450000
v -29.865000 12.766716 42.475000
v -29.865000 12.769544 42.472172
v -29.865000 12.751372 42.454000
v -29.865000 12.814919 42.454000
v -29.865000 12.857790 43.276000
v -29.865000 12.794661 43.276000
v -29.865000 12.812833 43.257828
v -29.865000 12.810004 43.255000
v -29.865000 12.785004 43.280000
v -27.915000 12.785004 43.280000
v -27.915000 12.810004 43.255000
v -27.915000 12.812833 43.257828
v -27.915000 12.794661 43.276000
v -27.915000 12.857790 43.276000
v -27.915000 12.814919 42.454000
v -27.915000 12.751372 42.454000
v -27.915000 12.769544 42.472172
v -27.915000 12.766716 42.475000
v -27.915000 12.741716 42.450000
v -27.915000 12.818716 42.450000
v -27.915000 12.862004 43.280000
v -29.865000 12.741716 42.450000
v -29.865000 12.818716 42.450000
v -27.915000 12.818716 42.450000
v -27.915000 12.741716 42.450000
v -29.865000 12.766716 42.475000
v -29.865000 12.741716 42.450000
v -27.915000 12.741716 42.450000
v -27.915000 12.766716 42.475000
v -29.865000 12.769544 42.472172
v -29.865000 12.766716 42.475000
v -27.915000 12.766716 42.475000
v -27.915000 12.769544 42.472172
v -29.865000 12.751372 42.454000
v -29.865000 12.769544 42.472172
v -27.915000 12.769544 42.472172
v -27.915000 12.751372 42.454000
v -29.865000 12.814919 42.454000
v -29.865000 12.751372 42.454000
v -27.915000 12.751372 42.454000
v -27.915000 12.814919 42.454000
v -29.865000 12.857790 43.276000
v -29.865000 12.814919 42.454000
v -27.915000 12.814919 42.454000
v -27.915000 12.857790 43.276000
v -29.865000 12.794661 43.276000
v -29.865000 12.857790 43.276000
v -27.915000 12.857790 43.276000
v -27.915000 12.794661 43.276000
v -29.865000 12.812833 43.257828
v -29.865000 12.794661 43.276000
v -27.915000 12.794661 43.276000
v -27.915000 12.812833 43.257828
v -29.865000 12.810004 43.255000
v -29.865000 12.812833 43.257828
v -27.915000 12.812833 43.257828
v -27.915000 12.810004 43.255000
v -29.865000 12.785004 43.280000
v -29.865000 12.810004 43.255000
v -27.915000 12.810004 43.255000
v -27.915000 12.785004 43.280000
v -29.865000 12.862004 43.280000
v -29.865000 12.785004 43.280000
v -27.915000 12.785004 43.280000
v -27.915000 12.862004 43.280000
v -29.865000 12.818716 42.450000
v -29.865000 12.862004 43.280000
v -27.915000 12.862004 43.280000
v -27.915000 12.818716 42.450000
f 507 508 509
f 513 514 515
f 507 509 510
f 513 515 516
f 506 507 510
f 512 513 516
f 506 510 511
f 512 516 505
f 505 506 511
f 511 512 505
f 517 518 519
f 523 524 525
f 517 519 520
f 523 525 526
f 528 517 520
f 522 523 526
f 528 520 521
f 522 526 527
f 527 528 521
f 521 522 527
f 529 530 532
f 532 530 531
f 533 534 536
f 536 534 535
f 537 538 540
f 540 538 539
f 541 542 544
f 544 542 543
f 545 546 548
f 548 546 547
f 549 550 552
f 552 550 551
f 553 554 556
f 556 554 555
f 557 558 560
f 560 558 559
f 561 562 564
f 564 562 563
f 565 566 568
f 568 566 567
f 569 570 572
f 572 570 571
f 573 574 576
f 576 574 575
o item_958c4ea6_1130651
v -33.065000 12.862004 43.280000
v -33.065000 12.818716 42.450000
v -33.065000 12.741716 42.450000
v -33.065000 12.766716 42.475000
v -33.065000 12.769544 42.472172
v -33.065000 12.751372 42.454000
v -33.065000 12.814919 42.454000
v -33.065000 12.857790 43.276000
v -33.065000 12.794661 43.276000
v -33.065000 12.812833 43.257828
v -33.065000 12.810004 43.255000
v -33.065000 12.785004 43.280000
v -30.615000 12.785004 43.280000
v -30.615000 12.810004 43.255000
v -30.615000 12.812833 43.257828
v -30.615000 12.794661 43.276000
v -30.615000 12.857790 43.276000
v -30.615000 12.814919 42.454000
v -30.615000 12.751372 42.454000
v -30.615000 12.769544 42.472172
v -30.615000 12.766716 42.475000
v -30.615000 12.741716 42.450000
v -30.615000 12.818716 42.450000
v -30.615000 12.862004 43.280000
v -33.065000 12.741716 42.450000
v -33.065000 12.818716 42.450000
v -30.615000 12.818716 42.450000
v -30.615000 12.741716 42.450000
v -33.065000 12.766716 42.475000
v -33.065000 12.741716 42.450000
v -30.615000 12.741716 42.450000
v -30.615000 12.766716 42.475000
v -33.065000 12.769544 42.472172
v -33.065000 12.766716 42.475000
v -30.615000 12.766716 42.475000
v -30.615000 12.769544 42.472172
v -33.065000 12.751372 42.454000
v -33.065000 12.769544 42.472172
v -30.615000 12.769544 42.472172
v -30.615000 12.751372 42.454000
v -33.065000 12.814919 42.454000
v -33.065000 12.751372 42.454000
v -30.615000 12.751372 42.454000
v -30.615000 12.814919 42.454000
v -33.065000 12.857790 43.276000
v -33.065000 12.814919 42.454000
v -30.615000 12.814919 42.454000
v -30.615000 12.857790 43.276000
v -33.065000 12.794661 43.276000
v -33.065000 12.857790 43.276000
v -30.615000 12.857790 43.276000
v -30.615000 12.794661 43.276000
v -33.065000 12.812833 43.257828
v -33.065000 12.794661 43.276000
v -30.615000 12.794661 43.276000
v -30.615000 12.812833 43.257828
v -33.065000 12.810004 43.255000
v -33.065000 12.812833 43.257828
v -30.615000 12.812833 43.257828
v -30.615000 12.810004 43.255000
v -33.065000 12.785004 43.280000
v -33.065000 12.810004 43.255000
v -30.615000 12.810004 43.255000
v -30.615000 12.785004 43.280000
v -33.065000 12.862004 43.280000
v -33.065000 12.785004 43.280000
v -30.615000 12.785004 43.280000
v -30.615000 12.862004 43.280000
v -33.065000 12.818716 42.450000
v -33.065000 12.862004 43.280000
v -30.615000 12.862004 43.280000
v -30.615000 12.818716 42.450000
f 579 580 581
f 585 586 587
f 579 581 582
f 585 587 588
f 578 579 582
f 584 585 588
f 578 582 583
f 584 588 577
f 577 578 583
f 583 584 577
f 589 590 591
f 595 596 597
f 589 591 592
f 595 597 598
f 600 589 592
f 594 595 598
f 600 592 593
f 594 598 599
f 599 600 593
f 593 594 599
f 601 602 604
f 604 602 603
f 605 606 608
f 608 606 607
f 609 610 612
f 612 610 611
f 613 614 616
f 616 614 615
f 617 618 620
f 620 618 619
f 621 622 624
f 624 622 623
f 625 626 628
f 628 626 627
f 629 630 632
f 632 630 631
f 633 634 636
f 636 634 635
f 637 638 640
f 640 638 639
f 641 642 644
f 644 642 643
f 645 646 648
f 648 646 647
o item_958c4ea6_1122014
v -35.959460 12.862004 43.280000
v -35.959460 12.818716 42.450000
v -35.959460 12.741716 42.450000
v -35.959460 12.766716 42.475000
v -35.959460 12.769544 42.472172
v -35.959460 12.751372 42.454000
v -35.959460 12.814919 42.454000
v -35.959460 12.857790 43.276000
v -35.959460 12.794661 43.276000
v -35.959460 12.812833 43.257828
v -35.959460 12.810004 43.255000
v -35.959460 12.785004 43.280000
v -33.815000 12.785004 43.280000
v -33.815000 12.810004 43.255000
v -33.815000 12.812833 43.257828
v -33.815000 12.794661 43.276000
v -33.815000 12.857790 43.276000
v -33.815000 12.814919 42.454000
v -33.815000 12.751372 42.454000
v -33.815000 12.769544 42.472172
v -33.815000 12.766716 42.475000
v -33.815000 12.741716 42.450000
v -33.815000 12.818716 42.450000
v -33.815000 12.862004 43.280000
v -35.959460 12.741716 42.450000
v -35.959460 12.818716 42.450000
v -33.815000 12.818716 42.450000
v -33.815000 12.741716 42.450000
v -35.959460 12.766716 42.475000
v -35.959460 12.741716 42.450000
v -33.815000 12.741716 42.450000
v -33.815000 12.766716 42.475000
v -35.959460 12.769544 42.472172
v -35.959460 12.766716 42.475000
v -33.815000 12.766716 42.475000
v -33.815000 12.769544 42.472172
v -35.959460 12.751372 42.454000
v -35.959460 12.769544 42.472172
v -33.815000 12.769544 42.472172
v -33.815000 12.751372 42.454000
v -35.959460 12.814919 42.454000
v -35.959460 12.751372 42.454000
v -33.815000 12.751372 42.454000
v -33.815000 12.814919 42.454000
v -35.959460 12.857790 43.276000
v -35.959460 12.814919 42.454000
v -33.815000 12.814919 42.454000
v -33.815000 12.857790 43.276000
v -35.959460 12.794661 43.276000
v -35.959460 12.857790 43.276000
v -33.815000 12.857790 43.276000
v -33.815000 12.794661 43.276000
v -35.959460 12.812833 43.257828
v -35.959460 12.794661 43.276000
v -33.815000 12.794661 43.276000
v -33.815000 12.812833 43.257828
v -35.959460 12.810004 43.255000
v -35.959460 12.812833 43.257828
v -33.815000 12.812833 43.257828
v -33.815000 12.810004 43.255000
v -35.959460 12.785004 43.280000
v -35.959460 12.810004 43.255000
v -33.815000 12.810004 43.255000
v -33.815000 12.785004 43.280000
v -35.959460 12.862004 43.280000
v -35.959460 12.785004 43.280000
v -33.815000 12.785004 43.280000
v -33.815000 12.862004 43.280000
v -35.959460 12.818716 42.450000
v -35.959460 12.862004 43.280000
v -33.815000 12.862004 43.280000
v -33.815000 12.818716 42.450000
f 651 652 653
f 657 658 659
f 651 653 654
f 657 659 660
f 650 651 654
f 656 657 660
f 650 654 655
f 656 660 649
f 649 650 655
f 655 656 649
f 661 662 663
f 667 668 669
f 661 663 664
f 667 669 670
f 672 661 664
f 666 667 670
f 672 664 665
f 666 670 671
f 671 672 665
f 665 666 671
f 673 674 676
f 676 674 675
f 677 678 680
f 680 678 679
f 681 682 684
f 684 682 683
f 685 686 688
f 688 686 687
f 689 690 692
f 692 690 691
f 693 694 696
f 696 694 695
f 697 698 700
f 700 698 699
f 701 702 704
f 704 702 703
f 705 706 708
f 708 706 707
f 709 710 712
f 712 710 711
f 713 714 716
f 716 714 715
f 717 718 720
f 720 718 719
o item_958c4ea6_1131186
v -36.790000 12.862004 41.004997
v -35.960000 12.818716 41.004997
v -35.960000 12.741716 41.004997
v -35.985000 12.766716 41.004997
v -35.982172 12.769544 41.004997
v -35.964000 12.751372 41.004997
v -35.964000 12.814919 41.004997
v -36.786000 12.857790 41.004997
v -36.786000 12.794661 41.004997
v -36.767828 12.812833 41.004997
v -36.765000 12.810004 41.004997
v -36.790000 12.785004 41.004997
v -36.790000 12.785004 42.449263
v -36.765000 12.810004 42.449263
v -36.767828 12.812833 42.449263
v -36.786000 12.794661 42.449263
v -36.786000 12.857790 42.449263
v -35.964000 12.814919 42.449263
v -35.964000 12.751372 42.449263
v -35.982172 12.769544 42.449263
v -35.985000 12.766716 42.449263
v -35.960000 12.741716 42.449263
v -35.960000 12.818716 42.449263
v -36.790000 12.862004 42.449263
v -35.960000 12.741716 41.004997
v -35.960000 12.818716 41.004997
v -35.960000 12.818716 42.449263
v -35.960000 12.741716 42.449263
v -35.985000 12.766716 41.004997
v -35.960000 12.741716 41.004997
v -35.960000 12.741716 42.449263
v -35.985000 12.766716 42.449263
v -35.982172 12.769544 41.004997
v -35.985000 12.766716 41.004997
v -35.985000 12.766716 42.449263
v -35.982172 12.769544 42.449263
v -35.964000 12.751372 41.004997
v -35.982172 12.769544 41.004997
v -35.982172 12.769544 42.449263
v -35.964000 12.751372 42.449263
v -35.964000 12.814919 41.004997
v -35.964000 12.751372 41.004997
v -35.964000 12.751372 42.449263
v -35.964000 12.814919 42.449263
v -36.786000 12.857790 41.004997
v -35.964000 12.814919 41.004997
v -35.964000 12.814919 42.449263
v -36.786000 12.857790 42.449263
v -36.786000 12.794661 41.004997
v -36.786000 12.857790 41.004997
v -36.786000 12.857790 42.449263
v -36.786000 12.794661 42.449263
v -36.767828 12.812833 41.004997
v -36.786000 12.794661 41.004997
v -36.786000 12.794661 42.449263
v -36.767828 12.812833 42.449263
v -36.765000 12.810004 41.004997
v -36.767828 12.812833 41.004997
v -36.767828 12.812833 42.449263
v -36.765000 12.810004 42.449263
v -36.790000 12.785004 41.004997
v -36.765000 12.810004 41.004997
v -36.765000 12.810004 42.449263
v -36.790000 12.785004 42.449263
v -36.790000 12.862004 41.004997
v -36.790000 12.785004 41.004997
v -36.790000 12.785004 42.449263
v -36.790000 12.862004 42.449263
v -35.960000 12.818716 41.004997
v -36.790000 12.862004 41.004997
v -36.790000 12.862004 42.449263
v -35.960000 12.818716 42.449263
f 723 724 725
f 729 730 731
f 723 725 726
f 729 731 732
f 722 723 726
f 728 729 732
f 722 726 727
f 728 732 721
f 721 722 727
f 727 728 721
f 733 734 735
f 739 740 741
f 733 735 736
f 739 741 742
f 744 733 736
f 738 739 742
f 744 736 737
f 738 742 743
f 743 744 737
f 737 738 743
f 745 746 748
f 748 746 747
f 749 750 752
f 752 750 751
f 753 754 756
f 756 754 755
f 757 758 760
f 760 758 759
f 761 762 764
f 764 762 763
f 765 766 768
f 768 766 767
f 769 770 772
f 772 770 771
f 773 774 776
f 776 774 775
f 777 778 780
f 780 778 779
f 781 782 784
f 784 782 783
f 785 786 788
f 788 786 787
f 789 790 792
f 792 790 791
o item_958c4ea6_1131136
v -36.790000 12.862004 38.505000
v -35.960000 12.818716 38.505000
v -35.960000 12.741716 38.505000
v -35.985000 12.766716 38.505000
v -35.982172 12.769544 38.505000
v -35.964000 12.751372 38.505000
v -35.964000 12.814919 38.505000
v -36.786000 12.857790 38.505000
v -36.786000 12.794661 38.505000
v -36.767828 12.812833 38.505000
v -36.765000 12.810004 38.505000
v -36.790000 12.785004 38.505000
v -36.790000 12.785004 40.255000
v -36.765000 12.810004 40.255000
v -36.767828 12.812833 40.255000
v -36.786000 12.794661 40.255000
v -36.786000 12.857790 40.255000
v -35.964000 12.814919 40.255000
v -35.964000 12.751372 40.255000
v -35.982172 12.769544 40.255000
v -35.985000 12.766716 40.255000
v -35.960000 12.741716 40.255000
v -35.960000 12.818716 40.255000
v -36.790000 12.862004 40.255000
v -35.960000 12.741716 38.505000
v -35.960000 12.818716 38.505000
v -35.960000 12.818716 40.255000
v -35.960000 12.741716 40.255000
v -35.985000 12.766716 38.505000
v -35.960000 12.741716 38.505000
v -35.960000 12.741716 40.255000
v -35.985000 12.766716 40.255000
v -35.982172 12.769544 38.505000
v -35.985000 12.766716 38.505000
v -35.985000 12.766716 40.255000
v -35.982172 12.769544 40.255000
v -35.964000 12.751372 38.505000
v -35.982172 12.769544 38.505000
v -35.982172 12.769544 40.255000
v -35.964000 12.751372 40.255000
v -35.964000 12.814919 38.505000
v -35.964000 12.751372 38.505000
v -35.964000 12.751372 40.255000
v -35.964000 12.814919 40.255000
v -36.786000 12.857790 38.505000
v -35.964000 12.814919 38.505000
v -35.964000 12.814919 40.255000
v -36.786000 12.857790 40.255000
v -36.786000 12.794661 38.505000
v -36.786000 12.857790 38.505000
v -36.786000 12.857790 40.255000
v -36.786000 12.794661 40.255000
v -36.767828 12.812833 38.505000
v -36.786000 12.794661 38.505000
v -36.786000 12.794661 40.255000
v -36.767828 12.812833 40.255000
v -36.765000 12.810004 38.505000
v -36.767828 12.812833 38.505000
v -36.767828 12.812833 40.255000
v -36.765000 12.810004 40.255000
v -36.790000 12.785004 38.505000
v -36.765000 12.810004 38.505000
v -36.765000 12.810004 40.255000
v -36.790000 12.785004 40.255000
v -36.790000 12.862004 38.505000
v -36.790000 12.785004 38.505000
v -36.790000 12.785004 40.255000
v -36.790000 12.862004 40.255000
v -35.960000 12.818716 38.505000
v -36.790000 12.862004 38.505000
v -36.790000 12.862004 40.255000
v -35.960000 12.818716 40.255000
f 795 796 797
f 801 802 803
f 795 797 798
f 801 803 804
f 794 795 798
f 800 801 804
f 794 798 799
f 800 804 793
f 793 794 799
f 799 800 793
f 805 806 807
f 811 812 813
f 805 807 808
f 811 813 814
f 816 805 808
f 810 811 814
f 816 808 809
f 810 814 815
f 815 816 809
f 809 810 815
f 817 818 820
f 820 818 819
f 821 822 824
f 824 822 823
f 825 826 828
f 828 826 827
f 829 830 832
f 832 830 831
f 833 834 836
f 836 834 835
f 837 838 840
f 840 838 839
f 841 842 844
f 844 842 843
f 845 846 848
f 848 846 847
f 849 850 852
f 852 850 851
f 853 854 856
f 856 854 855
f 857 858 860
f 860 858 859
f 861 862 864
f 864 862 863
o item_958c4ea6_1131099
v -36.790000 12.862004 36.005000
v -35.960000 12.818716 36.005000
v -35.960000 12.741716 36.005000
v -35.985000 12.766716 36.005000
v -35.982172 12.769544 36.005000
v -35.964000 12.751372 36.005000
v -35.964000 12.814919 36.005000
v -36.786000 12.857790 36.005000
v -36.786000 12.794661 36.005000
v -36.767828 12.812833 36.005000
v -36.765000 12.810004 36.005000
v -36.790000 12.785004 36.005000
v -36.790000 12.785004 37.755000
v -36.765000 12.810004 37.755000
v -36.767828 12.812833 37.755000
v -36.786000 12.794661 37.755000
v -36.786000 12.857790 37.755000
v -35.964000 12.814919 37.755000
v -35.964000 12.751372 37.755000
v -35.982172 12.769544 37.755000
v -35.985000 12.766716 37.755000
v -35.960000 12.741716 37.755000
v -35.960000 12.818716 37.755000
v -36.790000 12.862004 37.755000
v -35.960000 12.741716 36.005000
v -35.960000 12.818716 36.005000
v -35.960000 12.818716 37.755000
v -35.960000 12.741716 37.755000
v -35.985000 12.766716 36.005000
v -35.960000 12.741716 36.005000
v -35.960000 12.741716 37.755000
v -35.985000 12.766716 37.755000
v -35.982172 12.769544 36.005000
v -35.985000 12.766716 36.005000
v -35.985000 12.766716 37.755000
v -35.982172 12.769544 37.755000
v -35.964000 12.751372 36.005000
v -35.982172 12.769544 36.005000
v -35.982172 12.769544 37.755000
v -35.964000 12.751372 37.755000
v -35.964000 12.814919 36.005000
v -35.964000 12.751372 36.005000
v -35.964000 12.751372 37.755000
v -35.964000 12.814919 37.755000
v -36.786000 12.857790 36.005000
v -35.964000 12.814919 36.005000
v -35.964000 12.814919 37.755000
v -36.786000 12.857790 37.755000
v -36.786000 12.794661 36.005000
v -36.786000 12.857790 36.005000
v -36.786000 12.857790 37.755000
v -36.786000 12.794661 37.755000
v -36.767828 12.812833 36.005000
v -36.786000 12.794661 36.005000
v -36.786000 12.794661 37.755000
v -36.767828 12.812833 37.755000
v -36.765000 12.810004 36.005000
v -36.767828 12.812833 36.005000
v -36.767828 12.812833 37.755000
v -36.765000 12.810004 37.755000
v -36.790000 12.785004 36.005000
v -36.765000 12.810004 36.005000
v -36.765000 12.810004 37.755000
v -36.790000 12.785004 37.755000
v -36.790000 12.862004 36.005000
v -36.790000 12.785004 36.005000
v -36.790000 12.785004 37.755000
v -36.790000 12.862004 37.755000
v -35.960000 12.818716 36.005000
v -36.790000 12.862004 36.005000
v -36.790000 12.862004 37.755000
v -35.960000 12.818716 37.755000
f 867 868 869
f 873 874 875
f 867 869 870
f 873 875 876
f 866 867 870
f 872 873 876
f 866 870 871
f 872 876 865
f 865 866 871
f 871 872 865
f 877 878 879
f 883 884 885
f 877 879 880
f 883 885 886
f 888 877 880
f 882 883 886
f 888 880 881
f 882 886 887
f 887 888 881
f 881 882 887
f 889 890 892
f 892 890 891
f 893 894 896
f 896 894 895
f 897 898 900
f 900 898 899
f 901 902 904
f 904 902 903
f 905 906 908
f 908 906 907
f 909 910 912
f 912 910 911
f 913 914 916
f 916 914 915
f 917 918 920
f 920 918 919
f 921 922 924
f 924 922 923
f 925 926 928
f 928 926 927
f 929 930 932
f 932 930 931
f 933 934 936
f 936 934 935
o item_958c4ea6_1131062
v -36.790000 12.862004 33.305000
v -35.960000 12.818716 33.305000
v -35.960000 12.741716 33.305000
v -35.985000 12.766716 33.305000
v -35.982172 12.769544 33.305000
v -35.964000 12.751372 33.305000
v -35.964000 12.814919 33.305000
v -36.786000 12.857790 33.305000
v -36.786000 12.794661 33.305000
v -36.767828 12.812833 33.305000
v -36.765000 12.810004 33.305000
v -36.790000 12.785004 33.305000
v -36.790000 12.785004 35.255000
v -36.765000 12.810004 35.255000
v -36.767828 12.812833 35.255000
v -36.786000 12.794661 35.255000
v -36.786000 12.857790 35.255000
v -35.964000 12.814919 35.255000
v -35.964000 12.751372 35.255000
v -35.982172 12.769544 35.255000
v -35.985000 12.766716 35.255000
v -35.960000 12.741716 35.255000
v -35.960000 12.818716 35.255000
v -36.790000 12.862004 35.255000
v -35.960000 12.741716 33.305000
v -35.960000 12.818716 33.305000
v -35.960000 12.818716 35.255000
v -35.960000 12.741716 35.255000
v -35.985000 12.766716 33.305000
v -35.960000 12.741716 33.305000
v -35.960000 12.741716 35.255000
v -35.985000 12.766716 35.255000
v -35.982172 12.769544 33.305000
v -35.985000 12.766716 33.305000
v -35.985000 12.766716 35.255000
v -35.982172 12.769544 35.255000
v -35.964000 12.751372 33.305000
v -35.982172 12.769544 33.305000
v -35.982172 12.769544 35.255000
v -35.964000 12.751372 35.255000
v -35.964000 12.814919 33.305000
v -35.964000 12.751372 33.305000
v -35.964000 12.751372 35.255000
v -35.964000 12.814919 35.255000
v -36.786000 12.857790 33.305000
v -35.964000 12.814919 33.305000
v -35.964000 12.814919 35.255000
v -36.786000 12.857790 35.255000
v -36.786000 12.794661 33.305000
v -36.786000 12.857790 33.305000
v -36.786000 12.857790 35.255000
v -36.786000 12.794661 35.255000
v -36.767828 12.812833 33.305000
v -36.786000 12.794661 33.305000
v -36.786000 12.794661 35.255000
v -36.767828 12.812833 35.255000
v -36.765000 12.810004 33.305000
v -36.767828 12.812833 33.305000
v -36.767828 12.812833 35.255000
v -36.765000 12.810004 35.255000
v -36.790000 12.785004 33.305000
v -36.765000 12.810004 33.305000
v -36.765000 12.810004 35.255000
v -36.790000 12.785004 35.255000
v -36.790000 12.862004 33.305000
v -36.790000 12.785004 33.305000
v -36.790000 12.785004 35.255000
v -36.790000 12.862004 35.255000
v -35.960000 12.818716 33.305000
v -36.790000 12.862004 33.305000
v -36.790000 12.862004 35.255000
v -35.960000 12.818716 35.255000
f 939 940 941
f 945 946 947
f 939 941 942
f 945 947 948
f 938 939 942
f 944 945 948
f 938 942 943
f 944 948 937
f 937 938 943
f 943 944 937
f 949 950 951
f 955 956 957
f 949 951 952
f 955 957 958
f 960 949 952
f 954 955 958
f 960 952 953
f 954 958 959
f 959 960 953
f 953 954 959
f 961 962 964
f 964 962 963
f 965 966 968
f 968 966 967
f 969 970 972
f 972 970 971
f 973 974 976
f 976 974 975
f 977 978 980
f 980 978 979
f 981 982 984
f 984 982 983
f 985 986 988
f 988 986 987
f 989 990 992
f 992 990 991
f 993 994 996
f 996 994 995
f 997 998 1000
f 1000 998 999
f 1001 1002 1004
f 1004 1002 1003
f 1005 1006 1008
f 1008 1006 1007
o item_958c4ea6_1131025
v -36.790000 12.862004 30.605000
v -35.960000 12.818716 30.605000
v -35.960000 12.741716 30.605000
v -35.985000 12.766716 30.605000
v -35.982172 12.769544 30.605000
v -35.964000 12.751372 30.605000
v -35.964000 12.814919 30.605000
v -36.786000 12.857790 30.605000
v -36.786000 12.794661 30.605000
v -36.767828 12.812833 30.605000
v -36.765000 12.810004 30.605000
v -36.790000 12.785004 30.605000
v -36.790000 12.785004 32.555000
v -36.765000 12.810004 32.555000
v -36.767828 12.812833 32.555000
v -36.786000 12.794661 32.555000
v -36.786000 12.857790 32.555000
v -35.964000 12.814919 32.555000
v -35.964000 12.751372 32.555000
v -35.982172 12.769544 32.555000
v -35.985000 12.766716 32.555000
v -35.960000 12.741716 32.555000
v -35.960000 12.818716 32.555000
v -36.790000 12.862004 32.555000
v -35.960000 12.741716 30.605000
v -35.960000 12.818716 30.605000
v -35.960000 12.818716 32.555000
v -35.960000 12.741716 32.555000
v -35.985000 12.766716 30.605000
v -35.960000 12.741716 30.605000
v -35.960000 12.741716 32.555000
v -35.985000 12.766716 32.555000
v -35.982172 12.769544 30.605000
v -35.985000 12.766716 30.605000
v -35.985000 12.766716 32.555000
v -35.982172 12.769544 32.555000
v -35.964000 12.751372 30.605000
v -35.982172 12.769544 30.605000
v -35.982172 12.769544 32.555000
v -35.964000 12.751372 32.555000
v -35.964000 12.814919 30.605000
v -35.964000 12.751372 30.605000
v -35.964000 12.751372 32.555000
v -35.964000 12.814919 32.555000
v -36.786000 12.857790 30.605000
v -35.964000 12.814919 30.605000
v -35.964000 12.814919 32.555000
v -36.786000 12.857790 32.555000
v -36.786000 12.794661 30.605000
v -36.786000 12.857790 30.605000
v -36.786000 12.857790 32.555000
v -36.786000 12.794661 32.555000
v -36.767828 12.812833 30.605000
v -36.786000 12.794661 30.605000
v -36.786000 12.794661 32.555000
v -36.767828 12.812833 32.555000
v -36.765000 12.810004 30.605000
v -36.767828 12.812833 30.605000
v -36.767828 12.812833 32.555000
v -36.765000 12.810004 32.555000
v -36.790000 12.785004 30.605000
v -36.765000 12.810004 30.605000
v -36.765000 12.810004 32.555000
v -36.790000 12.785004 32.555000
v -36.790000 12.862004 30.605000
v -36.790000 12.785004 30.605000
v -36.790000 12.785004 32.555000
v -36.790000 12.862004 32.555000
v -35.960000 12.818716 30.605000
v -36.790000 12.862004 30.605000
v -36.790000 12.862004 32.555000
v -35.960000 12.818716 32.555000
f 1011 1012 1013
f 1017 1018 1019
f 1011 1013 1014
f 1017 1019 1020
f 1010 1011 1014
f 1016 1017 1020
f 1010 1014 1015
f 1016 1020 1009
f 1009 1010 1015
f 1015 1016 1009
f 1021 1022 1023
f 1027 1028 1029
f 1021 1023 1024
f 1027 1029 1030
f 1032 1021 1024
f 1026 1027 1030
f 1032 1024 1025
f 1026 1030 1031
f 1031 1032 1025
f 1025 1026 1031
f 1033 1034 1036
f 1036 1034 1035
f 1037 1038 1040
f 1040 1038 1039
f 1041 1042 1044
f 1044 1042 1043
f 1045 1046 1048
f 1048 1046 1047
f 1049 1050 1052
f 1052 1050 1051
f 1053 1054 1056
f 1056 1054 1055
f 1057 1058 1060
f 1060 1058 1059
f 1061 1062 1064
f 1064 1062 1063
f 1065 1066 1068
f 1068 1066 1067
f 1069 1070 1072
f 1072 1070 1071
f 1073 1074 1076
f 1076 1074 1075
f 1077 1078 1080
f 1080 1078 1079
o item_958c4ea6_1130289
v -30.615000 12.862004 22.580000
v -30.615000 12.818716 23.410000
v -30.615000 12.741716 23.410000
v -30.615000 12.766716 23.385000
v -30.615000 12.769544 23.387828
v -30.615000 12.751372 23.406000
v -30.615000 12.814919 23.406000
v -30.615000 12.857790 22.584000
v -30.615000 12.794661 22.584000
v -30.615000 12.812833 22.602172
v -30.615000 12.810004 22.605000
v -30.615000 12.785004 22.580000
v -33.065000 12.785004 22.580000
v -33.065000 12.810004 22.605000
v -33.065000 12.812833 22.602172
v -33.065000 12.794661 22.584000
v -33.065000 12.857790 22.584000
v -33.065000 12.814919 23.406000
v -33.065000 12.751372 23.406000
v -33.065000 12.769544 23.387828
v -33.065000 12.766716 23.385000
v -33.065000 12.741716 23.410000
v -33.065000 12.818716 23.410000
v -33.065000 12.862004 22.580000
v -30.615000 12.741716 23.410000
v -30.615000 12.818716 23.410000
v -33.065000 12.818716 23.410000
v -33.065000 12.741716 23.410000
v -30.615000 12.766716 23.385000
v -30.615000 12.741716 23.410000
v -33.065000 12.741716 23.410000
v -33.065000 12.766716 23.385000
v -30.615000 12.769544 23.387828
v -30.615000 12.766716 23.385000
v -33.065000 12.766716 23.385000
v -33.065000 12.769544 23.387828
v -30.615000 12.751372 23.406000
v -30.615000 12.769544 23.387828
v -33.065000 12.769544 23.387828
v -33.065000 12.751372 23.406000
v -30.615000 12.814919 23.406000
v -30.615000 12.751372 23.406000
v -33.065000 12.751372 23.406000
v -33.065000 12.814919 23.406000
v -30.615000 12.857790 22.584000
v -30.615000 12.814919 23.406000
v -33.065000 12.814919 23.406000
v -33.065000 12.857790 22.584000
v -30.615000 12.794661 22.584000
v -30.615000 12.857790 22.584000
v -33.065000 12.857790 22.584000
v -33.065000 12.794661 22.584000
v -30.615000 12.812833 22.602172
v -30.615000 12.794661 22.584000
v -33.065000 12.794661 22.584000
v -33.065000 12.812833 22.602172
v -30.615000 12.810004 22.605000
v -30.615000 12.812833 22.602172
v -33.065000 12.812833 22.602172
v -33.065000 12.810004 22.605000
v -30.615000 12.785004 22.580000
v -30.615000 12.810004 22.605000
v -33.065000 12.810004 22.605000
v -33.065000 12.785004 22.580000
v -30.615000 12.862004 22.580000
v -30.615000 12.785004 22.580000
v -33.065000 12.785004 22.580000
v -33.065000 12.862004 22.580000
v -30.615000 12.818716 23.410000
v -30.615000 12.862004 22.580000
v -33.065000 12.862004 22.580000
v -33.065000 12.818716 23.410000
f 1083 1084 1085
f 1089 1090 1091
f 1083 1085 1086
f 1089 1091 1092
f 1082 1083 1086
f 1088 1089 1092
f 1082 1086 1087
f 1088 1092 1081
f 1081 1082 1087
f 1087 1088 1081
f 1093 1094 1095
f 1099 1100 1101
f 1093 1095 1096
f 1099 1101 1102
f 1104 1093 1096
f 1098 1099 1102
f 1104 1096 1097
f 1098 1102 1103
f 1103 1104 1097
f 1097 1098 1103
f 1105 1106 1108
f 1108 1106 1107
f 1109 1110 1112
f 1112 1110 1111
f 1113 1114 1116
f 1116 1114 1115
f 1117 1118 1120
f 1120 1118 1119
f 1121 1122 1124
f 1124 1122 1123
f 1125 1126 1128
f 1128 1126 1127
f 1129 1130 1132
f 1132 1130 1131
f 1133 1134 1136
f 1136 1134 1135
f 1137 1138 1140
f 1140 1138 1139
f 1141 1142 1144
f 1144 1142 1143
f 1145 1146 1148
f 1148 1146 1147
f 1149 1150 1152
f 1152 1150 1151
o item_958c4ea6_1130988
v -36.790000 12.862004 28.105000
v -35.960000 12.818716 28.105000
v -35.960000 12.741716 28.105000
v -35.985000 12.766716 28.105000
v -35.982172 12.769544 28.105000
v -35.964000 12.751372 28.105000
v -35.964000 12.814919 28.105000
v -36.786000 12.857790 28.105000
v -36.786000 12.794661 28.105000
v -36.767828 12.812833 28.105000
v -36.765000 12.810004 28.105000
v -36.790000 12.785004 28.105000
v -36.790000 12.785004 29.855000
v -36.765000 12.810004 29.855000
v -36.767828 12.812833 29.855000
v -36.786000 12.794661 29.855000
v -36.786000 12.857790 29.855000
v -35.964000 12.814919 29.855000
v -35.964000 12.751372 29.855000
v -35.982172 12.769544 29.855000
v -35.985000 12.766716 29.855000
v -35.960000 12.741716 29.855000
v -35.960000 12.818716 29.855000
v -36.790000 12.862004 29.855000
v -35.960000 12.741716 28.105000
v -35.960000 12.818716 28.105000
v -35.960000 12.818716 29.855000
v -35.960000 12.741716 29.855000
v -35.985000 12.766716 28.105000
v -35.960000 12.741716 28.105000
v -35.960000 12.741716 29.855000
v -35.985000 12.766716 29.855000
v -35.982172 12.769544 28.105000
v -35.985000 12.766716 28.105000
v -35.985000 12.766716 29.855000
v -35.982172 12.769544 29.855000
v -35.964000 12.751372 28.105000
v -35.982172 12.769544 28.105000
v -35.982172 12.769544 29.855000
v -35.964000 12.751372 29.855000
v -35.964000 12.814919 28.105000
v -35.964000 12.751372 28.105000
v -35.964000 12.751372 29.855000
v -35.964000 12.814919 29.855000
v -36.786000 12.857790 28.105000
v -35.964000 12.814919 28.105000
v -35.964000 12.814919 29.855000
v -36.786000 12.857790 29.855000
v -36.786000 12.794661 28.105000
v -36.786000 12.857790 28.105000
v -36.786000 12.857790 29.855000
v -36.786000 12.794661 29.855000
v -36.767828 12.812833 28.105000
v -36.786000 12.794661 28.105000
v -36.786000 12.794661 29.855000
v -36.767828 12.812833 29.855000
v -36.765000 12.810004 28.105000
v -36.767828 12.812833 28.105000
v -36.767828 12.812833 29.855000
v -36.765000 12.810004 29.855000
v -36.790000 12.785004 28.105000
v -36.765000 12.810004 28.105000
v -36.765000 12.810004 29.855000
v -36.790000 12.785004 29.855000
v -36.790000 12.862004 28.105000
v -36.790000 12.785004 28.105000
v -36.790000 12.785004 29.855000
v -36.790000 12.862004 29.855000
v -35.960000 12.818716 28.105000
v -36.790000 12.862004 28.105000
v -36.790000 12.862004 29.855000
v -35.960000 12.818716 29.855000
f 1155 1156 1157
f 1161 1162 1163
f 1155 1157 1158
f 1161 1163 1164
f 1154 1155 1158
f 1160 1161 1164
f 1154 1158 1159
f 1160 1164 1153
f 1153 1154 1159
f 1159 1160 1153
f 1165 1166 1167
f 1171 1172 1173
f 1165 1167 1168
f 1171 1173 1174
f 1176 1165 1168
f 1170 1171 1174
f 1176 1168 1169
f 1170 1174 1175
f 1175 1176 1169
f 1169 1170 1175
f 1177 1178 1180
f 1180 1178 1179
f 1181 1182 1184
f 1184 1182 1183
f 1185 1186 1188
f 1188 1186 1187
f 1189 1190 1192
f 1192 1190 1191
f 1193 1194 1196
f 1196 1194 1195
f 1197 1198 1200
f 1200 1198 1199
f 1201 1202 1204
f 1204 1202 1203
f 1205 1206 1208
f 1208 1206 1207
f 1209 1210 1212
f 1212 1210 1211
f 1213 1214 1216
f 1216 1214 1215
f 1217 1218 1220
f 1220 1218 1219
f 1221 1222 1224
f 1224 1222 1223
o item_958c4ea6_1130951
v -36.790000 12.862004 25.605000
v -35.960000 12.818716 25.605000
v -35.960000 12.741716 25.605000
v -35.985000 12.766716 25.605000
v -35.982172 12.769544 25.605000
v -35.964000 12.751372 25.605000
v -35.964000 12.814919 25.605000
v -36.786000 12.857790 25.605000
v -36.786000 12.794661 25.605000
v -36.767828 12.812833 25.605000
v -36.765000 12.810004 25.605000
v -36.790000 12.785004 25.605000
v -36.790000 12.785004 27.355000
v -36.765000 12.810004 27.355000
v -36.767828 12.812833 27.355000
v -36.786000 12.794661 27.355000
v -36.786000 12.857790 27.355000
v -35.964000 12.814919 27.355000
v -35.964000 12.751372 27.355000
v -35.982172 12.769544 27.355000
v -35.985000 12.766716 27.355000
v -35.960000 12.741716 27.355000
v -35.960000 12.818716 27.355000
v -36.790000 12.862004 27.355000
v -35.960000 12.741716 25.605000
v -35.960000 12.818716 25.605000
v -35.960000 12.818716 27.355000
v -35.960000 12.741716 27.355000
v -35.985000 12.766716 25.605000
v -35.960000 12.741716 25.605000
v -35.960000 12.741716 27.355000
v -35.985000 12.766716 27.355000
v -35.982172 12.769544 25.605000
v -35.985000 12.766716 25.605000
v -35.985000 12.766716 27.355000
v -35.982172 12.769544 27.355000
v -35.964000 12.751372 25.605000
v -35.982172 12.769544 25.605000
v -35.982172 12.769544 27.355000
v -35.964000 12.751372 27.355000
v -35.964000 12.814919 25.605000
v -35.964000 12.751372 25.605000
v -35.964000 12.751372 27.355000
v -35.964000 12.814919 27.355000
v -36.786000 12.857790 25.605000
v -35.964000 12.814919 25.605000
v -35.964000 12.814919 27.355000
v -36.786000 12.857790 27.355000
v -36.786000 12.794661 25.605000
v -36.786000 12.857790 25.605000
v -36.786000 12.857790 27.355000
v -36.786000 12.794661 27.355000
v -36.767828 12.812833 25.605000
v -36.786000 12.794661 25.605000
v -36.786000 12.794661 27.355000
v -36.767828 12.812833 27.355000
v -36.765000 12.810004 25.605000
v -36.767828 12.812833 25.605000
v -36.767828 12.812833 27.355000
v -36.765000 12.810004 27.355000
v -36.790000 12.785004 25.605000
v -36.765000 12.810004 25.605000
v -36.765000 12.810004 27.355000
v -36.790000 12.785004 27.355000
v -36.790000 12.862004 25.605000
v -36.790000 12.785004 25.605000
v -36.790000 12.785004 27.355000
v -36.790000 12.862004 27.355000
v -35.960000 12.818716 25.605000
v -36.790000 12.862004 25.605000
v -36.790000 12.862004 27.355000
v -35.960000 12.818716 27.355000
f 1227 1228 1229
f 1233 1234 1235
f 1227 1229 1230
f 1233 1235 1236
f 1226 1227 1230
f 1232 1233 1236
f 1226 1230 1231
f 1232 1236 1225
f 1225 1226 1231
f 1231 1232 1225
f 1237 1238 1239
f 1243 1244 1245
f 1237 1239 1240
f 1243 1245 1246
f 1248 1237 1240
f 1242 1243 1246
f 1248 1240 1241
f 1242 1246 1247
f 1247 1248 1241
f 1241 1242 1247
f 1249 1250 1252
f 1252 1250 1251
f 1253 1254 1256
f 1256 1254 1255
f 1257 1258 1260
f 1260 1258 1259
f 1261 1262 1264
f 1264 1262 1263
f 1265 1266 1268
f 1268 1266 1267
f 1269 1270 1272
f 1272 1270 1271
f 1273 1274 1276
f 1276 1274 1275
f 1277 1278 1280
f 1280 1278 1279
f 1281 1282 1284
f 1284 1282 1283
f 1285 1286 1288
f 1288 1286 1287
f 1289 1290 1292
f 1292 1290 1291
f 1293 1294 1296
f 1296 1294 1295
o item_958c4ea6_1122114
v -33.815004 12.862004 22.580000
v -33.815004 12.818716 23.410000
v -33.815004 12.741716 23.410000
v -33.815004 12.766716 23.385000
v -33.815004 12.769544 23.387828
v -33.815004 12.751372 23.406000
v -33.815004 12.814919 23.406000
v -33.815004 12.857790 22.584000
v -33.815004 12.794661 22.584000
v -33.815004 12.812833 22.602172
v -33.815004 12.810004 22.605000
v -33.815004 12.785004 22.580000
v -35.959296 12.785004 22.580000
v -35.959296 12.810004 22.605000
v -35.959296 12.812833 22.602172
v -35.959296 12.794661 22.584000
v -35.959296 12.857790 22.584000
v -35.959296 12.814919 23.406000
v -35.959296 12.751372 23.406000
v -35.959296 12.769544 23.387828
v -35.959296 12.766716 23.385000
v -35.959296 12.741716 23.410000
v -35.959296 12.818716 23.410000
v -35.959296 12.862004 22.580000
v -33.815004 12.741716 23.410000
v -33.815004 12.818716 23.410000
v -35.959296 12.818716 23.410000
v -35.959296 12.741716 23.410000
v -33.815004 12.766716 23.385000
v -33.815004 12.741716 23.410000
v -35.959296 12.741716 23.410000
v -35.959296 12.766716 23.385000
v -33.815004 12.769544 23.387828
v -33.815004 12.766716 23.385000
v -35.959296 12.766716 23.385000
v -35.959296 12.769544 23.387828
v -33.815004 12.751372 23.406000
v -33.815004 12.769544 23.387828
v -35.959296 12.769544 23.387828
v -35.959296 12.751372 23.406000
v -33.815004 12.814919 23.406000
v -33.815004 12.751372 23.406000
v -35.959296 12.751372 23.406000
v -35.959296 12.814919 23.406000
v -33.815004 12.857790 22.584000
v -33.815004 12.814919 23.406000
v -35.959296 12.814919 23.406000
v -35.959296 12.857790 22.584000
v -33.815004 12.794661 22.584000
v -33.815004 12.857790 22.584000
v -35.959296 12.857790 22.584000
v -35.959296 12.794661 22.584000
v -33.815004 12.812833 22.602172
v -33.815004 12.794661 22.584000
v -35.959296 12.794661 22.584000
v -35.959296 12.812833 22.602172
v -33.815004 12.810004 22.605000
v -33.815004 12.812833 22.602172
v -35.959296 12.812833 22.602172
v -35.959296 12.810004 22.605000
v -33.815004 12.785004 22.580000
v -33.815004 12.810004 22.605000
v -35.959296 12.810004 22.605000
v -35.959296 12.785004 22.580000
v -33.815004 12.862004 22.580000
v -33.815004 12.785004 22.580000
v -35.959296 12.785004 22.580000
v -35.959296 12.862004 22.580000
v -33.815004 12.818716 23.410000
v -33.815004 12.862004 22.580000
v -35.959296 12.862004 22.580000
v -35.959296 12.818716 23.410000
f 1299 1300 1301
f 1305 1306 1307
f 1299 1301 1302
f 1305 1307 1308
f 1298 1299 1302
f 1304 1305 1308
f 1298 1302 1303
f 1304 1308 1297
f 1297 1298 1303
f 1303 1304 1297
f 1309 1310 1311
f 1315 1316 1317
f 1309 1311 1312
f 1315 1317 1318
f 1320 1309 1312
f 1314 1315 1318
f 1320 1312 1313
f 1314 1318 1319
f 1319 1320 1313
f 1313 1314 1319
f 1321 1322 1324
f 1324 1322 1323
f 1325 1326 1328
f 1328 1326 1327
f 1329 1330 1332
f 1332 1330 1331
f 1333 1334 1336
f 1336 1334 1335
f 1337 1338 1340
f 1340 1338 1339
f 1341 1342 1344
f 1344 1342 1343
f 1345 1346 1348
f 1348 1346 1347
f 1349 1350 1352
f 1352 1350 1351
f 1353 1354 1356
f 1356 1354 1355
f 1357 1358 1360
f 1360 1358 1359
f 1361 1362 1364
f 1364 1362 1363
f 1365 1366 1368
f 1368 1366 1367
o item_958c4ea6_1122064
v -36.790000 12.862004 23.410540
v -35.960000 12.818716 23.410540
v -35.960000 12.741716 23.410540
v -35.985000 12.766716 23.410540
v -35.982172 12.769544 23.410540
v -35.964000 12.751372 23.410540
v -35.964000 12.814919 23.410540
v -36.786000 12.857790 23.410540
v -36.786000 12.794661 23.410540
v -36.767828 12.812833 23.410540
v -36.765000 12.810004 23.410540
v -36.790000 12.785004 23.410540
v -36.790000 12.785004 24.855000
v -36.765000 12.810004 24.855000
v -36.767828 12.812833 24.855000
v -36.786000 12.794661 24.855000
v -36.786000 12.857790 24.855000
v -35.964000 12.814919 24.855000
v -35.964000 12.751372 24.855000
v -35.982172 12.769544 24.855000
v -35.985000 12.766716 24.855000
v -35.960000 12.741716 24.855000
v -35.960000 12.818716 24.855000
v -36.790000 12.862004 24.855000
v -35.960000 12.741716 23.410540
v -35.960000 12.818716 23.410540
v -35.960000 12.818716 24.855000
v -35.960000 12.741716 24.855000
v -35.985000 12.766716 23.410540
v -35.960000 12.741716 23.410540
v -35.960000 12.741716 24.855000
v -35.985000 12.766716 24.855000
v -35.982172 12.769544 23.410540
v -35.985000 12.766716 23.410540
v -35.985000 12.766716 24.855000
v -35.982172 12.769544 24.855000
v -35.964000 12.751372 23.410540
v -35.982172 12.769544 23.410540
v -35.982172 12.769544 24.855000
v -35.964000 12.751372 24.855000
v -35.964000 12.814919 23.410540
v -35.964000 12.751372 23.410540
v -35.964000 12.751372 24.855000
v -35.964000 12.814919 24.855000
v -36.786000 12.857790 23.410540
v -35.964000 12.814919 23.410540
v -35.964000 12.814919 24.855000
v -36.786000 12.857790 24.855000
v -36.786000 12.794661 23.410540
v -36.786000 12.857790 23.410540
v -36.786000 12.857790 24.855000
v -36.786000 12.794661 24.855000
v -36.767828 12.812833 23.410540
v -36.786000 12.794661 23.410540
v -36.786000 12.794661 24.855000
v -36.767828 12.812833 24.855000
v -36.765000 12.810004 23.410540
v -36.767828 12.812833 23.410540
v -36.767828 12.812833 24.855000
v -36.765000 12.810004 24.855000
v -36.790000 12.785004 23.410540
v -36.765000 12.810004 23.410540
v -36.765000 12.810004 24.855000
v -36.790000 12.785004 24.855000
v -36.790000 12.862004 23.410540
v -36.790000 12.785004 23.410540
v -36.790000 12.785004 24.855000
v -36.790000 12.862004 24.855000
v -35.960000 12.818716 23.410540
v -36.790000 12.862004 23.410540
v -36.790000 12.862004 24.855000
v -35.960000 12.818716 24.855000
f 1371 1372 1373
f 1377 1378 1379
f 1371 1373 1374
f 1377 1379 1380
f 1370 1371 1374
f 1376 1377 1380
f 1370 1374 1375
f 1376 1380 1369
f 1369 1370 1375
f 1375 1376 1369
f 1381 1382 1383
f 1387 1388 1389
f 1381 1383 1384
f 1387 1389 1390
f 1392 1381 1384
f 1386 1387 1390
f 1392 1384 1385
f 1386 1390 1391
f 1391 1392 1385
f 1385 1386 1391
f 1393 1394 1396
f 1396 1394 1395
f 1397 1398 1400
f 1400 1398 1399
f 1401 1402 1404
f 1404 1402 1403
f 1405 1406 1408
f 1408 1406 1407
f 1409 1410 1412
f 1412 1410 1411
f 1413 1414 1416
f 1416 1414 1415
f 1417 1418 1420
f 1420 1418 1419
f 1421 1422 1424
f 1424 1422 1423
f 1425 1426 1428
f 1428 1426 1427
f 1429 1430 1432
f 1432 1430 1431
f 1433 1434 1436
f 1436 1434 1435
f 1437 1438 1440
f 1440 1438 1439
o item_958c4ea6_824001
v 1.860000 20.618000 -7.995000
v 1.860000 20.620828 -7.997828
v 1.860000 20.602657 -8.016000
v 1.860000 20.665796 -8.016000
v 1.860000 20.624894 -7.194000
v 1.860000 20.561357 -7.194000
v 1.860000 20.579528 -7.212172
v 1.860000 20.576700 -7.215000
v 1.860000 20.551700 -7.190000
v 1.860000 20.628700 -7.190000
v 1.860000 20.670000 -8.020000
v 1.860000 20.593000 -8.020000
v 4.385000 20.618000 -7.995000
v 4.410000 20.593000 -8.020000
v 4.410000 20.670000 -8.020000
v 3.580000 20.628700 -7.190000
v 3.580000 20.551700 -7.190000
v 3.605000 20.576700 -7.215000
v 3.602172 20.579528 -7.212172
v 3.584000 20.561357 -7.194000
v 3.584000 20.624894 -7.194000
v 4.406000 20.665796 -8.016000
v 4.406000 20.602657 -8.016000
v 4.387828 20.620828 -7.997828
v 1.860000 20.670000 -8.020000
v 1.860000 20.628700 -7.190000
v 3.580000 20.628700 -7.190000
v 4.410000 20.670000 -8.020000
v 1.860000 20.665796 -8.016000
v 1.860000 20.602657 -8.016000
v 4.406000 20.602657 -8.016000
v 4.406000 20.665796 -8.016000
v 4.410000 20.593000 -8.020000
v 4.385000 20.618000 -7.995000
v 1.860000 20.618000 -7.995000
v 1.860000 20.593000 -8.020000
v 1.860000 20.593000 -8.020000
v 1.860000 20.670000 -8.020000
v 4.410000 20.670000 -8.020000
v 4.410000 20.593000 -8.020000
v 4.406000 20.665796 -8.016000
v 3.584000 20.624894 -7.194000
v 1.860000 20.624894 -7.194000
v 1.860000 20.665796 -8.016000
v 1.860000 20.561357 -7.194000
v 1.860000 20.624894 -7.194000
v 3.584000 20.624894 -7.194000
v 3.584000 20.561357 -7.194000
v 1.860000 20.579528 -7.212172
v 1.860000 20.561357 -7.194000
v 3.584000 20.561357 -7.194000
v 3.602172 20.579528 -7.212172
v 1.860000 20.576700 -7.215000
v 1.860000 20.579528 -7.212172
v 3.602172 20.579528 -7.212172
v 3.605000 20.576700 -7.215000
v 3.605000 20.576700 -7.215000
v 3.580000 20.551700 -7.190000
v 1.860000 20.551700 -7.190000
v 1.860000 20.576700 -7.215000
v 3.580000 20.551700 -7.190000
v 3.580000 20.628700 -7.190000
v 1.860000 20.628700 -7.190000
v 1.860000 20.551700 -7.190000
v 1.860000 20.620828 -7.997828
v 1.860000 20.618000 -7.995000
v 4.385000 20.618000 -7.995000
v 4.387828 20.620828 -7.997828
v 1.860000 20.602657 -8.016000
v 1.860000 20.620828 -7.997828
v 4.387828 20.620828 -7.997828
v 4.406000 20.602657 -8.016000
f 1452 1441 1442
f 1446 1447 1448
f 1452 1442 1443
f 1446 1448 1449
f 1451 1452 1443
f 1445 1446 1449
f 1451 1443 1444
f 1445 1449 1450
f 1450 1451 1444
f 1444 1445 1450
f 1463 1464 1453
f 1457 1458 1459
f 1463 1453 1454
f 1457 1459 1460
f 1462 1463 1454
f 1456 1457 1460
f 1462 1454 1455
f 1456 1460 1461
f 1461 1462 1455
f 1455 1456 1461
f 1465 1466 1468
f 1468 1466 1467
f 1469 1470 1472
f 1472 1470 1471
f 1473 1474 1476
f 1476 1474 1475
f 1477 1478 1480
f 1480 1478 1479
f 1481 1482 1484
f 1484 1482 1483
f 1485 1486 1488
f 1488 1486 1487
f 1489 1490 1492
f 1492 1490 1491
f 1493 1494 1496
f 1496 1494 1495
f 1497 1498 1500
f 1500 1498 1499
f 1501 1502 1504
f 1504 1502 1503
f 1505 1506 1508
f 1508 1506 1507
f 1509 1510 1512
f 1512 1510 1511
o item_958c4ea6_1131972
v 4.410000 12.862004 -8.595000
v 3.580000 12.818716 -8.595000
v 3.580000 12.741716 -8.595000
v 3.605000 12.766716 -8.595000
v 3.602172 12.769544 -8.595000
v 3.584000 12.751372 -8.595000
v 3.584000 12.814919 -8.595000
v 4.406000 12.857790 -8.595000
v 4.406000 12.794661 -8.595000
v 4.387828 12.812833 -8.595000
v 4.385000 12.810004 -8.595000
v 4.410000 12.785004 -8.595000
v 4.410000 12.785004 -10.345000
v 4.385000 12.810004 -10.345000
v 4.387828 12.812833 -10.345000
v 4.406000 12.794661 -10.345000
v 4.406000 12.857790 -10.345000
v 3.584000 12.814919 -10.345000
v 3.584000 12.751372 -10.345000
v 3.602172 12.769544 -10.345000
v 3.605000 12.766716 -10.345000
v 3.580000 12.741716 -10.345000
v 3.580000 12.818716 -10.345000
v 4.410000 12.862004 -10.345000
v 3.580000 12.741716 -8.595000
v 3.580000 12.818716 -8.595000
v 3.580000 12.818716 -10.345000
v 3.580000 12.741716 -10.345000
v 3.605000 12.766716 -8.595000
v 3.580000 12.741716 -8.595000
v 3.580000 12.741716 -10.345000
v 3.605000 12.766716 -10.345000
v 3.602172 12.769544 -8.595000
v 3.605000 12.766716 -8.595000
v 3.605000 12.766716 -10.345000
v 3.602172 12.769544 -10.345000
v 3.584000 12.751372 -8.595000
v 3.602172 12.769544 -8.595000
v 3.602172 12.769544 -10.345000
v 3.584000 12.751372 -10.345000
v 3.584000 12.814919 -8.595000
v 3.584000 12.751372 -8.595000
v 3.584000 12.751372 -10.345000
v 3.584000 12.814919 -10.345000
v 4.406000 12.857790 -8.595000
v 3.584000 12.814919 -8.595000
v 3.584000 12.814919 -10.345000
v 4.406000 12.857790 -10.345000
v 4.406000 12.794661 -8.595000
v 4.406000 12.857790 -8.595000
v 4.406000 12.857790 -10.345000
v 4.406000 12.794661 -10.345000
v 4.387828 12.812833 -8.595000
v 4.406000 12.794661 -8.595000
v 4.406000 12.794661 -10.345000
v 4.387828 12.812833 -10.345000
v 4.385000 12.810004 -8.595000
v 4.387828 12.812833 -8.595000
v 4.387828 12.812833 -10.345000
v 4.385000 12.810004 -10.345000
v 4.410000 12.785004 -8.595000
v 4.385000 12.810004 -8.595000
v 4.385000 12.810004 -10.345000
v 4.410000 12.785004 -10.345000
v 4.410000 12.862004 -8.595000
v 4.410000 12.785004 -8.595000
v 4.410000 12.785004 -10.345000
v 4.410000 12.862004 -10.345000
v 3.580000 12.818716 -8.595000
v 4.410000 12.862004 -8.595000
v 4.410000 12.862004 -10.345000
v 3.580000 12.818716 -10.345000
f 1515 1516 1517
f 1521 1522 1523
f 1515 1517 1518
f 1521 1523 1524
f 1514 1515 1518
f 1520 1521 1524
f 1514 1518 1519
f 1520 1524 1513
f 1513 1514 1519
f 1519 1520 1513
f 1525 1526 1527
f 1531 1532 1533
f 1525 1527 1528
f 1531 1533 1534
f 1536 1525 1528
f 1530 1531 1534
f 1536 1528 1529
f 1530 1534 1535
f 1535 1536 1529
f 1529 1530 1535
f 1537 1538 1540
f 1540 1538 1539
f 1541 1542 1544
f 1544 1542 1543
f 1545 1546 1548
f 1548 1546 1547
f 1549 1550 1552
f 1552 1550 1551
f 1553 1554 1556
f 1556 1554 1555
f 1557 1558 1560
f 1560 1558 1559
f 1561 1562 1564
f 1564 1562 1563
f 1565 1566 1568
f 1568 1566 1567
f 1569 1570 1572
f 1572 1570 1571
f 1573 1574 1576
f 1576 1574 1575
f 1577 1578 1580
f 1580 1578 1579
f 1581 1582 1584
f 1584 1582 1583
o item_958c4ea6_1131922
v 4.410000 12.862004 -11.095000
v 3.580000 12.818716 -11.095000
v 3.580000 12.741716 -11.095000
v 3.605000 12.766716 -11.095000
v 3.602172 12.769544 -11.095000
v 3.584000 12.751372 -11.095000
v 3.584000 12.814919 -11.095000
v 4.406000 12.857790 -11.095000
v 4.406000 12.794661 -11.095000
v 4.387828 12.812833 -11.095000
v 4.385000 12.810004 -11.095000
v 4.410000 12.785004 -11.095000
v 4.410000 12.785004 -13.045000
v 4.385000 12.810004 -13.045000
v 4.387828 12.812833 -13.045000
v 4.406000 12.794661 -13.045000
v 4.406000 12.857790 -13.045000
v 3.584000 12.814919 -13.045000
v 3.584000 12.751372 -13.045000
v 3.602172 12.769544 -13.045000
v 3.605000 12.766716 -13.045000
v 3.580000 12.741716 -13.045000
v 3.580000 12.818716 -13.045000
v 4.410000 12.862004 -13.045000
v 3.580000 12.741716 -11.095000
v 3.580000 12.818716 -11.095000
v 3.580000 12.818716 -13.045000
v 3.580000 12.741716 -13.045000
v 3.605000 12.766716 -11.095000
v 3.580000 12.741716 -11.095000
v 3.580000 12.741716 -13.045000
v 3.605000 12.766716 -13.045000
v 3.602172 12.769544 -11.095000
v 3.605000 12.766716 -11.095000
v 3.605000 12.766716 -13.045000
v 3.602172 12.769544 -13.045000
v 3.584000 12.751372 -11.095000
v 3.602172 12.769544 -11.095000
v 3.602172 12.769544 -13.045000
v 3.584000 12.751372 -13.045000
v 3.584000 12.814919 -11.095000
v 3.584000 12.751372 -11.095000
v 3.584000 12.751372 -13.045000
v 3.584000 12.814919 -13.045000
v 4.406000 12.857790 -11.095000
v 3.584000 12.814919 -11.095000
v 3.584000 12.814919 -13.045000
v 4.406000 12.857790 -13.045000
v 4.406000 12.794661 -11.095000
v 4.406000 12.857790 -11.095000
v 4.406000 12.857790 -13.045000
v 4.406000 12.794661 -13.045000
v 4.387828 12.812833 -11.095000
v 4.406000 12.794661 -11.095000
v 4.406000 12.794661 -13.045000
v 4.387828 12.812833 -13.045000
v 4.385000 12.810004 -11.095000
v 4.387828 12.812833 -11.095000
v 4.387828 12.812833 -13.045000
v 4.385000 12.810004 -13.045000
v 4.410000 12.785004 -11.095000
v 4.385000 12.810004 -11.095000
v 4.385000 12.810004 -13.045000
v 4.410000 12.785004 -13.045000
v 4.410000 12.862004 -11.095000
v 4.410000 12.785004 -11.095000
v 4.410000 12.785004 -13.045000
v 4.410000 12.862004 -13.045000
v 3.580000 12.818716 -11.095000
v 4.410000 12.862004 -11.095000
v 4.410000 12.862004 -13.045000
v 3.580000 12.818716 -13.045000
f 1587 1588 1589
f 1593 1594 1595
f 1587 1589 1590
f 1593 1595 1596
f 1586 1587 1590
f 1592 1593 1596
f 1586 1590 1591
f 1592 1596 1585
f 1585 1586 1591
f 1591 1592 1585
f 1597 1598 1599
f 1603 1604 1605
f 1597 1599 1600
f 1603 1605 1606
f 1608 1597 1600
f 1602 1603 1606
f 1608 1600 1601
f 1602 1606 1607
f 1607 1608 1601
f 1601 1602 1607
f 1609 1610 1612
f 1612 1610 1611
f 1613 1614 1616
f 1616 1614 1615
f 1617 1618 1620
f 1620 1618 1619
f 1621 1622 1624
f 1624 1622 1623
f 1625 1626 1628
f 1628 1626 1627
f 1629 1630 1632
f 1632 1630 1631
f 1633 1634 1636
f 1636 1634 1635
f 1637 1638 1640
f 1640 1638 1639
f 1641 1642 1644
f 1644 1642 1643
f 1645 1646 1648
f 1648 1646 1647
f 1649 1650 1652
f 1652 1650 1651
f 1653 1654 1656
f 1656 1654 1655
o item_958c4ea6_1131885
v 4.410000 12.862004 -13.795000
v 3.580000 12.818716 -13.795000
v 3.580000 12.741716 -13.795000
v 3.605000 12.766716 -13.795000
v 3.602172 12.769544 -13.795000
v 3.584000 12.751372 -13.795000
v 3.584000 12.814919 -13.795000
v 4.406000 12.857790 -13.795000
v 4.406000 12.794661 -13.795000
v 4.387828 12.812833 -13.795000
v 4.385000 12.810004 -13.795000
v 4.410000 12.785004 -13.795000
v 4.410000 12.785004 -15.745000
v 4.385000 12.810004 -15.745000
v 4.387828 12.812833 -15.745000
v 4.406000 12.794661 -15.745000
v 4.406000 12.857790 -15.745000
v 3.584000 12.814919 -15.745000
v 3.584000 12.751372 -15.745000
v 3.602172 12.769544 -15.745000
v 3.605000 12.766716 -15.745000
v 3.580000 12.741716 -15.745000
v 3.580000 12.818716 -15.745000
v 4.410000 12.862004 -15.745000
v 3.580000 12.741716 -13.795000
v 3.580000 12.818716 -13.795000
v 3.580000 12.818716 -15.745000
v 3.580000 12.741716 -15.745000
v 3.605000 12.766716 -13.795000
v 3.580000 12.741716 -13.795000
v 3.580000 12.741716 -15.745000
v 3.605000 12.766716 -15.745000
v 3.602172 12.769544 -13.795000
v 3.605000 12.766716 -13.795000
v 3.605000 12.766716 -15.745000
v 3.602172 12.769544 -15.745000
v 3.584000 12.751372 -13.795000
v 3.602172 12.769544 -13.795000
v 3.602172 12.769544 -15.745000
v 3.584000 12.751372 -15.745000
v 3.584000 12.814919 -13.795000
v 3.584000 12.751372 -13.795000
v 3.584000 12.751372 -15.745000
v 3.584000 12.814919 -15.745000
v 4.406000 12.857790 -13.795000
v 3.584000 12.814919 -13.795000
v 3.584000 12.814919 -15.745000
v 4.406000 12.857790 -15.745000
v 4.406000 12.794661 -13.795000
v 4.406000 12.857790 -13.795000
v 4.406000 12.857790 -15.745000
v 4.406000 12.794661 -15.745000
v 4.387828 12.812833 -13.795000
v 4.406000 12.794661 -13.795000
v 4.406000 12.794661 -15.745000
v 4.387828 12.812833 -15.745000
v 4.385000 12.810004 -13.795000
v 4.387828 12.812833 -13.795000
v 4.387828 12.812833 -15.745000
v 4.385000 12.810004 -15.745000
v 4.410000 12.785004 -13.795000
v 4.385000 12.810004 -13.795000
v 4.385000 12.810004 -15.745000
v 4.410000 12.785004 -15.745000
v 4.410000 12.862004 -13.795000
v 4.410000 12.785004 -13.795000
v 4.410000 12.785004 -15.745000
v 4.410000 12.862004 -15.745000
v 3.580000 12.818716 -13.795000
v 4.410000 12.862004 -13.795000
v 4.410000 12.862004 -15.745000
v 3.580000 12.818716 -15.745000
f 1659 1660 1661
f 1665 1666 1667
f 1659 1661 1662
f 1665 1667 1668
f 1658 1659 1662
f 1664 1665 1668
f 1658 1662 1663
f 1664 1668 1657
f 1657 1658 1663
f 1663 1664 1657
f 1669 1670 1671
f 1675 1676 1677
f 1669 1671 1672
f 1675 1677 1678
f 1680 1669 1672
f 1674 1675 1678
f 1680 1672 1673
f 1674 1678 1679
f 1679 1680 1673
f 1673 1674 1679
f 1681 1682 1684
f 1684 1682 1683
f 1685 1686 1688
f 1688 1686 1687
f 1689 1690 1692
f 1692 1690 1691
f 1693 1694 1696
f 1696 1694 1695
f 1697 1698 1700
f 1700 1698 1699
f 1701 1702 1704
f 1704 1702 1703
f 1705 1706 1708
f 1708 1706 1707
f 1709 1710 1712
f 1712 1710 1711
f 1713 1714 1716
f 1716 1714 1715
f 1717 1718 1720
f 1720 1718 1719
f 1721 1722 1724
f 1724 1722 1723
f 1725 1726 1728
f 1728 1726 1727
o item_958c4ea6_1131848
v 4.410000 12.862004 -16.495000
v 3.580000 12.818716 -16.495000
v 3.580000 12.741716 -16.495000
v 3.605000 12.766716 -16.495000
v 3.602172 12.769544 -16.495000
v 3.584000 12.751372 -16.495000
v 3.584000 12.814919 -16.495000
v 4.406000 12.857790 -16.495000
v 4.406000 12.794661 -16.495000
v 4.387828 12.812833 -16.495000
v 4.385000 12.810004 -16.495000
v 4.410000 12.785004 -16.495000
v 4.410000 12.785004 -18.445000
v 4.385000 12.810004 -18.445000
v 4.387828 12.812833 -18.445000
v 4.406000 12.794661 -18.445000
v 4.406000 12.857790 -18.445000
v 3.584000 12.814919 -18.445000
v 3.584000 12.751372 -18.445000
v 3.602172 12.769544 -18.445000
v 3.605000 12.766716 -18.445000
v 3.580000 12.741716 -18.445000
v 3.580000 12.818716 -18.445000
v 4.410000 12.862004 -18.445000
v 3.580000 12.741716 -16.495000
v 3.580000 12.818716 -16.495000
v 3.580000 12.818716 -18.445000
v 3.580000 12.741716 -18.445000
v 3.605000 12.766716 -16.495000
v 3.580000 12.741716 -16.495000
v 3.580000 12.741716 -18.445000
v 3.605000 12.766716 -18.445000
v 3.602172 12.769544 -16.495000
v 3.605000 12.766716 -16.495000
v 3.605000 12.766716 -18.445000
v 3.602172 12.769544 -18.445000
v 3.584000 12.751372 -16.495000
v 3.602172 12.769544 -16.495000
v 3.602172 12.769544 -18.445000
v 3.584000 12.751372 -18.445000
v 3.584000 12.814919 -16.495000
v 3.584000 12.751372 -16.495000
v 3.584000 12.751372 -18.445000
v 3.584000 12.814919 -18.445000
v 4.406000 12.857790 -16.495000
v 3.584000 12.814919 -16.495000
v 3.584000 12.814919 -18.445000
v 4.406000 12.857790 -18.445000
v 4.406000 12.794661 -16.495000
v 4.406000 12.857790 -16.495000
v 4.406000 12.857790 -18.445000
v 4.406000 12.794661 -18.445000
v 4.387828 12.812833 -16.495000
v 4.406000 12.794661 -16.495000
v 4.406000 12.794661 -18.445000
v 4.387828 12.812833 -18.445000
v 4.385000 12.810004 -16.495000
v 4.387828 12.812833 -16.495000
v 4.387828 12.812833 -18.445000
v 4.385000 12.810004 -18.445000
v 4.410000 12.785004 -16.495000
v 4.385000 12.810004 -16.495000
v 4.385000 12.810004 -18.445000
v 4.410000 12.785004 -18.445000
v 4.410000 12.862004 -16.495000
v 4.410000 12.785004 -16.495000
v 4.410000 12.785004 -18.445000
v 4.410000 12.862004 -18.445000
v 3.580000 12.818716 -16.495000
v 4.410000 12.862004 -16.495000
v 4.410000 12.862004 -18.445000
v 3.580000 12.818716 -18.445000
f 1731 1732 1733
f 1737 1738 1739
f 1731 1733 1734
f 1737 1739 1740
f 1730 1731 1734
f 1736 1737 1740
f 1730 1734 1735
f 1736 1740 1729
f 1729 1730 1735
f 1735 1736 1729
f 1741 1742 1743
f 1747 1748 1749
f 1741 1743 1744
f 1747 1749 1750
f 1752 1741 1744
f 1746 1747 1750
f 1752 1744 1745
f 1746 1750 1751
f 1751 1752 1745
f 1745 1746 1751
f 1753 1754 1756
f 1756 1754 1755
f 1757 1758 1760
f 1760 1758 1759
f 1761 1762 1764
f 1764 1762 1763
f 1765 1766 1768
f 1768 1766 1767
f 1769 1770 1772
f 1772 1770 1771
f 1773 1774 1776
f 1776 1774 1775
f 1777 1778 1780
f 1780 1778 1779
f 1781 1782 1784
f 1784 1782 1783
f 1785 1786 1788
f 1788 1786 1787
f 1789 1790 1792
f 1792 1790 1791
f 1793 1794 1796
f 1796 1794 1795
f 1797 1798 1800
f 1800 1798 1799
o item_958c4ea6_1131798
v 4.410000 12.862004 -19.195000
v 3.580000 12.818716 -19.195000
v 3.580000 12.741716 -19.195000
v 3.605000 12.766716 -19.195000
v 3.602172 12.769544 -19.195000
v 3.584000 12.751372 -19.195000
v 3.584000 12.814919 -19.195000
v 4.406000 12.857790 -19.195000
v 4.406000 12.794661 -19.195000
v 4.387828 12.812833 -19.195000
v 4.385000 12.810004 -19.195000
v 4.410000 12.785004 -19.195000
v 4.410000 12.785004 -21.145000
v 4.385000 12.810004 -21.145000
v 4.387828 12.812833 -21.145000
v 4.406000 12.794661 -21.145000
v 4.406000 12.857790 -21.145000
v 3.584000 12.814919 -21.145000
v 3.584000 12.751372 -21.145000
v 3.602172 12.769544 -21.145000
v 3.605000 12.766716 -21.145000
v 3.580000 12.741716 -21.145000
v 3.580000 12.818716 -21.145000
v 4.410000 12.862004 -21.145000
v 3.580000 12.741716 -19.195000
v 3.580000 12.818716 -19.195000
v 3.580000 12.818716 -21.145000
v 3.580000 12.741716 -21.145000
v 3.605000 12.766716 -19.195000
v 3.580000 12.741716 -19.195000
v 3.580000 12.741716 -21.145000
v 3.605000 12.766716 -21.145000
v 3.602172 12.769544 -19.195000
v 3.605000 12.766716 -19.195000
v 3.605000 12.766716 -21.145000
v 3.602172 12.769544 -21.145000
v 3.584000 12.751372 -19.195000
v 3.602172 12.769544 -19.195000
v 3.602172 12.769544 -21.145000
v 3.584000 12.751372 -21.145000
v 3.584000 12.814919 -19.195000
v 3.584000 12.751372 -19.195000
v 3.584000 12.751372 -21.145000
v 3.584000 12.814919 -21.145000
v 4.406000 12.857790 -19.195000
v 3.584000 12.814919 -19.195000
v 3.584000 12.814919 -21.145000
v 4.406000 12.857790 -21.145000
v 4.406000 12.794661 -19.195000
v 4.406000 12.857790 -19.195000
v 4.406000 12.857790 -21.145000
v 4.406000 12.794661 -21.145000
v 4.387828 12.812833 -19.195000
v 4.406000 12.794661 -19.195000
v 4.406000 12.794661 -21.145000
v 4.387828 12.812833 -21.145000
v 4.385000 12.810004 -19.195000
v 4.387828 12.812833 -19.195000
v 4.387828 12.812833 -21.145000
v 4.385000 12.810004 -21.145000
v 4.410000 12.785004 -19.195000
v 4.385000 12.810004 -19.195000
v 4.385000 12.810004 -21.145000
v 4.410000 12.785004 -21.145000
v 4.410000 12.862004 -19.195000
v 4.410000 12.785004 -19.195000
v 4.410000 12.785004 -21.145000
v 4.410000 12.862004 -21.145000
v 3.580000 12.818716 -19.195000
v 4.410000 12.862004 -19.195000
v 4.410000 12.862004 -21.145000
v 3.580000 12.818716 -21.145000
f 1803 1804 1805
f 1809 1810 1811
f 1803 1805 1806
f 1809 1811 1812
f 1802 1803 1806
f 1808 1809 1812
f 1802 1806 1807
f 1808 1812 1801
f 1801 1802 1807
f 1807 1808 1801
f 1813 1814 1815
f 1819 1820 1821
f 1813 1815 1816
f 1819 1821 1822
f 1824 1813 1816
f 1818 1819 1822
f 1824 1816 1817
f 1818 1822 1823
f 1823 1824 1817
f 1817 1818 1823
f 1825 1826 1828
f 1828 1826 1827
f 1829 1830 1832
f 1832 1830 1831
f 1833 1834 1836
f 1836 1834 1835
f 1837 1838 1840
f 1840 1838 1839
f 1841 1842 1844
f 1844 1842 1843
f 1845 1846 1848
f 1848 1846 1847
f 1849 1850 1852
f 1852 1850 1851
f 1853 1854 1856
f 1856 1854 1855
f 1857 1858 1860
f 1860 1858 1859
f 1861 1862 1864
f 1864 1862 1863
f 1865 1866 1868
f 1868 1866 1867
f 1869 1870 1872
f 1872 1870 1871
o item_958c4ea6_1131748
v 4.410000 12.862004 -21.894999
v 3.580000 12.818716 -21.894999
v 3.580000 12.741716 -21.894999
v 3.605000 12.766716 -21.894999
v 3.602172 12.769544 -21.894999
v 3.584000 12.751372 -21.894999
v 3.584000 12.814919 -21.894999
v 4.406000 12.857790 -21.894999
v 4.406000 12.794661 -21.894999
v 4.387828 12.812833 -21.894999
v 4.385000 12.810004 -21.894999
v 4.410000 12.785004 -21.894999
v 4.410000 12.785004 -23.845001
v 4.385000 12.810004 -23.845001
v 4.387828 12.812833 -23.845001
v 4.406000 12.794661 -23.845001
v 4.406000 12.857790 -23.845001
v 3.584000 12.814919 -23.845001
v 3.584000 12.751372 -23.845001
v 3.602172 12.769544 -23.845001
v 3.605000 12.766716 -23.845001
v 3.580000 12.741716 -23.845001
v 3.580000 12.818716 -23.845001
v 4.410000 12.862004 -23.845001
v 3.580000 12.741716 -21.894999
v 3.580000 12.818716 -21.894999
v 3.580000 12.818716 -23.845001
v 3.580000 12.741716 -23.845001
v 3.605000 12.766716 -21.894999
v 3.580000 12.741716 -21.894999
v 3.580000 12.741716 -23.845001
v 3.605000 12.766716 -23.845001
v 3.602172 12.769544 -21.894999
v 3.605000 12.766716 -21.894999
v 3.605000 12.766716 -23.845001
v 3.602172 12.769544 -23.845001
v 3.584000 12.751372 -21.894999
v 3.602172 12.769544 -21.894999
v 3.602172 12.769544 -23.845001
v 3.584000 12.751372 -23.845001
v 3.584000 12.814919 -21.894999
v 3.584000 12.751372 -21.894999
v 3.584000 12.751372 -23.845001
v 3.584000 12.814919 -23.845001
v 4.406000 12.857790 -21.894999
v 3.584000 12.814919 -21.894999
v 3.584000 12.814919 -23.845001
v 4.406000 12.857790 -23.845001
v 4.406000 12.794661 -21.894999
v 4.406000 12.857790 -21.894999
v 4.406000 12.857790 -23.845001
v 4.406000 12.794661 -23.845001
v 4.387828 12.812833 -21.894999
v 4.406000 12.794661 -21.894999
v 4.406000 12.794661 -23.845001
v 4.387828 12.812833 -23.845001
v 4.385000 12.810004 -21.894999
v 4.387828 12.812833 -21.894999
v 4.387828 12.812833 -23.845001
v 4.385000 12.810004 -23.845001
v 4.410000 12.785004 -21.894999
v 4.385000 12.810004 -21.894999
v 4.385000 12.810004 -23.845001
v 4.410000 12.785004 -23.845001
v 4.410000 12.862004 -21.894999
v 4.410000 12.785004 -21.894999
v 4.410000 12.785004 -23.845001
v 4.410000 12.862004 -23.845001
v 3.580000 12.818716 -21.894999
v 4.410000 12.862004 -21.894999
v 4.410000 12.862004 -23.845001
v 3.580000 12.818716 -23.845001
f 1875 1876 1877
f 1881 1882 1883
f 1875 1877 1878
f 1881 1883 1884
f 1874 1875 1878
f 1880 1881 1884
f 1874 1878 1879
f 1880 1884 1873
f 1873 1874 1879
f 1879 1880 1873
f 1885 1886 1887
f 1891 1892 1893
f 1885 1887 1888
f 1891 1893 1894
f 1896 1885 1888
f 1890 1891 1894
f 1896 1888 1889
f 1890 1894 1895
f 1895 1896 1889
f 1889 1890 1895
f 1897 1898 1900
f 1900 1898 1899
f 1901 1902 1904
f 1904 1902 1903
f 1905 1906 1908
f 1908 1906 1907
f 1909 1910 1912
f 1912 1910 1911
f 1913 1914 1916
f 1916 1914 1915
f 1917 1918 1920
f 1920 1918 1919
f 1921 1922 1924
f 1924 1922 1923
f 1925 1926 1928
f 1928 1926 1927
f 1929 1930 1932
f 1932 1930 1931
f 1933 1934 1936
f 1936 1934 1935
f 1937 1938 1940
f 1940 1938 1939
f 1941 1942 1944
f 1944 1942 1943
o item_958c4ea6_1131711
v 4.410000 12.862004 -24.594999
v 3.580000 12.818716 -24.594999
v 3.580000 12.741716 -24.594999
v 3.605000 12.766716 -24.594999
v 3.602172 12.769544 -24.594999
v 3.584000 12.751372 -24.594999
v 3.584000 12.814919 -24.594999
v 4.406000 12.857790 -24.594999
v 4.406000 12.794661 -24.594999
v 4.387828 12.812833 -24.594999
v 4.385000 12.810004 -24.594999
v 4.410000 12.785004 -24.594999
v 4.410000 12.785004 -26.545001
v 4.385000 12.810004 -26.545001
v 4.387828 12.812833 -26.545001
v 4.406000 12.794661 -26.545001
v 4.406000 12.857790 -26.545001
v 3.584000 12.814919 -26.545001
v 3.584000 12.751372 -26.545001
v 3.602172 12.769544 -26.545001
v 3.605000 12.766716 -26.545001
v 3.580000 12.741716 -26.545001
v 3.580000 12.818716 -26.545001
v 4.410000 12.862004 -26.545001
v 3.580000 12.741716 -24.594999
v 3.580000 12.818716 -24.594999
v 3.580000 12.818716 -26.545001
v 3.580000 12.741716 -26.545001
v 3.605000 12.766716 -24.594999
v 3.580000 12.741716 -24.594999
v 3.580000 12.741716 -26.545001
v 3.605000 12.766716 -26.545001
v 3.602172 12.769544 -24.594999
v 3.605000 12.766716 -24.594999
v 3.605000 12.766716 -26.545001
v 3.602172 12.769544 -26.545001
v 3.584000 12.751372 -24.594999
v 3.602172 12.769544 -24.594999
v 3.602172 12.769544 -26.545001
v 3.584000 12.751372 -26.545001
v 3.584000 12.814919 -24.594999
v 3.584000 12.751372 -24.594999
v 3.584000 12.751372 -26.545001
v 3.584000 12.814919 -26.545001
v 4.406000 12.857790 -24.594999
v 3.584000 12.814919 -24.594999
v 3.584000 12.814919 -26.545001
v 4.406000 12.857790 -26.545001
v 4.406000 12.794661 -24.594999
v 4.406000 12.857790 -24.594999
v 4.406000 12.857790 -26.545001
v 4.406000 12.794661 -26.545001
v 4.387828 12.812833 -24.594999
v 4.406000 12.794661 -24.594999
v 4.406000 12.794661 -26.545001
v 4.387828 12.812833 -26.545001
v 4.385000 12.810004 -24.594999
v 4.387828 12.812833 -24.594999
v 4.387828 12.812833 -26.545001
v 4.385000 12.810004 -26.545001
v 4.410000 12.785004 -24.594999
v 4.385000 12.810004 -24.594999
v 4.385000 12.810004 -26.545001
v 4.410000 12.785004 -26.545001
v 4.410000 12.862004 -24.594999
v 4.410000 12.785004 -24.594999
v 4.410000 12.785004 -26.545001
v 4.410000 12.862004 -26.545001
v 3.580000 12.818716 -24.594999
v 4.410000 12.862004 -24.594999
v 4.410000 12.862004 -26.545001
v 3.580000 12.818716 -26.545001
f 1947 1948 1949
f 1953 1954 1955
f 1947 1949 1950
f 1953 1955 1956
f 1946 1947 1950
f 1952 1953 1956
f 1946 1950 1951
f 1952 1956 1945
f 1945 1946 1951
f 1951 1952 1945
f 1957 1958 1959
f 1963 1964 1965
f 1957 1959 1960
f 1963 1965 1966
f 1968 1957 1960
f 1962 1963 1966
f 1968 1960 1961
f 1962 1966 1967
f 1967 1968 1961
f 1961 1962 1967
f 1969 1970 1972
f 1972 1970 1971
f 1973 1974 1976
f 1976 1974 1975
f 1977 1978 1980
f 1980 1978 1979
f 1981 1982 1984
f 1984 1982 1983
f 1985 1986 1988
f 1988 1986 1987
f 1989 1990 1992
f 1992 1990 1991
f 1993 1994 1996
f 1996 1994 1995
f 1997 1998 2000
f 2000 1998 1999
f 2001 2002 2004
f 2004 2002 2003
f 2005 2006 2008
f 2008 2006 2007
f 2009 2010 2012
f 2012 2010 2011
f 2013 2014 2016
f 2016 2014 2015
o item_958c4ea6_1131661
v 4.410000 12.862004 -27.295000
v 3.580000 12.818716 -27.295000
v 3.580000 12.741716 -27.295000
v 3.605000 12.766716 -27.295000
v 3.602172 12.769544 -27.295000
v 3.584000 12.751372 -27.295000
v 3.584000 12.814919 -27.295000
v 4.406000 12.857790 -27.295000
v 4.406000 12.794661 -27.295000
v 4.387828 12.812833 -27.295000
v 4.385000 12.810004 -27.295000
v 4.410000 12.785004 -27.295000
v 4.410000 12.785004 -29.170000
v 4.385000 12.810004 -29.170000
v 4.387828 12.812833 -29.170000
v 4.406000 12.794661 -29.170000
v 4.406000 12.857790 -29.170000
v 3.584000 12.814919 -29.170000
v 3.584000 12.751372 -29.170000
v 3.602172 12.769544 -29.170000
v 3.605000 12.766716 -29.170000
v 3.580000 12.741716 -29.170000
v 3.580000 12.818716 -29.170000
v 4.410000 12.862004 -29.170000
v 3.580000 12.741716 -27.295000
v 3.580000 12.818716 -27.295000
v 3.580000 12.818716 -29.170000
v 3.580000 12.741716 -29.170000
v 3.605000 12.766716 -27.295000
v 3.580000 12.741716 -27.295000
v 3.580000 12.741716 -29.170000
v 3.605000 12.766716 -29.170000
v 3.602172 12.769544 -27.295000
v 3.605000 12.766716 -27.295000
v 3.605000 12.766716 -29.170000
v 3.602172 12.769544 -29.170000
v 3.584000 12.751372 -27.295000
v 3.602172 12.769544 -27.295000
v 3.602172 12.769544 -29.170000
v 3.584000 12.751372 -29.170000
v 3.584000 12.814919 -27.295000
v 3.584000 12.751372 -27.295000
v 3.584000 12.751372 -29.170000
v 3.584000 12.814919 -29.170000
v 4.406000 12.857790 -27.295000
v 3.584000 12.814919 -27.295000
v 3.584000 12.814919 -29.170000
v 4.406000 12.857790 -29.170000
v 4.406000 12.794661 -27.295000
v 4.406000 12.857790 -27.295000
v 4.406000 12.857790 -29.170000
v 4.406000 12.794661 -29.170000
v 4.387828 12.812833 -27.295000
v 4.406000 12.794661 -27.295000
v 4.406000 12.794661 -29.170000
v 4.387828 12.812833 -29.170000
v 4.385000 12.810004 -27.295000
v 4.387828 12.812833 -27.295000
v 4.387828 12.812833 -29.170000
v 4.385000 12.810004 -29.170000
v 4.410000 12.785004 -27.295000
v 4.385000 12.810004 -27.295000
v 4.385000 12.810004 -29.170000
v 4.410000 12.785004 -29.170000
v 4.410000 12.862004 -27.295000
v 4.410000 12.785004 -27.295000
v 4.410000 12.785004 -29.170000
v 4.410000 12.862004 -29.170000
v 3.580000 12.818716 -27.295000
v 4.410000 12.862004 -27.295000
v 4.410000 12.862004 -29.170000
v 3.580000 12.818716 -29.170000
f 2019 2020 2021
f 2025 2026 2027
f 2019 2021 2022
f 2025 2027 2028
f 2018 2019 2022
f 2024 2025 2028
f 2018 2022 2023
f 2024 2028 2017
f 2017 2018 2023
f 2023 2024 2017
f 2029 2030 2031
f 2035 2036 2037
f 2029 2031 2032
f 2035 2037 2038
f 2040 2029 2032
f 2034 2035 2038
f 2040 2032 2033
f 2034 2038 2039
f 2039 2040 2033
f 2033 2034 2039
f 2041 2042 2044
f 2044 2042 2043
f 2045 2046 2048
f 2048 2046 2047
f 2049 2050 2052
f 2052 2050 2051
f 2053 2054 2056
f 2056 2054 2055
f 2057 2058 2060
f 2060 2058 2059
f 2061 2062 2064
f 2064 2062 2063
f 2065 2066 2068
f 2068 2066 2067
f 2069 2070 2072
f 2072 2070 2071
f 2073 2074 2076
f 2076 2074 2075
f 2077 2078 2080
f 2080 2078 2079
f 2081 2082 2084
f 2084 2082 2083
f 2085 2086 2088
f 2088 2086 2087
o item_958c4ea6_1122214
v 4.410000 12.862004 -29.919997
v 3.580000 12.818716 -29.919997
v 3.580000 12.741716 -29.919997
v 3.605000 12.766716 -29.919997
v 3.602172 12.769544 -29.919997
v 3.584000 12.751372 -29.919997
v 3.584000 12.814919 -29.919997
v 4.406000 12.857790 -29.919997
v 4.406000 12.794661 -29.919997
v 4.387828 12.812833 -29.919997
v 4.385000 12.810004 -29.919997
v 4.410000 12.785004 -29.919997
v 4.410000 12.785004 -31.489263
v 4.385000 12.810004 -31.489263
v 4.387828 12.812833 -31.489263
v 4.406000 12.794661 -31.489263
v 4.406000 12.857790 -31.489263
v 3.584000 12.814919 -31.489263
v 3.584000 12.751372 -31.489263
v 3.602172 12.769544 -31.489263
v 3.605000 12.766716 -31.489263
v 3.580000 12.741716 -31.489263
v 3.580000 12.818716 -31.489263
v 4.410000 12.862004 -31.489263
v 3.580000 12.741716 -29.919997
v 3.580000 12.818716 -29.919997
v 3.580000 12.818716 -31.489263
v 3.580000 12.741716 -31.489263
v 3.605000 12.766716 -29.919997
v 3.580000 12.741716 -29.919997
v 3.580000 12.741716 -31.489263
v 3.605000 12.766716 -31.489263
v 3.602172 12.769544 -29.919997
v 3.605000 12.766716 -29.919997
v 3.605000 12.766716 -31.489263
v 3.602172 12.769544 -31.489263
v 3.584000 12.751372 -29.919997
v 3.602172 12.769544 -29.919997
v 3.602172 12.769544 -31.489263
v 3.584000 12.751372 -31.489263
v 3.584000 12.814919 -29.919997
v 3.584000 12.751372 -29.919997
v 3.584000 12.751372 -31.489263
v 3.584000 12.814919 -31.489263
v 4.406000 12.857790 -29.919997
v 3.584000 12.814919 -29.919997
v 3.584000 12.814919 -31.489263
v 4.406000 12.857790 -31.489263
v 4.406000 12.794661 -29.919997
v 4.406000 12.857790 -29.919997
v 4.406000 12.857790 -31.489263
v 4.406000 12.794661 -31.489263
v 4.387828 12.812833 -29.919997
v 4.406000 12.794661 -29.919997
v 4.406000 12.794661 -31.489263
v 4.387828 12.812833 -31.489263
v 4.385000 12.810004 -29.919997
v 4.387828 12.812833 -29.919997
v 4.387828 12.812833 -31.489263
v 4.385000 12.810004 -31.489263
v 4.410000 12.785004 -29.919997
v 4.385000 12.810004 -29.919997
v 4.385000 12.810004 -31.489263
v 4.410000 12.785004 -31.489263
v 4.410000 12.862004 -29.919997
v 4.410000 12.785004 -29.919997
v 4.410000 12.785004 -31.489263
v 4.410000 12.862004 -31.489263
v 3.580000 12.818716 -29.919997
v 4.410000 12.862004 -29.919997
v 4.410000 12.862004 -31.489263
v 3.580000 12.818716 -31.489263
f 2091 2092 2093
f 2097 2098 2099
f 2091 2093 2094
f 2097 2099 2100
f 2090 2091 2094
f 2096 2097 2100
f 2090 2094 2095
f 2096 2100 2089
f 2089 2090 2095
f 2095 2096 2089
f 2101 2102 2103
f 2107 2108 2109
f 2101 2103 2104
f 2107 2109 2110
f 2112 2101 2104
f 2106 2107 2110
f 2112 2104 2105
f 2106 2110 2111
f 2111 2112 2105
f 2105 2106 2111
f 2113 2114 2116
f 2116 2114 2115
f 2117 2118 2120
f 2120 2118 2119
f 2121 2122 2124
f 2124 2122 2123
f 2125 2126 2128
f 2128 2126 2127
f 2129 2130 2132
f 2132 2130 2131
f 2133 2134 2136
f 2136 2134 2135
f 2137 2138 2140
f 2140 2138 2139
f 2141 2142 2144
f 2144 2142 2143
f 2145 2146 2148
f 2148 2146 2147
f 2149 2150 2152
f 2152 2150 2151
f 2153 2154 2156
f 2156 2154 2155
f 2157 2158 2160
f 2160 2158 2159
o item_958c4ea6_1119975
v 3.579462 12.862004 -32.320000
v 3.579462 12.818716 -31.490000
v 3.579462 12.741716 -31.490000
v 3.579462 12.766716 -31.515000
v 3.579462 12.769544 -31.512172
v 3.579462 12.751372 -31.494000
v 3.579462 12.814919 -31.494000
v 3.579462 12.857790 -32.316000
v 3.579462 12.794661 -32.316000
v 3.579462 12.812833 -32.297828
v 3.579462 12.810004 -32.295000
v 3.579462 12.785004 -32.320000
v 1.859998 12.785004 -32.320000
v 1.859998 12.810004 -32.295000
v 1.859998 12.812833 -32.297828
v 1.859998 12.794661 -32.316000
v 1.859998 12.857790 -32.316000
v 1.859998 12.814919 -31.494000
v 1.859998 12.751372 -31.494000
v 1.859998 12.769544 -31.512172
v 1.859998 12.766716 -31.515000
v 1.859998 12.741716 -31.490000
v 1.859998 12.818716 -31.490000
v 1.859998 12.862004 -32.320000
v 3.579462 12.741716 -31.490000
v 3.579462 12.818716 -31.490000
v 1.859998 12.818716 -31.490000
v 1.859998 12.741716 -31.490000
v 3.579462 12.766716 -31.515000
v 3.579462 12.741716 -31.490000
v 1.859998 12.741716 -31.490000
v 1.859998 12.766716 -31.515000
v 3.579462 12.769544 -31.512172
v 3.579462 12.766716 -31.515000
v 1.859998 12.766716 -31.515000
v 1.859998 12.769544 -31.512172
v 3.579462 12.751372 -31.494000
v 3.579462 12.769544 -31.512172
v 1.859998 12.769544 -31.512172
v 1.859998 12.751372 -31.494000
v 3.579462 12.814919 -31.494000
v 3.579462 12.751372 -31.494000
v 1.859998 12.751372 -31.494000
v 1.859998 12.814919 -31.494000
v 3.579462 12.857790 -32.316000
v 3.579462 12.814919 -31.494000
v 1.859998 12.814919 -31.494000
v 1.859998 12.857790 -32.316000
v 3.579462 12.794661 -32.316000
v 3.579462 12.857790 -32.316000
v 1.859998 12.857790 -32.316000
v 1.859998 12.794661 -32.316000
v 3.579462 12.812833 -32.297828
v 3.579462 12.794661 -32.316000
v 1.859998 12.794661 -32.316000
v 1.859998 12.812833 -32.297828
v 3.579462 12.810004 -32.295000
v 3.579462 12.812833 -32.297828
v 1.859998 12.812833 -32.297828
v 1.859998 12.810004 -32.295000
v 3.579462 12.785004 -32.320000
v 3.579462 12.810004 -32.295000
v 1.859998 12.810004 -32.295000
v 1.859998 12.785004 -32.320000
v 3.579462 12.862004 -32.320000
v 3.579462 12.785004 -32.320000
v 1.859998 12.785004 -32.320000
v 1.859998 12.862004 -32.320000
v 3.579462 12.818716 -31.490000
v 3.579462 12.862004 -32.320000
v 1.859998 12.862004 -32.320000
v 1.859998 12.818716 -31.490000
f 2163 2164 2165
f 2169 2170 2171
f 2163 2165 2166
f 2169 2171 2172
f 2162 2163 2166
f 2168 2169 2172
f 2162 2166 2167
f 2168 2172 2161
f 2161 2162 2167
f 2167 2168 2161
f 2173 2174 2175
f 2179 2180 2181
f 2173 2175 2176
f 2179 2181 2182
f 2184 2173 2176
f 2178 2179 2182
f 2184 2176 2177
f 2178 2182 2183
f 2183 2184 2177
f 2177 2178 2183
f 2185 2186 2188
f 2188 2186 2187
f 2189 2190 2192
f 2192 2190 2191
f 2193 2194 2196
f 2196 2194 2195
f 2197 2198 2200
f 2200 2198 2199
f 2201 2202 2204
f 2204 2202 2203
f 2205 2206 2208
f 2208 2206 2207
f 2209 2210 2212
f 2212 2210 2211
f 2213 2214 2216
f 2216 2214 2215
f 2217 2218 2220
f 2220 2218 2219
f 2221 2222 2224
f 2224 2222 2223
f 2225 2226 2228
f 2228 2226 2227
f 2229 2230 2232
f 2232 2230 2231
o item_958c4ea6_1131561
v 1.110000 12.862004 -32.320000
v 1.110000 12.818716 -31.490000
v 1.110000 12.741716 -31.490000
v 1.110000 12.766716 -31.515000
v 1.110000 12.769544 -31.512172
v 1.110000 12.751372 -31.494000
v 1.110000 12.814919 -31.494000
v 1.110000 12.857790 -32.316000
v 1.110000 12.794661 -32.316000
v 1.110000 12.812833 -32.297828
v 1.110000 12.810004 -32.295000
v 1.110000 12.785004 -32.320000
v -0.915000 12.785004 -32.320000
v -0.915000 12.810004 -32.295000
v -0.915000 12.812833 -32.297828
v -0.915000 12.794661 -32.316000
v -0.915000 12.857790 -32.316000
v -0.915000 12.814919 -31.494000
v -0.915000 12.751372 -31.494000
v -0.915000 12.769544 -31.512172
v -0.915000 12.766716 -31.515000
v -0.915000 12.741716 -31.490000
v -0.915000 12.818716 -31.490000
v -0.915000 12.862004 -32.320000
v 1.110000 12.741716 -31.490000
v 1.110000 12.818716 -31.490000
v -0.915000 12.818716 -31.490000
v -0.915000 12.741716 -31.490000
v 1.110000 12.766716 -31.515000
v 1.110000 12.741716 -31.490000
v -0.915000 12.741716 -31.490000
v -0.915000 12.766716 -31.515000
v 1.110000 12.769544 -31.512172
v 1.110000 12.766716 -31.515000
v -0.915000 12.766716 -31.515000
v -0.915000 12.769544 -31.512172
v 1.110000 12.751372 -31.494000
v 1.110000 12.769544 -31.512172
v -0.915000 12.769544 -31.512172
v -0.915000 12.751372 -31.494000
v 1.110000 12.814919 -31.494000
v 1.110000 12.751372 -31.494000
v -0.915000 12.751372 -31.494000
v -0.915000 12.814919 -31.494000
v 1.110000 12.857790 -32.316000
v 1.110000 12.814919 -31.494000
v -0.915000 12.814919 -31.494000
v -0.915000 12.857790 -32.316000
v 1.110000 12.794661 -32.316000
v 1.110000 12.857790 -32.316000
v -0.915000 12.857790 -32.316000
v -0.915000 12.794661 -32.316000
v 1.110000 12.812833 -32.297828
v 1.110000 12.794661 -32.316000
v -0.915000 12.794661 -32.316000
v -0.915000 12.812833 -32.297828
v 1.110000 12.810004 -32.295000
v 1.110000 12.812833 -32.297828
v -0.915000 12.812833 -32.297828
v -0.915000 12.810004 -32.295000
v 1.110000 12.785004 -32.320000
v 1.110000 12.810004 -32.295000
v -0.915000 12.810004 -32.295000
v -0.915000 12.785004 -32.320000
v 1.110000 12.862004 -32.320000
v 1.110000 12.785004 -32.320000
v -0.915000 12.785004 -32.320000
v -0.915000 12.862004 -32.320000
v 1.110000 12.818716 -31.490000
v 1.110000 12.862004 -32.320000
v -0.915000 12.862004 -32.320000
v -0.915000 12.818716 -31.490000
f 2235 2236 2237
f 2241 2242 2243
f 2235 2237 2238
f 2241 2243 2244
f 2234 2235 2238
f 2240 2241 2244
f 2234 2238 2239
f 2240 2244 2233
f 2233 2234 2239
f 2239 2240 2233
f 2245 2246 2247
f 2251 2252 2253
f 2245 2247 2248
f 2251 2253 2254
f 2256 2245 2248
f 2250 2251 2254
f 2256 2248 2249
f 2250 2254 2255
f 2255 2256 2249
f 2249 2250 2255
f 2257 2258 2260
f 2260 2258 2259
f 2261 2262 2264
f 2264 2262 2263
f 2265 2266 2268
f 2268 2266 2267
f 2269 2270 2272
f 2272 2270 2271
f 2273 2274 2276
f 2276 2274 2275
f 2277 2278 2280
f 2280 2278 2279
f 2281 2282 2284
f 2284 2282 2283
f 2285 2286 2288
f 2288 2286 2287
f 2289 2290 2292
f 2292 2290 2291
f 2293 2294 2296
f 2296 2294 2295
f 2297 2298 2300
f 2300 2298 2299
f 2301 2302 2304
f 2304 2302 2303
o item_958c4ea6_1131611
v -1.665000 12.862004 -32.320000
v -1.665000 12.818716 -31.490000
v -1.665000 12.741716 -31.490000
v -1.665000 12.766716 -31.515000
v -1.665000 12.769544 -31.512172
v -1.665000 12.751372 -31.494000
v -1.665000 12.814919 -31.494000
v -1.665000 12.857790 -32.316000
v -1.665000 12.794661 -32.316000
v -1.665000 12.812833 -32.297828
v -1.665000 12.810004 -32.295000
v -1.665000 12.785004 -32.320000
v -3.690000 12.785004 -32.320000
v -3.690000 12.810004 -32.295000
v -3.690000 12.812833 -32.297828
v -3.690000 12.794661 -32.316000
v -3.690000 12.857790 -32.316000
v -3.690000 12.814919 -31.494000
v -3.690000 12.751372 -31.494000
v -3.690000 12.769544 -31.512172
v -3.690000 12.766716 -31.515000
v -3.690000 12.741716 -31.490000
v -3.690000 12.818716 -31.490000
v -3.690000 12.862004 -32.320000
v -1.665000 12.741716 -31.490000
v -1.665000 12.818716 -31.490000
v -3.690000 12.818716 -31.490000
v -3.690000 12.741716 -31.490000
v -1.665000 12.766716 -31.515000
v -1.665000 12.741716 -31.490000
v -3.690000 12.741716 -31.490000
v -3.690000 12.766716 -31.515000
v -1.665000 12.769544 -31.512172
v -1.665000 12.766716 -31.515000
v -3.690000 12.766716 -31.515000
v -3.690000 12.769544 -31.512172
v -1.665000 12.751372 -31.494000
v -1.665000 12.769544 -31.512172
v -3.690000 12.769544 -31.512172
v -3.690000 12.751372 -31.494000
v -1.665000 12.814919 -31.494000
v -1.665000 12.751372 -31.494000
v -3.690000 12.751372 -31.494000
v -3.690000 12.814919 -31.494000
v -1.665000 12.857790 -32.316000
v -1.665000 12.814919 -31.494000
v -3.690000 12.814919 -31.494000
v -3.690000 12.857790 -32.316000
v -1.665000 12.794661 -32.316000
v -1.665000 12.857790 -32.316000
v -3.690000 12.857790 -32.316000
v -3.690000 12.794661 -32.316000
v -1.665000 12.812833 -32.297828
v -1.665000 12.794661 -32.316000
v -3.690000 12.794661 -32.316000
v -3.690000 12.812833 -32.297828
v -1.665000 12.810004 -32.295000
v -1.665000 12.812833 -32.297828
v -3.690000 12.812833 -32.297828
v -3.690000 12.810004 -32.295000
v -1.665000 12.785004 -32.320000
v -1.665000 12.810004 -32.295000
v -3.690000 12.810004 -32.295000
v -3.690000 12.785004 -32.320000
v -1.665000 12.862004 -32.320000
v -1.665000 12.785004 -32.320000
v -3.690000 12.785004 -32.320000
v -3.690000 12.862004 -32.320000
v -1.665000 12.818716 -31.490000
v -1.665000 12.862004 -32.320000
v -3.690000 12.862004 -32.320000
v -3.690000 12.818716 -31.490000
f 2307 2308 2309
f 2313 2314 2315
f 2307 2309 2310
f 2313 2315 2316
f 2306 2307 2310
f 2312 2313 2316
f 2306 2310 2311
f 2312 2316 2305
f 2305 2306 2311
f 2311 2312 2305
f 2317 2318 2319
f 2323 2324 2325
f 2317 2319 2320
f 2323 2325 2326
f 2328 2317 2320
f 2322 2323 2326
f 2328 2320 2321
f 2322 2326 2327
f 2327 2328 2321
f 2321 2322 2327
f 2329 2330 2332
f 2332 2330 2331
f 2333 2334 2336
f 2336 2334 2335
f 2337 2338 2340
f 2340 2338 2339
f 2341 2342 2344
f 2344 2342 2343
f 2345 2346 2348
f 2348 2346 2347
f 2349 2350 2352
f 2352 2350 2351
f 2353 2354 2356
f 2356 2354 2355
f 2357 2358 2360
f 2360 2358 2359
f 2361 2362 2364
f 2364 2362 2363
f 2365 2366 2368
f 2368 2366 2367
f 2369 2370 2372
f 2372 2370 2371
f 2373 2374 2376
f 2376 2374 2375
o item_958c4ea6_1132021
v -4.313699 12.810004 -32.295000
v -4.312131 12.812833 -32.297828
v -4.302058 12.794661 -32.316000
v -4.302058 12.857790 -32.316000
v -4.757700 12.814919 -31.494000
v -4.757700 12.751372 -31.494000
v -4.747628 12.769544 -31.512172
v -4.746060 12.766716 -31.515000
v -4.759918 12.741716 -31.490000
v -4.759918 12.818716 -31.490000
v -4.299841 12.862004 -32.320000
v -4.299841 12.785004 -32.320000
v -4.025002 12.810004 -32.295000
v -4.025002 12.785004 -32.320000
v -4.025002 12.862004 -32.320000
v -4.025002 12.818716 -31.490000
v -4.025002 12.741716 -31.490000
v -4.025002 12.766716 -31.515000
v -4.025002 12.769544 -31.512172
v -4.025002 12.751372 -31.494000
v -4.025002 12.814919 -31.494000
v -4.025002 12.857790 -32.316000
v -4.025002 12.794661 -32.316000
v -4.025002 12.812833 -32.297828
v -4.299841 12.862004 -32.320000
v -4.759918 12.818716 -31.490000
v -4.025002 12.818716 -31.490000
v -4.025002 12.862004 -32.320000
v -4.302058 12.857790 -32.316000
v -4.302058 12.794661 -32.316000
v -4.025002 12.794661 -32.316000
v -4.025002 12.857790 -32.316000
v -4.025002 12.785004 -32.320000
v -4.025002 12.810004 -32.295000
v -4.313699 12.810004 -32.295000
v -4.299841 12.785004 -32.320000
v -4.025002 12.862004 -32.320000
v -4.025002 12.785004 -32.320000
v -4.299841 12.785004 -32.320000
v -4.299841 12.862004 -32.320000
v -4.025002 12.857790 -32.316000
v -4.025002 12.814919 -31.494000
v -4.757700 12.814919 -31.494000
v -4.302058 12.857790 -32.316000
v -4.757700 12.751372 -31.494000
v -4.757700 12.814919 -31.494000
v -4.025002 12.814919 -31.494000
v -4.025002 12.751372 -31.494000
v -4.747628 12.769544 -31.512172
v -4.757700 12.751372 -31.494000
v -4.025002 12.751372 -31.494000
v -4.025002 12.769544 -31.512172
v -4.746060 12.766716 -31.515000
v -4.747628 12.769544 -31.512172
v -4.025002 12.769544 -31.512172
v -4.025002 12.766716 -31.515000
v -4.025002 12.766716 -31.515000
v -4.025002 12.741716 -31.490000
v -4.759918 12.741716 -31.490000
v -4.746060 12.766716 -31.515000
v -4.759918 12.818716 -31.490000
v -4.759918 12.741716 -31.490000
v -4.025002 12.741716 -31.490000
v -4.025002 12.818716 -31.490000
v -4.312131 12.812833 -32.297828
v -4.313699 12.810004 -32.295000
v -4.025002 12.810004 -32.295000
v -4.025002 12.812833 -32.297828
v -4.302058 12.794661 -32.316000
v -4.312131 12.812833 -32.297828
v -4.025002 12.812833 -32.297828
v -4.025002 12.794661 -32.316000
f 2388 2377 2378
f 2382 2383 2384
f 2388 2378 2379
f 2382 2384 2385
f 2387 2388 2379
f 2381 2382 2385
f 2387 2379 2380
f 2381 2385 2386
f 2386 2387 2380
f 2380 2381 2386
f 2399 2400 2389
f 2393 2394 2395
f 2399 2389 2390
f 2393 2395 2396
f 2398 2399 2390
f 2392 2393 2396
f 2398 2390 2391
f 2392 2396 2397
f 2397 2398 2391
f 2391 2392 2397
f 2401 2402 2404
f 2404 2402 2403
f 2405 2406 2408
f 2408 2406 2407
f 2409 2410 2412
f 2412 2410 2411
f 2413 2414 2416
f 2416 2414 2415
f 2417 2418 2420
f 2420 2418 2419
f 2421 2422 2424
f 2424 2422 2423
f 2425 2426 2428
f 2428 2426 2427
f 2429 2430 2432
f 2432 2430 2431
f 2433 2434 2436
f 2436 2434 2435
f 2437 2438 2440
f 2440 2438 2439
f 2441 2442 2444
f 2444 2442 2443
f 2445 2446 2448
f 2448 2446 2447
o item_958c4ea6_1120025
v -14.700436 12.810204 -48.914351
v -14.699295 12.813033 -48.917862
v -14.691966 12.794861 -48.940422
v -14.691966 12.857990 -48.940422
v -15.023501 12.815119 -47.919929
v -15.023501 12.751572 -47.919929
v -15.016171 12.769744 -47.942489
v -15.015031 12.766916 -47.946000
v -15.025115 12.741916 -47.914964
v -15.025115 12.818916 -47.914964
v -14.690353 12.862204 -48.945389
v -14.690353 12.785204 -48.945389
v -4.314123 12.810204 -32.296251
v -4.300266 12.785204 -32.321249
v -4.300266 12.862204 -32.321249
v -4.760307 12.818916 -31.491271
v -4.760307 12.741916 -31.491271
v -4.746451 12.766916 -31.516271
v -4.748018 12.769744 -31.513443
v -4.758090 12.751572 -31.495271
v -4.758090 12.815119 -31.495271
v -4.302484 12.857990 -32.317250
v -4.302484 12.794861 -32.317250
v -4.312555 12.813033 -32.299078
v -4.760307 12.818916 -31.491271
v -4.300266 12.862204 -32.321249
v -14.690353 12.862204 -48.945389
v -15.025115 12.818916 -47.914964
v -4.302484 12.794861 -32.317250
v -4.302484 12.857990 -32.317250
v -14.691966 12.857990 -48.940422
v -14.691966 12.794861 -48.940422
v -14.700436 12.810204 -48.914351
v -14.690353 12.785204 -48.945389
v -4.300266 12.785204 -32.321249
v -4.314123 12.810204 -32.296251
v -4.300266 12.862204 -32.321249
v -4.300266 12.785204 -32.321249
v -14.690353 12.785204 -48.945389
v -14.690353 12.862204 -48.945389
v -15.023501 12.815119 -47.919929
v -14.691966 12.857990 -48.940422
v -4.302484 12.857990 -32.317250
v -4.758090 12.815119 -31.495271
v -4.758090 12.815119 -31.495271
v -4.758090 12.751572 -31.495271
v -15.023501 12.751572 -47.919929
v -15.023501 12.815119 -47.919929
v -4.758090 12.751572 -31.495271
v -4.748018 12.769744 -31.513443
v -15.016171 12.769744 -47.942489
v -15.023501 12.751572 -47.919929
v -4.748018 12.769744 -31.513443
v -4.746451 12.766916 -31.516271
v -15.015031 12.766916 -47.946000
v -15.016171 12.769744 -47.942489
v -15.025115 12.741916 -47.914964
v -15.015031 12.766916 -47.946000
v -4.746451 12.766916 -31.516271
v -4.760307 12.741916 -31.491271
v -4.760307 12.741916 -31.491271
v -4.760307 12.818916 -31.491271
v -15.025115 12.818916 -47.914964
v -15.025115 12.741916 -47.914964
v -4.314123 12.810204 -32.296251
v -4.312555 12.813033 -32.299078
v -14.699295 12.813033 -48.917862
v -14.700436 12.810204 -48.914351
v -4.312555 12.813033 -32.299078
v -4.302484 12.794861 -32.317250
v -14.691966 12.794861 -48.940422
v -14.699295 12.813033 -48.917862
f 2460 2449 2450
f 2454 2455 2456
f 2460 2450 2451
f 2454 2456 2457
f 2459 2460 2451
f 2453 2454 2457
f 2459 2451 2452
f 2453 2457 2458
f 2458 2459 2452
f 2452 2453 2458
f 2471 2472 2461
f 2465 2466 2467
f 2471 2461 2462
f 2465 2467 2468
f 2470 2471 2462
f 2464 2465 2468
f 2470 2462 2463
f 2464 2468 2469
f 2469 2470 2463
f 2463 2464 2469
f 2473 2474 2476
f 2476 2474 2475
f 2477 2478 2480
f 2480 2478 2479
f 2481 2482 2484
f 2484 2482 2483
f 2485 2486 2488
f 2488 2486 2487
f 2489 2490 2492
f 2492 2490 2491
f 2493 2494 2496
f 2496 2494 2495
f 2497 2498 2500
f 2500 2498 2499
f 2501 2502 2504
f 2504 2502 2503
f 2505 2506 2508
f 2508 2506 2507
f 2509 2510 2512
f 2512 2510 2511
f 2513 2514 2516
f 2516 2514 2515
f 2517 2518 2520
f 2520 2518 2519
o item_958c4ea6_1120077
v -53.315266 12.810204 -33.303363
v -53.318948 12.813033 -33.304925
v -53.342600 12.794861 -33.314959
v -53.342600 12.857989 -33.314959
v -52.272676 12.815119 -32.861067
v -52.272676 12.751573 -32.861067
v -52.296328 12.769745 -32.871102
v -52.300010 12.766917 -32.872663
v -52.267470 12.741918 -32.858858
v -52.267470 12.818916 -32.858858
v -53.347806 12.862202 -33.317168
v -53.347806 12.785204 -33.317168
v -14.703463 12.810204 -48.923025
v -14.693380 12.785204 -48.954072
v -14.693380 12.862202 -48.954072
v -15.028066 12.818916 -47.923342
v -15.028066 12.741918 -47.923342
v -15.017984 12.766917 -47.954389
v -15.019126 12.769745 -47.950876
v -15.026453 12.751573 -47.928310
v -15.026453 12.815119 -47.928310
v -14.694994 12.857989 -48.949104
v -14.694994 12.794861 -48.949104
v -14.702321 12.813033 -48.926538
v -15.028066 12.818916 -47.923342
v -14.693380 12.862202 -48.954072
v -53.347806 12.862202 -33.317168
v -52.267470 12.818916 -32.858858
v -53.342600 12.857989 -33.314959
v -53.342600 12.794861 -33.314959
v -14.694994 12.794861 -48.949104
v -14.694994 12.857989 -48.949104
v -53.315266 12.810204 -33.303363
v -53.347806 12.785204 -33.317168
v -14.693380 12.785204 -48.954072
v -14.703463 12.810204 -48.923025
v -14.693380 12.862202 -48.954072
v -14.693380 12.785204 -48.954072
v -53.347806 12.785204 -33.317168
v -53.347806 12.862202 -33.317168
v -52.272676 12.815119 -32.861067
v -53.342600 12.857989 -33.314959
v -14.694994 12.857989 -48.949104
v -15.026453 12.815119 -47.928310
v -15.026453 12.815119 -47.928310
v -15.026453 12.751573 -47.928310
v -52.272676 12.751573 -32.861067
v -52.272676 12.815119 -32.861067
v -15.026453 12.751573 -47.928310
v -15.019126 12.769745 -47.950876
v -52.296328 12.769745 -32.871102
v -52.272676 12.751573 -32.861067
v -15.019126 12.769745 -47.950876
v -15.017984 12.766917 -47.954389
v -52.300010 12.766917 -32.872663
v -52.296328 12.769745 -32.871102
v -52.267470 12.741918 -32.858858
v -52.300010 12.766917 -32.872663
v -15.017984 12.766917 -47.954389
v -15.028066 12.741918 -47.923342
v -15.028066 12.741918 -47.923342
v -15.028066 12.818916 -47.923342
v -52.267470 12.818916 -32.858858
v -52.267470 12.741918 -32.858858
v -14.703463 12.810204 -48.923025
v -14.702321 12.813033 -48.926538
v -53.318948 12.813033 -33.304925
v -53.315266 12.810204 -33.303363
v -14.702321 12.813033 -48.926538
v -14.694994 12.794861 -48.949104
v -53.342600 12.794861 -33.314959
v -53.318948 12.813033 -33.304925
f 2532 2521 2522
f 2526 2527 2528
f 2532 2522 2523
f 2526 2528 2529
f 2531 2532 2523
f 2525 2526 2529
f 2531 2523 2524
f 2525 2529 2530
f 2530 2531 2524
f 2524 2525 2530
f 2543 2544 2533
f 2537 2538 2539
f 2543 2533 2534
f 2537 2539 2540
f 2542 2543 2534
f 2536 2537 2540
f 2542 2534 2535
f 2536 2540 2541
f 2541 2542 2535
f 2535 2536 2541
f 2545 2546 2548
f 2548 2546 2547
f 2549 2550 2552
f 2552 2550 2551
f 2553 2554 2556
f 2556 2554 2555
f 2557 2558 2560
f 2560 2558 2559
f 2561 2562 2564
f 2564 2562 2563
f 2565 2566 2568
f 2568 2566 2567
f 2569 2570 2572
f 2572 2570 2571
f 2573 2574 2576
f 2576 2574 2575
f 2577 2578 2580
f 2580 2578 2579
f 2581 2582 2584
f 2584 2582 2583
f 2585 2586 2588
f 2588 2586 2587
f 2589 2590 2592
f 2592 2590 2591
o item_958c4ea6_1120178
v -40.987238 12.810204 -16.023954
v -40.986179 12.813033 -16.021332
v -40.979371 12.794861 -16.004483
v -40.979371 12.857989 -16.004483
v -41.287301 12.815119 -16.766625
v -41.287301 12.751573 -16.766625
v -41.280493 12.769745 -16.749776
v -41.279434 12.766917 -16.747154
v -41.288799 12.741918 -16.770333
v -41.288799 12.818916 -16.770333
v -40.977873 12.862202 -16.000774
v -40.977873 12.785204 -16.000774
v -45.583211 12.810204 -14.164741
v -45.597021 12.785204 -14.132187
v -45.597021 12.862202 -14.132187
v -45.138537 12.818916 -15.212996
v -45.138537 12.741918 -15.212996
v -45.152347 12.766917 -15.180441
v -45.150785 12.769745 -15.184124
v -45.140747 12.751573 -15.207787
v -45.140747 12.815119 -15.207787
v -45.594811 12.857989 -14.137395
v -45.594811 12.794861 -14.137395
v -45.584773 12.813033 -14.161058
v -40.977873 12.862202 -16.000774
v -41.288799 12.818916 -16.770333
v -45.138537 12.818916 -15.212996
v -45.597021 12.862202 -14.132187
v -40.979371 12.857989 -16.004483
v -40.979371 12.794861 -16.004483
v -45.594811 12.794861 -14.137395
v -45.594811 12.857989 -14.137395
v -45.597021 12.785204 -14.132187
v -45.583211 12.810204 -14.164741
v -40.987238 12.810204 -16.023954
v -40.977873 12.785204 -16.000774
v -45.597021 12.862202 -14.132187
v -45.597021 12.785204 -14.132187
v -40.977873 12.785204 -16.000774
v -40.977873 12.862202 -16.000774
v -45.594811 12.857989 -14.137395
v -45.140747 12.815119 -15.207787
v -41.287301 12.815119 -16.766625
v -40.979371 12.857989 -16.004483
v -41.287301 12.751573 -16.766625
v -41.287301 12.815119 -16.766625
v -45.140747 12.815119 -15.207787
v -45.140747 12.751573 -15.207787
v -41.280493 12.769745 -16.749776
v -41.287301 12.751573 -16.766625
v -45.140747 12.751573 -15.207787
v -45.150785 12.769745 -15.184124
v -41.279434 12.766917 -16.747154
v -41.280493 12.769745 -16.749776
v -45.150785 12.769745 -15.184124
v -45.152347 12.766917 -15.180441
v -45.152347 12.766917 -15.180441
v -45.138537 12.741918 -15.212996
v -41.288799 12.741918 -16.770333
v -41.279434 12.766917 -16.747154
v -41.288799 12.818916 -16.770333
v -41.288799 12.741918 -16.770333
v -45.138537 12.741918 -15.212996
v -45.138537 12.818916 -15.212996
v -40.986179 12.813033 -16.021332
v -40.987238 12.810204 -16.023954
v -45.583211 12.810204 -14.164741
v -45.584773 12.813033 -14.161058
v -40.979371 12.794861 -16.004483
v -40.986179 12.813033 -16.021332
v -45.584773 12.813033 -14.161058
v -45.594811 12.794861 -14.137395
f 2604 2593 2594
f 2598 2599 2600
f 2604 2594 2595
f 2598 2600 2601
f 2603 2604 2595
f 2597 2598 2601
f 2603 2595 2596
f 2597 2601 2602
f 2602 2603 2596
f 2596 2597 2602
f 2615 2616 2605
f 2609 2610 2611
f 2615 2605 2606
f 2609 2611 2612
f 2614 2615 2606
f 2608 2609 2612
f 2614 2606 2607
f 2608 2612 2613
f 2613 2614 2607
f 2607 2608 2613
f 2617 2618 2620
f 2620 2618 2619
f 2621 2622 2624
f 2624 2622 2623
f 2625 2626 2628
f 2628 2626 2627
f 2629 2630 2632
f 2632 2630 2631
f 2633 2634 2636
f 2636 2634 2635
f 2637 2638 2640
f 2640 2638 2639
f 2641 2642 2644
f 2644 2642 2643
f 2645 2646 2648
f 2648 2646 2647
f 2649 2650 2652
f 2652 2650 2651
f 2653 2654 2656
f 2656 2654 2655
f 2657 2658 2660
f 2660 2658 2659
f 2661 2662 2664
f 2664 2662 2663
o item_958c4ea6_1120128
v -45.579603 12.810204 -14.167607
v -45.581166 12.813033 -14.163926
v -45.591199 12.794861 -14.140273
v -45.591199 12.857989 -14.140273
v -45.137311 12.815119 -15.210190
v -45.137311 12.751574 -15.210190
v -45.147344 12.769745 -15.186538
v -45.148907 12.766917 -15.182857
v -45.135102 12.741918 -15.215397
v -45.135102 12.818916 -15.215397
v -45.593408 12.862202 -14.135067
v -45.593408 12.785204 -14.135067
v -53.323152 12.810204 -33.309659
v -53.355706 12.785204 -33.323469
v -53.355706 12.862202 -33.323469
v -52.274904 12.818916 -32.864987
v -52.274904 12.741918 -32.864987
v -52.307459 12.766917 -32.878797
v -52.303775 12.769745 -32.877235
v -52.280113 12.751574 -32.867197
v -52.280113 12.815119 -32.867197
v -53.350498 12.857989 -33.321260
v -53.350498 12.794861 -33.321260
v -53.326835 12.813033 -33.311221
v -45.593408 12.862202 -14.135067
v -45.135102 12.818916 -15.215397
v -52.274904 12.818916 -32.864987
v -53.355706 12.862202 -33.323469
v -45.591199 12.857989 -14.140273
v -45.591199 12.794861 -14.140273
v -53.350498 12.794861 -33.321260
v -53.350498 12.857989 -33.321260
v -45.579603 12.810204 -14.167607
v -45.593408 12.785204 -14.135067
v -53.355706 12.785204 -33.323469
v -53.323152 12.810204 -33.309659
v -45.593408 12.785204 -14.135067
v -45.593408 12.862202 -14.135067
v -53.355706 12.862202 -33.323469
v -53.355706 12.785204 -33.323469
v -53.350498 12.857989 -33.321260
v -52.280113 12.815119 -32.867197
v -45.137311 12.815119 -15.210190
v -45.591199 12.857989 -14.140273
v -45.137311 12.751574 -15.210190
v -45.137311 12.815119 -15.210190
v -52.280113 12.815119 -32.867197
v -52.280113 12.751574 -32.867197
v -52.280113 12.751574 -32.867197
v -52.303775 12.769745 -32.877235
v -45.147344 12.769745 -15.186538
v -45.137311 12.751574 -15.210190
v -45.148907 12.766917 -15.182857
v -45.147344 12.769745 -15.186538
v -52.303775 12.769745 -32.877235
v -52.307459 12.766917 -32.878797
v -52.307459 12.766917 -32.878797
v -52.274904 12.741918 -32.864987
v -45.135102 12.741918 -15.215397
v -45.148907 12.766917 -15.182857
v -45.135102 12.818916 -15.215397
v -45.135102 12.741918 -15.215397
v -52.274904 12.741918 -32.864987
v -52.274904 12.818916 -32.864987
v -45.581166 12.813033 -14.163926
v -45.579603 12.810204 -14.167607
v -53.323152 12.810204 -33.309659
v -53.326835 12.813033 -33.311221
v -45.591199 12.794861 -14.140273
v -45.581166 12.813033 -14.163926
v -53.326835 12.813033 -33.311221
v -53.350498 12.794861 -33.321260
f 2676 2665 2666
f 2670 2671 2672
f 2676 2666 2667
f 2670 2672 2673
f 2675 2676 2667
f 2669 2670 2673
f 2675 2667 2668
f 2669 2673 2674
f 2674 2675 2668
f 2668 2669 2674
f 2687 2688 2677
f 2681 2682 2683
f 2687 2677 2678
f 2681 2683 2684
f 2686 2687 2678
f 2680 2681 2684
f 2686 2678 2679
f 2680 2684 2685
f 2685 2686 2679
f 2679 2680 2685
f 2689 2690 2692
f 2692 2690 2691
f 2693 2694 2696
f 2696 2694 2695
f 2697 2698 2700
f 2700 2698 2699
f 2701 2702 2704
f 2704 2702 2703
f 2705 2706 2708
f 2708 2706 2707
f 2709 2710 2712
f 2712 2710 2711
f 2713 2714 2716
f 2716 2714 2715
f 2717 2718 2720
f 2720 2718 2719
f 2721 2722 2724
f 2724 2722 2723
f 2725 2726 2728
f 2728 2726 2727
f 2729 2730 2732
f 2732 2730 2731
f 2733 2734 2736
f 2736 2734 2735
