# DIMKO.app — selection export
# Generated: 2026-07-31T07:53:41.601Z
o item_958c4ea6_1130626
v -16.512478 12.869502 43.426337
v -16.467522 12.869502 43.426337
v -16.115000 12.863857 43.318622
v -16.115000 12.818269 42.448756
v -16.865000 12.818269 42.448756
v -16.865000 12.863857 43.318622
v -16.116000 12.857782 43.221818
v -16.116000 12.862819 43.317936
v -16.467671 12.868451 43.425391
v -16.512329 12.868451 43.425391
v -16.864000 12.862819 43.317936
v -16.864000 12.857782 43.221818
v -16.865000 12.857782 43.221818
v -16.865000 12.817322 42.449807
v -16.115000 12.817322 42.449807
v -16.115000 12.857782 43.221818
v -16.115000 12.778890 43.225952
v -16.115000 12.857782 43.221818
v -16.115000 12.817322 42.449807
v -16.115000 12.740842 42.453815
v -16.115000 12.761328 42.472261
v -16.115000 12.760659 42.473004
v -16.115000 12.738378 42.452943
v -16.115000 12.818269 42.448756
v -16.115000 12.863857 43.318622
v -16.115000 12.783966 43.322809
v -16.865000 12.740842 42.453815
v -16.865000 12.817322 42.449807
v -16.865000 12.857782 43.221818
v -16.865000 12.778890 43.225952
v -16.865000 12.783966 43.322809
v -16.865000 12.863857 43.318622
v -16.865000 12.818269 42.448756
v -16.865000 12.738378 42.452943
v -16.865000 12.760659 42.473004
v -16.865000 12.761328 42.472261
v -16.116000 12.857782 43.221818
v -16.115000 12.857782 43.221818
v -16.115000 12.778890 43.225952
v -16.136200 12.800061 43.224843
v -16.135493 12.800767 43.224806
v -16.116000 12.781301 43.225826
v -16.864000 12.781301 43.225826
v -16.844507 12.800767 43.224806
v -16.843800 12.800061 43.224843
v -16.865000 12.778890 43.225952
v -16.865000 12.857782 43.221818
v -16.864000 12.857782 43.221818
v -16.116000 12.857782 43.221818
v -16.116000 12.781301 43.225826
v -16.116000 12.786338 43.321944
v -16.116000 12.862819 43.317936
v -16.116000 12.781301 43.225826
v -16.135493 12.800767 43.224806
v -16.135493 12.805050 43.306523
v -16.116000 12.786338 43.321944
v -16.135493 12.800767 43.224806
v -16.136200 12.800061 43.224843
v -16.136200 12.804316 43.306037
v -16.135493 12.805050 43.306523
v -16.115000 12.783966 43.322809
v -16.136200 12.804316 43.306037
v -16.136200 12.800061 43.224843
v -16.115000 12.778890 43.225952
v -16.116000 12.862819 43.317936
v -16.116000 12.786338 43.321944
v -16.467671 12.791970 43.429399
v -16.467671 12.868451 43.425391
v -16.470587 12.810416 43.408913
v -16.467671 12.791970 43.429399
v -16.116000 12.786338 43.321944
v -16.135493 12.805050 43.306523
v -16.470693 12.809673 43.408243
v -16.470587 12.810416 43.408913
v -16.135493 12.805050 43.306523
v -16.136200 12.804316 43.306037
v -16.136200 12.804316 43.306037
v -16.115000 12.783966 43.322809
v -16.467522 12.789611 43.430524
v -16.470693 12.809673 43.408243
v -16.115000 12.783966 43.322809
v -16.115000 12.863857 43.318622
v -16.467522 12.869502 43.426337
v -16.467522 12.789611 43.430524
v -16.467671 12.868451 43.425391
v -16.467671 12.791970 43.429399
v -16.512329 12.791970 43.429399
v -16.512329 12.868451 43.425391
v -16.467671 12.791970 43.429399
v -16.470587 12.810416 43.408913
v -16.509413 12.810416 43.408913
v -16.512329 12.791970 43.429399
v -16.470587 12.810416 43.408913
v -16.470693 12.809673 43.408243
v -16.509307 12.809673 43.408243
v -16.509413 12.810416 43.408913
v -16.470693 12.809673 43.408243
v -16.467522 12.789611 43.430524
v -16.512478 12.789611 43.430524
v -16.509307 12.809673 43.408243
v -16.467522 12.789611 43.430524
v -16.467522 12.869502 43.426337
v -16.512478 12.869502 43.426337
v -16.512478 12.789611 43.430524
v -16.512329 12.868451 43.425391
v -16.512329 12.791970 43.429399
v -16.864000 12.786338 43.321944
v -16.864000 12.862819 43.317936
v -16.512329 12.791970 43.429399
v -16.509413 12.810416 43.408913
v -16.844507 12.805050 43.306523
v -16.864000 12.786338 43.321944
v -16.509413 12.810416 43.408913
v -16.509307 12.809673 43.408243
v -16.843800 12.804316 43.306037
v -16.844507 12.805050 43.306523
v -16.865000 12.783966 43.322809
v -16.843800 12.804316 43.306037
v -16.509307 12.809673 43.408243
v -16.512478 12.789611 43.430524
v -16.865000 12.863857 43.318622
v -16.865000 12.783966 43.322809
v -16.512478 12.789611 43.430524
v -16.512478 12.869502 43.426337
v -16.864000 12.781301 43.225826
v -16.864000 12.857782 43.221818
v -16.864000 12.862819 43.317936
v -16.864000 12.786338 43.321944
v -16.844507 12.800767 43.224806
v -16.864000 12.781301 43.225826
v -16.864000 12.786338 43.321944
v -16.844507 12.805050 43.306523
v -16.843800 12.800061 43.224843
v -16.844507 12.800767 43.224806
v -16.844507 12.805050 43.306523
v -16.843800 12.804316 43.306037
v -16.843800 12.804316 43.306037
v -16.865000 12.783966 43.322809
v -16.865000 12.778890 43.225952
v -16.843800 12.800061 43.224843
v -16.115000 12.818269 42.448756
v -16.115000 12.738378 42.452943
v -16.865000 12.738378 42.452943
v -16.865000 12.818269 42.448756
v -16.115000 12.738378 42.452943
v -16.115000 12.760659 42.473004
v -16.865000 12.760659 42.473004
v -16.865000 12.738378 42.452943
v -16.115000 12.760659 42.473004
v -16.115000 12.761328 42.472261
v -16.865000 12.761328 42.472261
v -16.865000 12.760659 42.473004
v -16.115000 12.761328 42.472261
v -16.115000 12.740842 42.453815
v -16.865000 12.740842 42.453815
v -16.865000 12.761328 42.472261
v -16.115000 12.740842 42.453815
v -16.115000 12.817322 42.449807
v -16.865000 12.817322 42.449807
v -16.865000 12.740842 42.453815
f 5 6 1
f 1 2 3
f 3 4 5
f 5 1 3
f 15 16 7
f 7 8 9
f 9 10 11
f 12 13 14
f 14 15 7
f 7 9 11
f 12 14 7
f 7 11 12
f 25 26 17
f 20 21 22
f 25 17 18
f 20 22 23
f 24 25 18
f 19 20 23
f 24 18 19
f 19 23 24
f 35 36 27
f 29 30 31
f 34 35 27
f 29 31 32
f 33 34 27
f 28 29 32
f 33 27 28
f 28 32 33
f 42 37 38
f 39 40 41
f 42 38 39
f 39 41 42
f 47 48 43
f 43 44 45
f 46 47 43
f 43 45 46
f 49 50 52
f 52 50 51
f 53 54 56
f 56 54 55
f 57 58 60
f 60 58 59
f 61 62 64
f 64 62 63
f 65 66 68
f 68 66 67
f 69 70 72
f 72 70 71
f 73 74 76
f 76 74 75
f 77 78 80
f 80 78 79
f 81 82 84
f 84 82 83
f 85 86 88
f 88 86 87
f 89 90 92
f 92 90 91
f 93 94 96
f 96 94 95
f 97 98 100
f 100 98 99
f 101 102 104
f 104 102 103
f 105 106 108
f 108 106 107
f 109 110 112
f 112 110 111
f 113 114 116
f 116 114 115
f 117 118 120
f 120 118 119
f 121 122 124
f 124 122 123
f 125 126 128
f 128 126 127
f 129 130 132
f 132 130 131
f 133 134 136
f 136 134 135
f 137 138 140
f 140 138 139
f 141 142 144
f 144 142 143
f 145 146 148
f 148 146 147
f 149 150 152
f 152 150 151
f 153 154 156
f 156 154 155
f 157 158 160
f 160 158 159
o item_958c4ea6_1130601
v -19.337478 12.869502 43.426337
v -19.292522 12.869502 43.426337
v -18.940000 12.863857 43.318622
v -18.940000 12.818269 42.448756
v -19.690000 12.818269 42.448756
v -19.690000 12.863857 43.318622
v -18.941000 12.857782 43.221818
v -18.941000 12.862819 43.317936
v -19.292671 12.868451 43.425391
v -19.337329 12.868451 43.425391
v -19.689000 12.862819 43.317936
v -19.689000 12.857782 43.221818
v -19.690000 12.857782 43.221818
v -19.690000 12.817322 42.449807
v -18.940000 12.817322 42.449807
v -18.940000 12.857782 43.221818
v -18.940000 12.778890 43.225952
v -18.940000 12.857782 43.221818
v -18.940000 12.817322 42.449807
v -18.940000 12.740842 42.453815
v -18.940000 12.761328 42.472261
v -18.940000 12.760659 42.473004
v -18.940000 12.738378 42.452943
v -18.940000 12.818269 42.448756
v -18.940000 12.863857 43.318622
v -18.940000 12.783966 43.322809
v -19.690000 12.740842 42.453815
v -19.690000 12.817322 42.449807
v -19.690000 12.857782 43.221818
v -19.690000 12.778890 43.225952
v -19.690000 12.783966 43.322809
v -19.690000 12.863857 43.318622
v -19.690000 12.818269 42.448756
v -19.690000 12.738378 42.452943
v -19.690000 12.760659 42.473004
v -19.690000 12.761328 42.472261
v -18.941000 12.857782 43.221818
v -18.940000 12.857782 43.221818
v -18.940000 12.778890 43.225952
v -18.961200 12.800061 43.224843
v -18.960493 12.800767 43.224806
v -18.941000 12.781301 43.225826
v -19.689000 12.781301 43.225826
v -19.669507 12.800767 43.224806
v -19.668800 12.800061 43.224843
v -19.690000 12.778890 43.225952
v -19.690000 12.857782 43.221818
v -19.689000 12.857782 43.221818
v -18.941000 12.857782 43.221818
v -18.941000 12.781301 43.225826
v -18.941000 12.786338 43.321944
v -18.941000 12.862819 43.317936
v -18.941000 12.781301 43.225826
v -18.960493 12.800767 43.224806
v -18.960493 12.805050 43.306523
v -18.941000 12.786338 43.321944
v -18.960493 12.800767 43.224806
v -18.961200 12.800061 43.224843
v -18.961200 12.804316 43.306037
v -18.960493 12.805050 43.306523
v -18.940000 12.783966 43.322809
v -18.961200 12.804316 43.306037
v -18.961200 12.800061 43.224843
v -18.940000 12.778890 43.225952
v -18.941000 12.862819 43.317936
v -18.941000 12.786338 43.321944
v -19.292671 12.791970 43.429399
v -19.292671 12.868451 43.425391
v -19.295587 12.810416 43.408913
v -19.292671 12.791970 43.429399
v -18.941000 12.786338 43.321944
v -18.960493 12.805050 43.306523
v -19.295693 12.809673 43.408243
v -19.295587 12.810416 43.408913
v -18.960493 12.805050 43.306523
v -18.961200 12.804316 43.306037
v -18.961200 12.804316 43.306037
v -18.940000 12.783966 43.322809
v -19.292522 12.789611 43.430524
v -19.295693 12.809673 43.408243
v -18.940000 12.783966 43.322809
v -18.940000 12.863857 43.318622
v -19.292522 12.869502 43.426337
v -19.292522 12.789611 43.430524
v -19.292671 12.868451 43.425391
v -19.292671 12.791970 43.429399
v -19.337329 12.791970 43.429399
v -19.337329 12.868451 43.425391
v -19.292671 12.791970 43.429399
v -19.295587 12.810416 43.408913
v -19.334413 12.810416 43.408913
v -19.337329 12.791970 43.429399
v -19.295587 12.810416 43.408913
v -19.295693 12.809673 43.408243
v -19.334307 12.809673 43.408243
v -19.334413 12.810416 43.408913
v -19.295693 12.809673 43.408243
v -19.292522 12.789611 43.430524
v -19.337478 12.789611 43.430524
v -19.334307 12.809673 43.408243
v -19.292522 12.789611 43.430524
v -19.292522 12.869502 43.426337
v -19.337478 12.869502 43.426337
v -19.337478 12.789611 43.430524
v -19.337329 12.868451 43.425391
v -19.337329 12.791970 43.429399
v -19.689000 12.786338 43.321944
v -19.689000 12.862819 43.317936
v -19.337329 12.791970 43.429399
v -19.334413 12.810416 43.408913
v -19.669507 12.805050 43.306523
v -19.689000 12.786338 43.321944
v -19.334413 12.810416 43.408913
v -19.334307 12.809673 43.408243
v -19.668800 12.804316 43.306037
v -19.669507 12.805050 43.306523
v -19.690000 12.783966 43.322809
v -19.668800 12.804316 43.306037
v -19.334307 12.809673 43.408243
v -19.337478 12.789611 43.430524
v -19.690000 12.863857 43.318622
v -19.690000 12.783966 43.322809
v -19.337478 12.789611 43.430524
v -19.337478 12.869502 43.426337
v -19.689000 12.781301 43.225826
v -19.689000 12.857782 43.221818
v -19.689000 12.862819 43.317936
v -19.689000 12.786338 43.321944
v -19.669507 12.800767 43.224806
v -19.689000 12.781301 43.225826
v -19.689000 12.786338 43.321944
v -19.669507 12.805050 43.306523
v -19.668800 12.800061 43.224843
v -19.669507 12.800767 43.224806
v -19.669507 12.805050 43.306523
v -19.668800 12.804316 43.306037
v -19.668800 12.804316 43.306037
v -19.690000 12.783966 43.322809
v -19.690000 12.778890 43.225952
v -19.668800 12.800061 43.224843
v -18.940000 12.818269 42.448756
v -18.940000 12.738378 42.452943
v -19.690000 12.738378 42.452943
v -19.690000 12.818269 42.448756
v -18.940000 12.738378 42.452943
v -18.940000 12.760659 42.473004
v -19.690000 12.760659 42.473004
v -19.690000 12.738378 42.452943
v -18.940000 12.760659 42.473004
v -18.940000 12.761328 42.472261
v -19.690000 12.761328 42.472261
v -19.690000 12.760659 42.473004
v -18.940000 12.761328 42.472261
v -18.940000 12.740842 42.453815
v -19.690000 12.740842 42.453815
v -19.690000 12.761328 42.472261
v -18.940000 12.740842 42.453815
v -18.940000 12.817322 42.449807
v -19.690000 12.817322 42.449807
v -19.690000 12.740842 42.453815
f 165 166 161
f 161 162 163
f 163 164 165
f 165 161 163
f 175 176 167
f 167 168 169
f 169 170 171
f 172 173 174
f 174 175 167
f 167 169 171
f 172 174 167
f 167 171 172
f 185 186 177
f 180 181 182
f 185 177 178
f 180 182 183
f 184 185 178
f 179 180 183
f 184 178 179
f 179 183 184
f 195 196 187
f 189 190 191
f 194 195 187
f 189 191 192
f 193 194 187
f 188 189 192
f 193 187 188
f 188 192 193
f 202 197 198
f 199 200 201
f 202 198 199
f 199 201 202
f 207 208 203
f 203 204 205
f 206 207 203
f 203 205 206
f 209 210 212
f 212 210 211
f 213 214 216
f 216 214 215
f 217 218 220
f 220 218 219
f 221 222 224
f 224 222 223
f 225 226 228
f 228 226 227
f 229 230 232
f 232 230 231
f 233 234 236
f 236 234 235
f 237 238 240
f 240 238 239
f 241 242 244
f 244 242 243
f 245 246 248
f 248 246 247
f 249 250 252
f 252 250 251
f 253 254 256
f 256 254 255
f 257 258 260
f 260 258 259
f 261 262 264
f 264 262 263
f 265 266 268
f 268 266 267
f 269 270 272
f 272 270 271
f 273 274 276
f 276 274 275
f 277 278 280
f 280 278 279
f 281 282 284
f 284 282 283
f 285 286 288
f 288 286 287
f 289 290 292
f 292 290 291
f 293 294 296
f 296 294 295
f 297 298 300
f 300 298 299
f 301 302 304
f 304 302 303
f 305 306 308
f 308 306 307
f 309 310 312
f 312 310 311
f 313 314 316
f 316 314 315
f 317 318 320
f 320 318 319
o item_958c4ea6_1130576
v -22.162478 12.869502 43.426337
v -22.117522 12.869502 43.426337
v -21.765000 12.863857 43.318622
v -21.765000 12.818269 42.448756
v -22.515000 12.818269 42.448756
v -22.515000 12.863857 43.318622
v -21.766000 12.857782 43.221818
v -21.766000 12.862819 43.317936
v -22.117671 12.868451 43.425391
v -22.162329 12.868451 43.425391
v -22.514000 12.862819 43.317936
v -22.514000 12.857782 43.221818
v -22.515000 12.857782 43.221818
v -22.515000 12.817322 42.449807
v -21.765000 12.817322 42.449807
v -21.765000 12.857782 43.221818
v -21.765000 12.778890 43.225952
v -21.765000 12.857782 43.221818
v -21.765000 12.817322 42.449807
v -21.765000 12.740842 42.453815
v -21.765000 12.761328 42.472261
v -21.765000 12.760659 42.473004
v -21.765000 12.738378 42.452943
v -21.765000 12.818269 42.448756
v -21.765000 12.863857 43.318622
v -21.765000 12.783966 43.322809
v -22.515000 12.740842 42.453815
v -22.515000 12.817322 42.449807
v -22.515000 12.857782 43.221818
v -22.515000 12.778890 43.225952
v -22.515000 12.783966 43.322809
v -22.515000 12.863857 43.318622
v -22.515000 12.818269 42.448756
v -22.515000 12.738378 42.452943
v -22.515000 12.760659 42.473004
v -22.515000 12.761328 42.472261
v -21.766000 12.857782 43.221818
v -21.765000 12.857782 43.221818
v -21.765000 12.778890 43.225952
v -21.786200 12.800061 43.224843
v -21.785493 12.800767 43.224806
v -21.766000 12.781301 43.225826
v -22.514000 12.781301 43.225826
v -22.494507 12.800767 43.224806
v -22.493800 12.800061 43.224843
v -22.515000 12.778890 43.225952
v -22.515000 12.857782 43.221818
v -22.514000 12.857782 43.221818
v -21.766000 12.857782 43.221818
v -21.766000 12.781301 43.225826
v -21.766000 12.786338 43.321944
v -21.766000 12.862819 43.317936
v -21.766000 12.781301 43.225826
v -21.785493 12.800767 43.224806
v -21.785493 12.805050 43.306523
v -21.766000 12.786338 43.321944
v -21.785493 12.800767 43.224806
v -21.786200 12.800061 43.224843
v -21.786200 12.804316 43.306037
v -21.785493 12.805050 43.306523
v -21.765000 12.783966 43.322809
v -21.786200 12.804316 43.306037
v -21.786200 12.800061 43.224843
v -21.765000 12.778890 43.225952
v -21.766000 12.862819 43.317936
v -21.766000 12.786338 43.321944
v -22.117671 12.791970 43.429399
v -22.117671 12.868451 43.425391
v -22.120587 12.810416 43.408913
v -22.117671 12.791970 43.429399
v -21.766000 12.786338 43.321944
v -21.785493 12.805050 43.306523
v -22.120693 12.809673 43.408243
v -22.120587 12.810416 43.408913
v -21.785493 12.805050 43.306523
v -21.786200 12.804316 43.306037
v -21.786200 12.804316 43.306037
v -21.765000 12.783966 43.322809
v -22.117522 12.789611 43.430524
v -22.120693 12.809673 43.408243
v -21.765000 12.783966 43.322809
v -21.765000 12.863857 43.318622
v -22.117522 12.869502 43.426337
v -22.117522 12.789611 43.430524
v -22.117671 12.868451 43.425391
v -22.117671 12.791970 43.429399
v -22.162329 12.791970 43.429399
v -22.162329 12.868451 43.425391
v -22.117671 12.791970 43.429399
v -22.120587 12.810416 43.408913
v -22.159413 12.810416 43.408913
v -22.162329 12.791970 43.429399
v -22.120587 12.810416 43.408913
v -22.120693 12.809673 43.408243
v -22.159307 12.809673 43.408243
v -22.159413 12.810416 43.408913
v -22.120693 12.809673 43.408243
v -22.117522 12.789611 43.430524
v -22.162478 12.789611 43.430524
v -22.159307 12.809673 43.408243
v -22.117522 12.789611 43.430524
v -22.117522 12.869502 43.426337
v -22.162478 12.869502 43.426337
v -22.162478 12.789611 43.430524
v -22.162329 12.868451 43.425391
v -22.162329 12.791970 43.429399
v -22.514000 12.786338 43.321944
v -22.514000 12.862819 43.317936
v -22.162329 12.791970 43.429399
v -22.159413 12.810416 43.408913
v -22.494507 12.805050 43.306523
v -22.514000 12.786338 43.321944
v -22.159413 12.810416 43.408913
v -22.159307 12.809673 43.408243
v -22.493800 12.804316 43.306037
v -22.494507 12.805050 43.306523
v -22.515000 12.783966 43.322809
v -22.493800 12.804316 43.306037
v -22.159307 12.809673 43.408243
v -22.162478 12.789611 43.430524
v -22.515000 12.863857 43.318622
v -22.515000 12.783966 43.322809
v -22.162478 12.789611 43.430524
v -22.162478 12.869502 43.426337
v -22.514000 12.781301 43.225826
v -22.514000 12.857782 43.221818
v -22.514000 12.862819 43.317936
v -22.514000 12.786338 43.321944
v -22.494507 12.800767 43.224806
v -22.514000 12.781301 43.225826
v -22.514000 12.786338 43.321944
v -22.494507 12.805050 43.306523
v -22.493800 12.800061 43.224843
v -22.494507 12.800767 43.224806
v -22.494507 12.805050 43.306523
v -22.493800 12.804316 43.306037
v -22.493800 12.804316 43.306037
v -22.515000 12.783966 43.322809
v -22.515000 12.778890 43.225952
v -22.493800 12.800061 43.224843
v -21.765000 12.818269 42.448756
v -21.765000 12.738378 42.452943
v -22.515000 12.738378 42.452943
v -22.515000 12.818269 42.448756
v -21.765000 12.738378 42.452943
v -21.765000 12.760659 42.473004
v -22.515000 12.760659 42.473004
v -22.515000 12.738378 42.452943
v -21.765000 12.760659 42.473004
v -21.765000 12.761328 42.472261
v -22.515000 12.761328 42.472261
v -22.515000 12.760659 42.473004
v -21.765000 12.761328 42.472261
v -21.765000 12.740842 42.453815
v -22.515000 12.740842 42.453815
v -22.515000 12.761328 42.472261
v -21.765000 12.740842 42.453815
v -21.765000 12.817322 42.449807
v -22.515000 12.817322 42.449807
v -22.515000 12.740842 42.453815
f 325 326 321
f 321 322 323
f 323 324 325
f 325 321 323
f 335 336 327
f 327 328 329
f 329 330 331
f 332 333 334
f 334 335 327
f 327 329 331
f 332 334 327
f 327 331 332
f 345 346 337
f 340 341 342
f 345 337 338
f 340 342 343
f 344 345 338
f 339 340 343
f 344 338 339
f 339 343 344
f 355 356 347
f 349 350 351
f 354 355 347
f 349 351 352
f 353 354 347
f 348 349 352
f 353 347 348
f 348 352 353
f 362 357 358
f 359 360 361
f 362 358 359
f 359 361 362
f 367 368 363
f 363 364 365
f 366 367 363
f 363 365 366
f 369 370 372
f 372 370 371
f 373 374 376
f 376 374 375
f 377 378 380
f 380 378 379
f 381 382 384
f 384 382 383
f 385 386 388
f 388 386 387
f 389 390 392
f 392 390 391
f 393 394 396
f 396 394 395
f 397 398 400
f 400 398 399
f 401 402 404
f 404 402 403
f 405 406 408
f 408 406 407
f 409 410 412
f 412 410 411
f 413 414 416
f 416 414 415
f 417 418 420
f 420 418 419
f 421 422 424
f 424 422 423
f 425 426 428
f 428 426 427
f 429 430 432
f 432 430 431
f 433 434 436
f 436 434 435
f 437 438 440
f 440 438 439
f 441 442 444
f 444 442 443
f 445 446 448
f 448 446 447
f 449 450 452
f 452 450 451
f 453 454 456
f 456 454 455
f 457 458 460
f 460 458 459
f 461 462 464
f 464 462 463
f 465 466 468
f 468 466 467
f 469 470 472
f 472 470 471
f 473 474 476
f 476 474 475
f 477 478 480
f 480 478 479
o item_958c4ea6_1130551
v -24.862478 12.869502 43.426337
v -24.817522 12.869502 43.426337
v -24.465000 12.863857 43.318622
v -24.465000 12.818269 42.448756
v -25.215000 12.818269 42.448756
v -25.215000 12.863857 43.318622
v -24.466000 12.857782 43.221818
v -24.466000 12.862819 43.317936
v -24.817671 12.868451 43.425391
v -24.862329 12.868451 43.425391
v -25.214000 12.862819 43.317936
v -25.214000 12.857782 43.221818
v -25.215000 12.857782 43.221818
v -25.215000 12.817322 42.449807
v -24.465000 12.817322 42.449807
v -24.465000 12.857782 43.221818
v -24.465000 12.778890 43.225952
v -24.465000 12.857782 43.221818
v -24.465000 12.817322 42.449807
v -24.465000 12.740842 42.453815
v -24.465000 12.761328 42.472261
v -24.465000 12.760659 42.473004
v -24.465000 12.738378 42.452943
v -24.465000 12.818269 42.448756
v -24.465000 12.863857 43.318622
v -24.465000 12.783966 43.322809
v -25.215000 12.740842 42.453815
v -25.215000 12.817322 42.449807
v -25.215000 12.857782 43.221818
v -25.215000 12.778890 43.225952
v -25.215000 12.783966 43.322809
v -25.215000 12.863857 43.318622
v -25.215000 12.818269 42.448756
v -25.215000 12.738378 42.452943
v -25.215000 12.760659 42.473004
v -25.215000 12.761328 42.472261
v -24.466000 12.857782 43.221818
v -24.465000 12.857782 43.221818
v -24.465000 12.778890 43.225952
v -24.486200 12.800061 43.224843
v -24.485493 12.800767 43.224806
v -24.466000 12.781301 43.225826
v -25.214000 12.781301 43.225826
v -25.194507 12.800767 43.224806
v -25.193800 12.800061 43.224843
v -25.215000 12.778890 43.225952
v -25.215000 12.857782 43.221818
v -25.214000 12.857782 43.221818
v -24.466000 12.857782 43.221818
v -24.466000 12.781301 43.225826
v -24.466000 12.786338 43.321944
v -24.466000 12.862819 43.317936
v -24.466000 12.781301 43.225826
v -24.485493 12.800767 43.224806
v -24.485493 12.805050 43.306523
v -24.466000 12.786338 43.321944
v -24.485493 12.800767 43.224806
v -24.486200 12.800061 43.224843
v -24.486200 12.804316 43.306037
v -24.485493 12.805050 43.306523
v -24.465000 12.783966 43.322809
v -24.486200 12.804316 43.306037
v -24.486200 12.800061 43.224843
v -24.465000 12.778890 43.225952
v -24.466000 12.862819 43.317936
v -24.466000 12.786338 43.321944
v -24.817671 12.791970 43.429399
v -24.817671 12.868451 43.425391
v -24.820587 12.810416 43.408913
v -24.817671 12.791970 43.429399
v -24.466000 12.786338 43.321944
v -24.485493 12.805050 43.306523
v -24.820693 12.809673 43.408243
v -24.820587 12.810416 43.408913
v -24.485493 12.805050 43.306523
v -24.486200 12.804316 43.306037
v -24.486200 12.804316 43.306037
v -24.465000 12.783966 43.322809
v -24.817522 12.789611 43.430524
v -24.820693 12.809673 43.408243
v -24.465000 12.783966 43.322809
v -24.465000 12.863857 43.318622
v -24.817522 12.869502 43.426337
v -24.817522 12.789611 43.430524
v -24.817671 12.868451 43.425391
v -24.817671 12.791970 43.429399
v -24.862329 12.791970 43.429399
v -24.862329 12.868451 43.425391
v -24.817671 12.791970 43.429399
v -24.820587 12.810416 43.408913
v -24.859413 12.810416 43.408913
v -24.862329 12.791970 43.429399
v -24.820587 12.810416 43.408913
v -24.820693 12.809673 43.408243
v -24.859307 12.809673 43.408243
v -24.859413 12.810416 43.408913
v -24.820693 12.809673 43.408243
v -24.817522 12.789611 43.430524
v -24.862478 12.789611 43.430524
v -24.859307 12.809673 43.408243
v -24.817522 12.789611 43.430524
v -24.817522 12.869502 43.426337
v -24.862478 12.869502 43.426337
v -24.862478 12.789611 43.430524
v -24.862329 12.868451 43.425391
v -24.862329 12.791970 43.429399
v -25.214000 12.786338 43.321944
v -25.214000 12.862819 43.317936
v -24.862329 12.791970 43.429399
v -24.859413 12.810416 43.408913
v -25.194507 12.805050 43.306523
v -25.214000 12.786338 43.321944
v -24.859413 12.810416 43.408913
v -24.859307 12.809673 43.408243
v -25.193800 12.804316 43.306037
v -25.194507 12.805050 43.306523
v -25.215000 12.783966 43.322809
v -25.193800 12.804316 43.306037
v -24.859307 12.809673 43.408243
v -24.862478 12.789611 43.430524
v -25.215000 12.863857 43.318622
v -25.215000 12.783966 43.322809
v -24.862478 12.789611 43.430524
v -24.862478 12.869502 43.426337
v -25.214000 12.781301 43.225826
v -25.214000 12.857782 43.221818
v -25.214000 12.862819 43.317936
v -25.214000 12.786338 43.321944
v -25.194507 12.800767 43.224806
v -25.214000 12.781301 43.225826
v -25.214000 12.786338 43.321944
v -25.194507 12.805050 43.306523
v -25.193800 12.800061 43.224843
v -25.194507 12.800767 43.224806
v -25.194507 12.805050 43.306523
v -25.193800 12.804316 43.306037
v -25.193800 12.804316 43.306037
v -25.215000 12.783966 43.322809
v -25.215000 12.778890 43.225952
v -25.193800 12.800061 43.224843
v -24.465000 12.818269 42.448756
v -24.465000 12.738378 42.452943
v -25.215000 12.738378 42.452943
v -25.215000 12.818269 42.448756
v -24.465000 12.738378 42.452943
v -24.465000 12.760659 42.473004
v -25.215000 12.760659 42.473004
v -25.215000 12.738378 42.452943
v -24.465000 12.760659 42.473004
v -24.465000 12.761328 42.472261
v -25.215000 12.761328 42.472261
v -25.215000 12.760659 42.473004
v -24.465000 12.761328 42.472261
v -24.465000 12.740842 42.453815
v -25.215000 12.740842 42.453815
v -25.215000 12.761328 42.472261
v -24.465000 12.740842 42.453815
v -24.465000 12.817322 42.449807
v -25.215000 12.817322 42.449807
v -25.215000 12.740842 42.453815
f 485 486 481
f 481 482 483
f 483 484 485
f 485 481 483
f 495 496 487
f 487 488 489
f 489 490 491
f 492 493 494
f 494 495 487
f 487 489 491
f 492 494 487
f 487 491 492
f 505 506 497
f 500 501 502
f 505 497 498
f 500 502 503
f 504 505 498
f 499 500 503
f 504 498 499
f 499 503 504
f 515 516 507
f 509 510 511
f 514 515 507
f 509 511 512
f 513 514 507
f 508 509 512
f 513 507 508
f 508 512 513
f 522 517 518
f 519 520 521
f 522 518 519
f 519 521 522
f 527 528 523
f 523 524 525
f 526 527 523
f 523 525 526
f 529 530 532
f 532 530 531
f 533 534 536
f 536 534 535
f 537 538 540
f 540 538 539
f 541 542 544
f 544 542 543
f 545 546 548
f 548 546 547
f 549 550 552
f 552 550 551
f 553 554 556
f 556 554 555
f 557 558 560
f 560 558 559
f 561 562 564
f 564 562 563
f 565 566 568
f 568 566 567
f 569 570 572
f 572 570 571
f 573 574 576
f 576 574 575
f 577 578 580
f 580 578 579
f 581 582 584
f 584 582 583
f 585 586 588
f 588 586 587
f 589 590 592
f 592 590 591
f 593 594 596
f 596 594 595
f 597 598 600
f 600 598 599
f 601 602 604
f 604 602 603
f 605 606 608
f 608 606 607
f 609 610 612
f 612 610 611
f 613 614 616
f 616 614 615
f 617 618 620
f 620 618 619
f 621 622 624
f 624 622 623
f 625 626 628
f 628 626 627
f 629 630 632
f 632 630 631
f 633 634 636
f 636 634 635
f 637 638 640
f 640 638 639
o item_958c4ea6_1130526
v -27.562478 12.869502 43.426337
v -27.517522 12.869502 43.426337
v -27.165000 12.863857 43.318622
v -27.165000 12.818269 42.448756
v -27.915000 12.818269 42.448756
v -27.915000 12.863857 43.318622
v -27.166000 12.857782 43.221818
v -27.166000 12.862819 43.317936
v -27.517671 12.868451 43.425391
v -27.562329 12.868451 43.425391
v -27.914000 12.862819 43.317936
v -27.914000 12.857782 43.221818
v -27.915000 12.857782 43.221818
v -27.915000 12.817322 42.449807
v -27.165000 12.817322 42.449807
v -27.165000 12.857782 43.221818
v -27.165000 12.778890 43.225952
v -27.165000 12.857782 43.221818
v -27.165000 12.817322 42.449807
v -27.165000 12.740842 42.453815
v -27.165000 12.761328 42.472261
v -27.165000 12.760659 42.473004
v -27.165000 12.738378 42.452943
v -27.165000 12.818269 42.448756
v -27.165000 12.863857 43.318622
v -27.165000 12.783966 43.322809
v -27.915000 12.740842 42.453815
v -27.915000 12.817322 42.449807
v -27.915000 12.857782 43.221818
v -27.915000 12.778890 43.225952
v -27.915000 12.783966 43.322809
v -27.915000 12.863857 43.318622
v -27.915000 12.818269 42.448756
v -27.915000 12.738378 42.452943
v -27.915000 12.760659 42.473004
v -27.915000 12.761328 42.472261
v -27.166000 12.857782 43.221818
v -27.165000 12.857782 43.221818
v -27.165000 12.778890 43.225952
v -27.186200 12.800061 43.224843
v -27.185493 12.800767 43.224806
v -27.166000 12.781301 43.225826
v -27.914000 12.781301 43.225826
v -27.894507 12.800767 43.224806
v -27.893800 12.800061 43.224843
v -27.915000 12.778890 43.225952
v -27.915000 12.857782 43.221818
v -27.914000 12.857782 43.221818
v -27.166000 12.857782 43.221818
v -27.166000 12.781301 43.225826
v -27.166000 12.786338 43.321944
v -27.166000 12.862819 43.317936
v -27.166000 12.781301 43.225826
v -27.185493 12.800767 43.224806
v -27.185493 12.805050 43.306523
v -27.166000 12.786338 43.321944
v -27.185493 12.800767 43.224806
v -27.186200 12.800061 43.224843
v -27.186200 12.804316 43.306037
v -27.185493 12.805050 43.306523
v -27.165000 12.783966 43.322809
v -27.186200 12.804316 43.306037
v -27.186200 12.800061 43.224843
v -27.165000 12.778890 43.225952
v -27.166000 12.862819 43.317936
v -27.166000 12.786338 43.321944
v -27.517671 12.791970 43.429399
v -27.517671 12.868451 43.425391
v -27.520587 12.810416 43.408913
v -27.517671 12.791970 43.429399
v -27.166000 12.786338 43.321944
v -27.185493 12.805050 43.306523
v -27.520693 12.809673 43.408243
v -27.520587 12.810416 43.408913
v -27.185493 12.805050 43.306523
v -27.186200 12.804316 43.306037
v -27.186200 12.804316 43.306037
v -27.165000 12.783966 43.322809
v -27.517522 12.789611 43.430524
v -27.520693 12.809673 43.408243
v -27.165000 12.783966 43.322809
v -27.165000 12.863857 43.318622
v -27.517522 12.869502 43.426337
v -27.517522 12.789611 43.430524
v -27.517671 12.868451 43.425391
v -27.517671 12.791970 43.429399
v -27.562329 12.791970 43.429399
v -27.562329 12.868451 43.425391
v -27.517671 12.791970 43.429399
v -27.520587 12.810416 43.408913
v -27.559413 12.810416 43.408913
v -27.562329 12.791970 43.429399
v -27.520587 12.810416 43.408913
v -27.520693 12.809673 43.408243
v -27.559307 12.809673 43.408243
v -27.559413 12.810416 43.408913
v -27.520693 12.809673 43.408243
v -27.517522 12.789611 43.430524
v -27.562478 12.789611 43.430524
v -27.559307 12.809673 43.408243
v -27.517522 12.789611 43.430524
v -27.517522 12.869502 43.426337
v -27.562478 12.869502 43.426337
v -27.562478 12.789611 43.430524
v -27.562329 12.868451 43.425391
v -27.562329 12.791970 43.429399
v -27.914000 12.786338 43.321944
v -27.914000 12.862819 43.317936
v -27.562329 12.791970 43.429399
v -27.559413 12.810416 43.408913
v -27.894507 12.805050 43.306523
v -27.914000 12.786338 43.321944
v -27.559413 12.810416 43.408913
v -27.559307 12.809673 43.408243
v -27.893800 12.804316 43.306037
v -27.894507 12.805050 43.306523
v -27.915000 12.783966 43.322809
v -27.893800 12.804316 43.306037
v -27.559307 12.809673 43.408243
v -27.562478 12.789611 43.430524
v -27.915000 12.863857 43.318622
v -27.915000 12.783966 43.322809
v -27.562478 12.789611 43.430524
v -27.562478 12.869502 43.426337
v -27.914000 12.781301 43.225826
v -27.914000 12.857782 43.221818
v -27.914000 12.862819 43.317936
v -27.914000 12.786338 43.321944
v -27.894507 12.800767 43.224806
v -27.914000 12.781301 43.225826
v -27.914000 12.786338 43.321944
v -27.894507 12.805050 43.306523
v -27.893800 12.800061 43.224843
v -27.894507 12.800767 43.224806
v -27.894507 12.805050 43.306523
v -27.893800 12.804316 43.306037
v -27.893800 12.804316 43.306037
v -27.915000 12.783966 43.322809
v -27.915000 12.778890 43.225952
v -27.893800 12.800061 43.224843
v -27.165000 12.818269 42.448756
v -27.165000 12.738378 42.452943
v -27.915000 12.738378 42.452943
v -27.915000 12.818269 42.448756
v -27.165000 12.738378 42.452943
v -27.165000 12.760659 42.473004
v -27.915000 12.760659 42.473004
v -27.915000 12.738378 42.452943
v -27.165000 12.760659 42.473004
v -27.165000 12.761328 42.472261
v -27.915000 12.761328 42.472261
v -27.915000 12.760659 42.473004
v -27.165000 12.761328 42.472261
v -27.165000 12.740842 42.453815
v -27.915000 12.740842 42.453815
v -27.915000 12.761328 42.472261
v -27.165000 12.740842 42.453815
v -27.165000 12.817322 42.449807
v -27.915000 12.817322 42.449807
v -27.915000 12.740842 42.453815
f 645 646 641
f 641 642 643
f 643 644 645
f 645 641 643
f 655 656 647
f 647 648 649
f 649 650 651
f 652 653 654
f 654 655 647
f 647 649 651
f 652 654 647
f 647 651 652
f 665 666 657
f 660 661 662
f 665 657 658
f 660 662 663
f 664 665 658
f 659 660 663
f 664 658 659
f 659 663 664
f 675 676 667
f 669 670 671
f 674 675 667
f 669 671 672
f 673 674 667
f 668 669 672
f 673 667 668
f 668 672 673
f 682 677 678
f 679 680 681
f 682 678 679
f 679 681 682
f 687 688 683
f 683 684 685
f 686 687 683
f 683 685 686
f 689 690 692
f 692 690 691
f 693 694 696
f 696 694 695
f 697 698 700
f 700 698 699
f 701 702 704
f 704 702 703
f 705 706 708
f 708 706 707
f 709 710 712
f 712 710 711
f 713 714 716
f 716 714 715
f 717 718 720
f 720 718 719
f 721 722 724
f 724 722 723
f 725 726 728
f 728 726 727
f 729 730 732
f 732 730 731
f 733 734 736
f 736 734 735
f 737 738 740
f 740 738 739
f 741 742 744
f 744 742 743
f 745 746 748
f 748 746 747
f 749 750 752
f 752 750 751
f 753 754 756
f 756 754 755
f 757 758 760
f 760 758 759
f 761 762 764
f 764 762 763
f 765 766 768
f 768 766 767
f 769 770 772
f 772 770 771
f 773 774 776
f 776 774 775
f 777 778 780
f 780 778 779
f 781 782 784
f 784 782 783
f 785 786 788
f 788 786 787
f 789 790 792
f 792 790 791
f 793 794 796
f 796 794 795
f 797 798 800
f 800 798 799
o item_958c4ea6_1130501
v -30.262478 12.869502 43.426337
v -30.217522 12.869502 43.426337
v -29.865000 12.863857 43.318622
v -29.865000 12.818269 42.448756
v -30.615000 12.818269 42.448756
v -30.615000 12.863857 43.318622
v -29.866000 12.857782 43.221818
v -29.866000 12.862819 43.317936
v -30.217671 12.868451 43.425391
v -30.262329 12.868451 43.425391
v -30.614000 12.862819 43.317936
v -30.614000 12.857782 43.221818
v -30.615000 12.857782 43.221818
v -30.615000 12.817322 42.449807
v -29.865000 12.817322 42.449807
v -29.865000 12.857782 43.221818
v -29.865000 12.778890 43.225952
v -29.865000 12.857782 43.221818
v -29.865000 12.817322 42.449807
v -29.865000 12.740842 42.453815
v -29.865000 12.761328 42.472261
v -29.865000 12.760659 42.473004
v -29.865000 12.738378 42.452943
v -29.865000 12.818269 42.448756
v -29.865000 12.863857 43.318622
v -29.865000 12.783966 43.322809
v -30.615000 12.740842 42.453815
v -30.615000 12.817322 42.449807
v -30.615000 12.857782 43.221818
v -30.615000 12.778890 43.225952
v -30.615000 12.783966 43.322809
v -30.615000 12.863857 43.318622
v -30.615000 12.818269 42.448756
v -30.615000 12.738378 42.452943
v -30.615000 12.760659 42.473004
v -30.615000 12.761328 42.472261
v -29.866000 12.857782 43.221818
v -29.865000 12.857782 43.221818
v -29.865000 12.778890 43.225952
v -29.886200 12.800061 43.224843
v -29.885493 12.800767 43.224806
v -29.866000 12.781301 43.225826
v -30.614000 12.781301 43.225826
v -30.594507 12.800767 43.224806
v -30.593800 12.800061 43.224843
v -30.615000 12.778890 43.225952
v -30.615000 12.857782 43.221818
v -30.614000 12.857782 43.221818
v -29.866000 12.857782 43.221818
v -29.866000 12.781301 43.225826
v -29.866000 12.786338 43.321944
v -29.866000 12.862819 43.317936
v -29.866000 12.781301 43.225826
v -29.885493 12.800767 43.224806
v -29.885493 12.805050 43.306523
v -29.866000 12.786338 43.321944
v -29.885493 12.800767 43.224806
v -29.886200 12.800061 43.224843
v -29.886200 12.804316 43.306037
v -29.885493 12.805050 43.306523
v -29.865000 12.783966 43.322809
v -29.886200 12.804316 43.306037
v -29.886200 12.800061 43.224843
v -29.865000 12.778890 43.225952
v -29.866000 12.862819 43.317936
v -29.866000 12.786338 43.321944
v -30.217671 12.791970 43.429399
v -30.217671 12.868451 43.425391
v -30.220587 12.810416 43.408913
v -30.217671 12.791970 43.429399
v -29.866000 12.786338 43.321944
v -29.885493 12.805050 43.306523
v -30.220693 12.809673 43.408243
v -30.220587 12.810416 43.408913
v -29.885493 12.805050 43.306523
v -29.886200 12.804316 43.306037
v -29.886200 12.804316 43.306037
v -29.865000 12.783966 43.322809
v -30.217522 12.789611 43.430524
v -30.220693 12.809673 43.408243
v -29.865000 12.783966 43.322809
v -29.865000 12.863857 43.318622
v -30.217522 12.869502 43.426337
v -30.217522 12.789611 43.430524
v -30.217671 12.868451 43.425391
v -30.217671 12.791970 43.429399
v -30.262329 12.791970 43.429399
v -30.262329 12.868451 43.425391
v -30.217671 12.791970 43.429399
v -30.220587 12.810416 43.408913
v -30.259413 12.810416 43.408913
v -30.262329 12.791970 43.429399
v -30.220587 12.810416 43.408913
v -30.220693 12.809673 43.408243
v -30.259307 12.809673 43.408243
v -30.259413 12.810416 43.408913
v -30.220693 12.809673 43.408243
v -30.217522 12.789611 43.430524
v -30.262478 12.789611 43.430524
v -30.259307 12.809673 43.408243
v -30.217522 12.789611 43.430524
v -30.217522 12.869502 43.426337
v -30.262478 12.869502 43.426337
v -30.262478 12.789611 43.430524
v -30.262329 12.868451 43.425391
v -30.262329 12.791970 43.429399
v -30.614000 12.786338 43.321944
v -30.614000 12.862819 43.317936
v -30.262329 12.791970 43.429399
v -30.259413 12.810416 43.408913
v -30.594507 12.805050 43.306523
v -30.614000 12.786338 43.321944
v -30.259413 12.810416 43.408913
v -30.259307 12.809673 43.408243
v -30.593800 12.804316 43.306037
v -30.594507 12.805050 43.306523
v -30.615000 12.783966 43.322809
v -30.593800 12.804316 43.306037
v -30.259307 12.809673 43.408243
v -30.262478 12.789611 43.430524
v -30.615000 12.863857 43.318622
v -30.615000 12.783966 43.322809
v -30.262478 12.789611 43.430524
v -30.262478 12.869502 43.426337
v -30.614000 12.781301 43.225826
v -30.614000 12.857782 43.221818
v -30.614000 12.862819 43.317936
v -30.614000 12.786338 43.321944
v -30.594507 12.800767 43.224806
v -30.614000 12.781301 43.225826
v -30.614000 12.786338 43.321944
v -30.594507 12.805050 43.306523
v -30.593800 12.800061 43.224843
v -30.594507 12.800767 43.224806
v -30.594507 12.805050 43.306523
v -30.593800 12.804316 43.306037
v -30.593800 12.804316 43.306037
v -30.615000 12.783966 43.322809
v -30.615000 12.778890 43.225952
v -30.593800 12.800061 43.224843
v -29.865000 12.818269 42.448756
v -29.865000 12.738378 42.452943
v -30.615000 12.738378 42.452943
v -30.615000 12.818269 42.448756
v -29.865000 12.738378 42.452943
v -29.865000 12.760659 42.473004
v -30.615000 12.760659 42.473004
v -30.615000 12.738378 42.452943
v -29.865000 12.760659 42.473004
v -29.865000 12.761328 42.472261
v -30.615000 12.761328 42.472261
v -30.615000 12.760659 42.473004
v -29.865000 12.761328 42.472261
v -29.865000 12.740842 42.453815
v -30.615000 12.740842 42.453815
v -30.615000 12.761328 42.472261
v -29.865000 12.740842 42.453815
v -29.865000 12.817322 42.449807
v -30.615000 12.817322 42.449807
v -30.615000 12.740842 42.453815
f 805 806 801
f 801 802 803
f 803 804 805
f 805 801 803
f 815 816 807
f 807 808 809
f 809 810 811
f 812 813 814
f 814 815 807
f 807 809 811
f 812 814 807
f 807 811 812
f 825 826 817
f 820 821 822
f 825 817 818
f 820 822 823
f 824 825 818
f 819 820 823
f 824 818 819
f 819 823 824
f 835 836 827
f 829 830 831
f 834 835 827
f 829 831 832
f 833 834 827
f 828 829 832
f 833 827 828
f 828 832 833
f 842 837 838
f 839 840 841
f 842 838 839
f 839 841 842
f 847 848 843
f 843 844 845
f 846 847 843
f 843 845 846
f 849 850 852
f 852 850 851
f 853 854 856
f 856 854 855
f 857 858 860
f 860 858 859
f 861 862 864
f 864 862 863
f 865 866 868
f 868 866 867
f 869 870 872
f 872 870 871
f 873 874 876
f 876 874 875
f 877 878 880
f 880 878 879
f 881 882 884
f 884 882 883
f 885 886 888
f 888 886 887
f 889 890 892
f 892 890 891
f 893 894 896
f 896 894 895
f 897 898 900
f 900 898 899
f 901 902 904
f 904 902 903
f 905 906 908
f 908 906 907
f 909 910 912
f 912 910 911
f 913 914 916
f 916 914 915
f 917 918 920
f 920 918 919
f 921 922 924
f 924 922 923
f 925 926 928
f 928 926 927
f 929 930 932
f 932 930 931
f 933 934 936
f 936 934 935
f 937 938 940
f 940 938 939
f 941 942 944
f 944 942 943
f 945 946 948
f 948 946 947
f 949 950 952
f 952 950 951
f 953 954 956
f 956 954 955
f 957 958 960
f 960 958 959
o item_958c4ea6_1130476
v -33.462478 12.869502 43.426337
v -33.417522 12.869502 43.426337
v -33.065000 12.863857 43.318622
v -33.065000 12.818269 42.448756
v -33.815000 12.818269 42.448756
v -33.815000 12.863857 43.318622
v -33.066000 12.857782 43.221818
v -33.066000 12.862819 43.317936
v -33.417671 12.868451 43.425391
v -33.462329 12.868451 43.425391
v -33.814000 12.862819 43.317936
v -33.814000 12.857782 43.221818
v -33.815000 12.857782 43.221818
v -33.815000 12.817322 42.449807
v -33.065000 12.817322 42.449807
v -33.065000 12.857782 43.221818
v -33.065000 12.778890 43.225952
v -33.065000 12.857782 43.221818
v -33.065000 12.817322 42.449807
v -33.065000 12.740842 42.453815
v -33.065000 12.761328 42.472261
v -33.065000 12.760659 42.473004
v -33.065000 12.738378 42.452943
v -33.065000 12.818269 42.448756
v -33.065000 12.863857 43.318622
v -33.065000 12.783966 43.322809
v -33.815000 12.740842 42.453815
v -33.815000 12.817322 42.449807
v -33.815000 12.857782 43.221818
v -33.815000 12.778890 43.225952
v -33.815000 12.783966 43.322809
v -33.815000 12.863857 43.318622
v -33.815000 12.818269 42.448756
v -33.815000 12.738378 42.452943
v -33.815000 12.760659 42.473004
v -33.815000 12.761328 42.472261
v -33.066000 12.857782 43.221818
v -33.065000 12.857782 43.221818
v -33.065000 12.778890 43.225952
v -33.086200 12.800061 43.224843
v -33.085493 12.800767 43.224806
v -33.066000 12.781301 43.225826
v -33.814000 12.781301 43.225826
v -33.794507 12.800767 43.224806
v -33.793800 12.800061 43.224843
v -33.815000 12.778890 43.225952
v -33.815000 12.857782 43.221818
v -33.814000 12.857782 43.221818
v -33.066000 12.857782 43.221818
v -33.066000 12.781301 43.225826
v -33.066000 12.786338 43.321944
v -33.066000 12.862819 43.317936
v -33.066000 12.781301 43.225826
v -33.085493 12.800767 43.224806
v -33.085493 12.805050 43.306523
v -33.066000 12.786338 43.321944
v -33.085493 12.800767 43.224806
v -33.086200 12.800061 43.224843
v -33.086200 12.804316 43.306037
v -33.085493 12.805050 43.306523
v -33.065000 12.783966 43.322809
v -33.086200 12.804316 43.306037
v -33.086200 12.800061 43.224843
v -33.065000 12.778890 43.225952
v -33.066000 12.862819 43.317936
v -33.066000 12.786338 43.321944
v -33.417671 12.791970 43.429399
v -33.417671 12.868451 43.425391
v -33.420587 12.810416 43.408913
v -33.417671 12.791970 43.429399
v -33.066000 12.786338 43.321944
v -33.085493 12.805050 43.306523
v -33.420693 12.809673 43.408243
v -33.420587 12.810416 43.408913
v -33.085493 12.805050 43.306523
v -33.086200 12.804316 43.306037
v -33.086200 12.804316 43.306037
v -33.065000 12.783966 43.322809
v -33.417522 12.789611 43.430524
v -33.420693 12.809673 43.408243
v -33.065000 12.783966 43.322809
v -33.065000 12.863857 43.318622
v -33.417522 12.869502 43.426337
v -33.417522 12.789611 43.430524
v -33.417671 12.868451 43.425391
v -33.417671 12.791970 43.429399
v -33.462329 12.791970 43.429399
v -33.462329 12.868451 43.425391
v -33.417671 12.791970 43.429399
v -33.420587 12.810416 43.408913
v -33.459413 12.810416 43.408913
v -33.462329 12.791970 43.429399
v -33.420587 12.810416 43.408913
v -33.420693 12.809673 43.408243
v -33.459307 12.809673 43.408243
v -33.459413 12.810416 43.408913
v -33.420693 12.809673 43.408243
v -33.417522 12.789611 43.430524
v -33.462478 12.789611 43.430524
v -33.459307 12.809673 43.408243
v -33.417522 12.789611 43.430524
v -33.417522 12.869502 43.426337
v -33.462478 12.869502 43.426337
v -33.462478 12.789611 43.430524
v -33.462329 12.868451 43.425391
v -33.462329 12.791970 43.429399
v -33.814000 12.786338 43.321944
v -33.814000 12.862819 43.317936
v -33.462329 12.791970 43.429399
v -33.459413 12.810416 43.408913
v -33.794507 12.805050 43.306523
v -33.814000 12.786338 43.321944
v -33.459413 12.810416 43.408913
v -33.459307 12.809673 43.408243
v -33.793800 12.804316 43.306037
v -33.794507 12.805050 43.306523
v -33.815000 12.783966 43.322809
v -33.793800 12.804316 43.306037
v -33.459307 12.809673 43.408243
v -33.462478 12.789611 43.430524
v -33.815000 12.863857 43.318622
v -33.815000 12.783966 43.322809
v -33.462478 12.789611 43.430524
v -33.462478 12.869502 43.426337
v -33.814000 12.781301 43.225826
v -33.814000 12.857782 43.221818
v -33.814000 12.862819 43.317936
v -33.814000 12.786338 43.321944
v -33.794507 12.800767 43.224806
v -33.814000 12.781301 43.225826
v -33.814000 12.786338 43.321944
v -33.794507 12.805050 43.306523
v -33.793800 12.800061 43.224843
v -33.794507 12.800767 43.224806
v -33.794507 12.805050 43.306523
v -33.793800 12.804316 43.306037
v -33.793800 12.804316 43.306037
v -33.815000 12.783966 43.322809
v -33.815000 12.778890 43.225952
v -33.793800 12.800061 43.224843
v -33.065000 12.818269 42.448756
v -33.065000 12.738378 42.452943
v -33.815000 12.738378 42.452943
v -33.815000 12.818269 42.448756
v -33.065000 12.738378 42.452943
v -33.065000 12.760659 42.473004
v -33.815000 12.760659 42.473004
v -33.815000 12.738378 42.452943
v -33.065000 12.760659 42.473004
v -33.065000 12.761328 42.472261
v -33.815000 12.761328 42.472261
v -33.815000 12.760659 42.473004
v -33.065000 12.761328 42.472261
v -33.065000 12.740842 42.453815
v -33.815000 12.740842 42.453815
v -33.815000 12.761328 42.472261
v -33.065000 12.740842 42.453815
v -33.065000 12.817322 42.449807
v -33.815000 12.817322 42.449807
v -33.815000 12.740842 42.453815
f 965 966 961
f 961 962 963
f 963 964 965
f 965 961 963
f 975 976 967
f 967 968 969
f 969 970 971
f 972 973 974
f 974 975 967
f 967 969 971
f 972 974 967
f 967 971 972
f 985 986 977
f 980 981 982
f 985 977 978
f 980 982 983
f 984 985 978
f 979 980 983
f 984 978 979
f 979 983 984
f 995 996 987
f 989 990 991
f 994 995 987
f 989 991 992
f 993 994 987
f 988 989 992
f 993 987 988
f 988 992 993
f 1002 997 998
f 999 1000 1001
f 1002 998 999
f 999 1001 1002
f 1007 1008 1003
f 1003 1004 1005
f 1006 1007 1003
f 1003 1005 1006
f 1009 1010 1012
f 1012 1010 1011
f 1013 1014 1016
f 1016 1014 1015
f 1017 1018 1020
f 1020 1018 1019
f 1021 1022 1024
f 1024 1022 1023
f 1025 1026 1028
f 1028 1026 1027
f 1029 1030 1032
f 1032 1030 1031
f 1033 1034 1036
f 1036 1034 1035
f 1037 1038 1040
f 1040 1038 1039
f 1041 1042 1044
f 1044 1042 1043
f 1045 1046 1048
f 1048 1046 1047
f 1049 1050 1052
f 1052 1050 1051
f 1053 1054 1056
f 1056 1054 1055
f 1057 1058 1060
f 1060 1058 1059
f 1061 1062 1064
f 1064 1062 1063
f 1065 1066 1068
f 1068 1066 1067
f 1069 1070 1072
f 1072 1070 1071
f 1073 1074 1076
f 1076 1074 1075
f 1077 1078 1080
f 1080 1078 1079
f 1081 1082 1084
f 1084 1082 1083
f 1085 1086 1088
f 1088 1086 1087
f 1089 1090 1092
f 1092 1090 1091
f 1093 1094 1096
f 1096 1094 1095
f 1097 1098 1100
f 1100 1098 1099
f 1101 1102 1104
f 1104 1102 1103
f 1105 1106 1108
f 1108 1106 1107
f 1109 1110 1112
f 1112 1110 1111
f 1113 1114 1116
f 1116 1114 1115
f 1117 1118 1120
f 1120 1118 1119
o item_958c4ea6_1130451
v -36.936337 12.869502 40.607522
v -36.936337 12.869502 40.652478
v -36.828622 12.863857 41.005000
v -35.958756 12.818269 41.005000
v -35.958756 12.818269 40.255000
v -36.828622 12.863857 40.255000
v -36.731818 12.857782 41.004000
v -36.827936 12.862819 41.004000
v -36.935391 12.868451 40.652329
v -36.935391 12.868451 40.607671
v -36.827936 12.862819 40.256000
v -36.731818 12.857782 40.256000
v -36.731818 12.857782 40.255000
v -35.959807 12.817322 40.255000
v -35.959807 12.817322 41.005000
v -36.731818 12.857782 41.005000
v -36.735952 12.778890 41.005000
v -36.731818 12.857782 41.005000
v -35.959807 12.817322 41.005000
v -35.963815 12.740842 41.005000
v -35.982261 12.761328 41.005000
v -35.983004 12.760659 41.005000
v -35.962943 12.738378 41.005000
v -35.958756 12.818269 41.005000
v -36.828622 12.863857 41.005000
v -36.832809 12.783966 41.005000
v -35.963815 12.740842 40.255000
v -35.959807 12.817322 40.255000
v -36.731818 12.857782 40.255000
v -36.735952 12.778890 40.255000
v -36.832809 12.783966 40.255000
v -36.828622 12.863857 40.255000
v -35.958756 12.818269 40.255000
v -35.962943 12.738378 40.255000
v -35.983004 12.760659 40.255000
v -35.982261 12.761328 40.255000
v -36.731818 12.857782 41.004000
v -36.731818 12.857782 41.005000
v -36.735952 12.778890 41.005000
v -36.734843 12.800061 40.983800
v -36.734806 12.800767 40.984507
v -36.735826 12.781301 41.004000
v -36.735826 12.781301 40.256000
v -36.734806 12.800767 40.275493
v -36.734843 12.800061 40.276200
v -36.735952 12.778890 40.255000
v -36.731818 12.857782 40.255000
v -36.731818 12.857782 40.256000
v -36.731818 12.857782 41.004000
v -36.735826 12.781301 41.004000
v -36.831944 12.786338 41.004000
v -36.827936 12.862819 41.004000
v -36.735826 12.781301 41.004000
v -36.734806 12.800767 40.984507
v -36.816523 12.805050 40.984507
v -36.831944 12.786338 41.004000
v -36.734806 12.800767 40.984507
v -36.734843 12.800061 40.983800
v -36.816037 12.804316 40.983800
v -36.816523 12.805050 40.984507
v -36.832809 12.783966 41.005000
v -36.816037 12.804316 40.983800
v -36.734843 12.800061 40.983800
v -36.735952 12.778890 41.005000
v -36.827936 12.862819 41.004000
v -36.831944 12.786338 41.004000
v -36.939399 12.791970 40.652329
v -36.935391 12.868451 40.652329
v -36.918913 12.810416 40.649413
v -36.939399 12.791970 40.652329
v -36.831944 12.786338 41.004000
v -36.816523 12.805050 40.984507
v -36.918243 12.809673 40.649307
v -36.918913 12.810416 40.649413
v -36.816523 12.805050 40.984507
v -36.816037 12.804316 40.983800
v -36.816037 12.804316 40.983800
v -36.832809 12.783966 41.005000
v -36.940524 12.789611 40.652478
v -36.918243 12.809673 40.649307
v -36.832809 12.783966 41.005000
v -36.828622 12.863857 41.005000
v -36.936337 12.869502 40.652478
v -36.940524 12.789611 40.652478
v -36.935391 12.868451 40.652329
v -36.939399 12.791970 40.652329
v -36.939399 12.791970 40.607671
v -36.935391 12.868451 40.607671
v -36.939399 12.791970 40.652329
v -36.918913 12.810416 40.649413
v -36.918913 12.810416 40.610587
v -36.939399 12.791970 40.607671
v -36.918913 12.810416 40.649413
v -36.918243 12.809673 40.649307
v -36.918243 12.809673 40.610693
v -36.918913 12.810416 40.610587
v -36.918243 12.809673 40.649307
v -36.940524 12.789611 40.652478
v -36.940524 12.789611 40.607522
v -36.918243 12.809673 40.610693
v -36.940524 12.789611 40.652478
v -36.936337 12.869502 40.652478
v -36.936337 12.869502 40.607522
v -36.940524 12.789611 40.607522
v -36.935391 12.868451 40.607671
v -36.939399 12.791970 40.607671
v -36.831944 12.786338 40.256000
v -36.827936 12.862819 40.256000
v -36.939399 12.791970 40.607671
v -36.918913 12.810416 40.610587
v -36.816523 12.805050 40.275493
v -36.831944 12.786338 40.256000
v -36.918913 12.810416 40.610587
v -36.918243 12.809673 40.610693
v -36.816037 12.804316 40.276200
v -36.816523 12.805050 40.275493
v -36.832809 12.783966 40.255000
v -36.816037 12.804316 40.276200
v -36.918243 12.809673 40.610693
v -36.940524 12.789611 40.607522
v -36.828622 12.863857 40.255000
v -36.832809 12.783966 40.255000
v -36.940524 12.789611 40.607522
v -36.936337 12.869502 40.607522
v -36.735826 12.781301 40.256000
v -36.731818 12.857782 40.256000
v -36.827936 12.862819 40.256000
v -36.831944 12.786338 40.256000
v -36.734806 12.800767 40.275493
v -36.735826 12.781301 40.256000
v -36.831944 12.786338 40.256000
v -36.816523 12.805050 40.275493
v -36.734843 12.800061 40.276200
v -36.734806 12.800767 40.275493
v -36.816523 12.805050 40.275493
v -36.816037 12.804316 40.276200
v -36.816037 12.804316 40.276200
v -36.832809 12.783966 40.255000
v -36.735952 12.778890 40.255000
v -36.734843 12.800061 40.276200
v -35.958756 12.818269 41.005000
v -35.962943 12.738378 41.005000
v -35.962943 12.738378 40.255000
v -35.958756 12.818269 40.255000
v -35.962943 12.738378 41.005000
v -35.983004 12.760659 41.005000
v -35.983004 12.760659 40.255000
v -35.962943 12.738378 40.255000
v -35.983004 12.760659 41.005000
v -35.982261 12.761328 41.005000
v -35.982261 12.761328 40.255000
v -35.983004 12.760659 40.255000
v -35.982261 12.761328 41.005000
v -35.963815 12.740842 41.005000
v -35.963815 12.740842 40.255000
v -35.982261 12.761328 40.255000
v -35.963815 12.740842 41.005000
v -35.959807 12.817322 41.005000
v -35.959807 12.817322 40.255000
v -35.963815 12.740842 40.255000
f 1125 1126 1121
f 1121 1122 1123
f 1123 1124 1125
f 1125 1121 1123
f 1135 1136 1127
f 1127 1128 1129
f 1129 1130 1131
f 1132 1133 1134
f 1134 1135 1127
f 1127 1129 1131
f 1132 1134 1127
f 1127 1131 1132
f 1145 1146 1137
f 1140 1141 1142
f 1145 1137 1138
f 1140 1142 1143
f 1144 1145 1138
f 1139 1140 1143
f 1144 1138 1139
f 1139 1143 1144
f 1155 1156 1147
f 1149 1150 1151
f 1154 1155 1147
f 1149 1151 1152
f 1153 1154 1147
f 1148 1149 1152
f 1153 1147 1148
f 1148 1152 1153
f 1162 1157 1158
f 1159 1160 1161
f 1162 1158 1159
f 1159 1161 1162
f 1167 1168 1163
f 1163 1164 1165
f 1166 1167 1163
f 1163 1165 1166
f 1169 1170 1172
f 1172 1170 1171
f 1173 1174 1176
f 1176 1174 1175
f 1177 1178 1180
f 1180 1178 1179
f 1181 1182 1184
f 1184 1182 1183
f 1185 1186 1188
f 1188 1186 1187
f 1189 1190 1192
f 1192 1190 1191
f 1193 1194 1196
f 1196 1194 1195
f 1197 1198 1200
f 1200 1198 1199
f 1201 1202 1204
f 1204 1202 1203
f 1205 1206 1208
f 1208 1206 1207
f 1209 1210 1212
f 1212 1210 1211
f 1213 1214 1216
f 1216 1214 1215
f 1217 1218 1220
f 1220 1218 1219
f 1221 1222 1224
f 1224 1222 1223
f 1225 1226 1228
f 1228 1226 1227
f 1229 1230 1232
f 1232 1230 1231
f 1233 1234 1236
f 1236 1234 1235
f 1237 1238 1240
f 1240 1238 1239
f 1241 1242 1244
f 1244 1242 1243
f 1245 1246 1248
f 1248 1246 1247
f 1249 1250 1252
f 1252 1250 1251
f 1253 1254 1256
f 1256 1254 1255
f 1257 1258 1260
f 1260 1258 1259
f 1261 1262 1264
f 1264 1262 1263
f 1265 1266 1268
f 1268 1266 1267
f 1269 1270 1272
f 1272 1270 1271
f 1273 1274 1276
f 1276 1274 1275
f 1277 1278 1280
f 1280 1278 1279
o item_958c4ea6_1130426
v -36.936337 12.869502 38.107522
v -36.936337 12.869502 38.152478
v -36.828622 12.863857 38.505000
v -35.958756 12.818269 38.505000
v -35.958756 12.818269 37.755000
v -36.828622 12.863857 37.755000
v -36.731818 12.857782 38.504000
v -36.827936 12.862819 38.504000
v -36.935391 12.868451 38.152329
v -36.935391 12.868451 38.107671
v -36.827936 12.862819 37.756000
v -36.731818 12.857782 37.756000
v -36.731818 12.857782 37.755000
v -35.959807 12.817322 37.755000
v -35.959807 12.817322 38.505000
v -36.731818 12.857782 38.505000
v -36.735952 12.778890 38.505000
v -36.731818 12.857782 38.505000
v -35.959807 12.817322 38.505000
v -35.963815 12.740842 38.505000
v -35.982261 12.761328 38.505000
v -35.983004 12.760659 38.505000
v -35.962943 12.738378 38.505000
v -35.958756 12.818269 38.505000
v -36.828622 12.863857 38.505000
v -36.832809 12.783966 38.505000
v -35.963815 12.740842 37.755000
v -35.959807 12.817322 37.755000
v -36.731818 12.857782 37.755000
v -36.735952 12.778890 37.755000
v -36.832809 12.783966 37.755000
v -36.828622 12.863857 37.755000
v -35.958756 12.818269 37.755000
v -35.962943 12.738378 37.755000
v -35.983004 12.760659 37.755000
v -35.982261 12.761328 37.755000
v -36.731818 12.857782 38.504000
v -36.731818 12.857782 38.505000
v -36.735952 12.778890 38.505000
v -36.734843 12.800061 38.483800
v -36.734806 12.800767 38.484507
v -36.735826 12.781301 38.504000
v -36.735826 12.781301 37.756000
v -36.734806 12.800767 37.775493
v -36.734843 12.800061 37.776200
v -36.735952 12.778890 37.755000
v -36.731818 12.857782 37.755000
v -36.731818 12.857782 37.756000
v -36.731818 12.857782 38.504000
v -36.735826 12.781301 38.504000
v -36.831944 12.786338 38.504000
v -36.827936 12.862819 38.504000
v -36.735826 12.781301 38.504000
v -36.734806 12.800767 38.484507
v -36.816523 12.805050 38.484507
v -36.831944 12.786338 38.504000
v -36.734806 12.800767 38.484507
v -36.734843 12.800061 38.483800
v -36.816037 12.804316 38.483800
v -36.816523 12.805050 38.484507
v -36.832809 12.783966 38.505000
v -36.816037 12.804316 38.483800
v -36.734843 12.800061 38.483800
v -36.735952 12.778890 38.505000
v -36.827936 12.862819 38.504000
v -36.831944 12.786338 38.504000
v -36.939399 12.791970 38.152329
v -36.935391 12.868451 38.152329
v -36.918913 12.810416 38.149413
v -36.939399 12.791970 38.152329
v -36.831944 12.786338 38.504000
v -36.816523 12.805050 38.484507
v -36.918243 12.809673 38.149307
v -36.918913 12.810416 38.149413
v -36.816523 12.805050 38.484507
v -36.816037 12.804316 38.483800
v -36.816037 12.804316 38.483800
v -36.832809 12.783966 38.505000
v -36.940524 12.789611 38.152478
v -36.918243 12.809673 38.149307
v -36.832809 12.783966 38.505000
v -36.828622 12.863857 38.505000
v -36.936337 12.869502 38.152478
v -36.940524 12.789611 38.152478
v -36.935391 12.868451 38.152329
v -36.939399 12.791970 38.152329
v -36.939399 12.791970 38.107671
v -36.935391 12.868451 38.107671
v -36.939399 12.791970 38.152329
v -36.918913 12.810416 38.149413
v -36.918913 12.810416 38.110587
v -36.939399 12.791970 38.107671
v -36.918913 12.810416 38.149413
v -36.918243 12.809673 38.149307
v -36.918243 12.809673 38.110693
v -36.918913 12.810416 38.110587
v -36.918243 12.809673 38.149307
v -36.940524 12.789611 38.152478
v -36.940524 12.789611 38.107522
v -36.918243 12.809673 38.110693
v -36.940524 12.789611 38.152478
v -36.936337 12.869502 38.152478
v -36.936337 12.869502 38.107522
v -36.940524 12.789611 38.107522
v -36.935391 12.868451 38.107671
v -36.939399 12.791970 38.107671
v -36.831944 12.786338 37.756000
v -36.827936 12.862819 37.756000
v -36.939399 12.791970 38.107671
v -36.918913 12.810416 38.110587
v -36.816523 12.805050 37.775493
v -36.831944 12.786338 37.756000
v -36.918913 12.810416 38.110587
v -36.918243 12.809673 38.110693
v -36.816037 12.804316 37.776200
v -36.816523 12.805050 37.775493
v -36.832809 12.783966 37.755000
v -36.816037 12.804316 37.776200
v -36.918243 12.809673 38.110693
v -36.940524 12.789611 38.107522
v -36.828622 12.863857 37.755000
v -36.832809 12.783966 37.755000
v -36.940524 12.789611 38.107522
v -36.936337 12.869502 38.107522
v -36.735826 12.781301 37.756000
v -36.731818 12.857782 37.756000
v -36.827936 12.862819 37.756000
v -36.831944 12.786338 37.756000
v -36.734806 12.800767 37.775493
v -36.735826 12.781301 37.756000
v -36.831944 12.786338 37.756000
v -36.816523 12.805050 37.775493
v -36.734843 12.800061 37.776200
v -36.734806 12.800767 37.775493
v -36.816523 12.805050 37.775493
v -36.816037 12.804316 37.776200
v -36.816037 12.804316 37.776200
v -36.832809 12.783966 37.755000
v -36.735952 12.778890 37.755000
v -36.734843 12.800061 37.776200
v -35.958756 12.818269 38.505000
v -35.962943 12.738378 38.505000
v -35.962943 12.738378 37.755000
v -35.958756 12.818269 37.755000
v -35.962943 12.738378 38.505000
v -35.983004 12.760659 38.505000
v -35.983004 12.760659 37.755000
v -35.962943 12.738378 37.755000
v -35.983004 12.760659 38.505000
v -35.982261 12.761328 38.505000
v -35.982261 12.761328 37.755000
v -35.983004 12.760659 37.755000
v -35.982261 12.761328 38.505000
v -35.963815 12.740842 38.505000
v -35.963815 12.740842 37.755000
v -35.982261 12.761328 37.755000
v -35.963815 12.740842 38.505000
v -35.959807 12.817322 38.505000
v -35.959807 12.817322 37.755000
v -35.963815 12.740842 37.755000
f 1285 1286 1281
f 1281 1282 1283
f 1283 1284 1285
f 1285 1281 1283
f 1295 1296 1287
f 1287 1288 1289
f 1289 1290 1291
f 1292 1293 1294
f 1294 1295 1287
f 1287 1289 1291
f 1292 1294 1287
f 1287 1291 1292
f 1305 1306 1297
f 1300 1301 1302
f 1305 1297 1298
f 1300 1302 1303
f 1304 1305 1298
f 1299 1300 1303
f 1304 1298 1299
f 1299 1303 1304
f 1315 1316 1307
f 1309 1310 1311
f 1314 1315 1307
f 1309 1311 1312
f 1313 1314 1307
f 1308 1309 1312
f 1313 1307 1308
f 1308 1312 1313
f 1322 1317 1318
f 1319 1320 1321
f 1322 1318 1319
f 1319 1321 1322
f 1327 1328 1323
f 1323 1324 1325
f 1326 1327 1323
f 1323 1325 1326
f 1329 1330 1332
f 1332 1330 1331
f 1333 1334 1336
f 1336 1334 1335
f 1337 1338 1340
f 1340 1338 1339
f 1341 1342 1344
f 1344 1342 1343
f 1345 1346 1348
f 1348 1346 1347
f 1349 1350 1352
f 1352 1350 1351
f 1353 1354 1356
f 1356 1354 1355
f 1357 1358 1360
f 1360 1358 1359
f 1361 1362 1364
f 1364 1362 1363
f 1365 1366 1368
f 1368 1366 1367
f 1369 1370 1372
f 1372 1370 1371
f 1373 1374 1376
f 1376 1374 1375
f 1377 1378 1380
f 1380 1378 1379
f 1381 1382 1384
f 1384 1382 1383
f 1385 1386 1388
f 1388 1386 1387
f 1389 1390 1392
f 1392 1390 1391
f 1393 1394 1396
f 1396 1394 1395
f 1397 1398 1400
f 1400 1398 1399
f 1401 1402 1404
f 1404 1402 1403
f 1405 1406 1408
f 1408 1406 1407
f 1409 1410 1412
f 1412 1410 1411
f 1413 1414 1416
f 1416 1414 1415
f 1417 1418 1420
f 1420 1418 1419
f 1421 1422 1424
f 1424 1422 1423
f 1425 1426 1428
f 1428 1426 1427
f 1429 1430 1432
f 1432 1430 1431
f 1433 1434 1436
f 1436 1434 1435
f 1437 1438 1440
f 1440 1438 1439
o item_958c4ea6_1130401
v -36.936337 12.869502 35.607522
v -36.936337 12.869502 35.652478
v -36.828622 12.863857 36.005000
v -35.958756 12.818269 36.005000
v -35.958756 12.818269 35.255000
v -36.828622 12.863857 35.255000
v -36.731818 12.857782 36.004000
v -36.827936 12.862819 36.004000
v -36.935391 12.868451 35.652329
v -36.935391 12.868451 35.607671
v -36.827936 12.862819 35.256000
v -36.731818 12.857782 35.256000
v -36.731818 12.857782 35.255000
v -35.959807 12.817322 35.255000
v -35.959807 12.817322 36.005000
v -36.731818 12.857782 36.005000
v -36.735952 12.778890 36.005000
v -36.731818 12.857782 36.005000
v -35.959807 12.817322 36.005000
v -35.963815 12.740842 36.005000
v -35.982261 12.761328 36.005000
v -35.983004 12.760659 36.005000
v -35.962943 12.738378 36.005000
v -35.958756 12.818269 36.005000
v -36.828622 12.863857 36.005000
v -36.832809 12.783966 36.005000
v -35.963815 12.740842 35.255000
v -35.959807 12.817322 35.255000
v -36.731818 12.857782 35.255000
v -36.735952 12.778890 35.255000
v -36.832809 12.783966 35.255000
v -36.828622 12.863857 35.255000
v -35.958756 12.818269 35.255000
v -35.962943 12.738378 35.255000
v -35.983004 12.760659 35.255000
v -35.982261 12.761328 35.255000
v -36.731818 12.857782 36.004000
v -36.731818 12.857782 36.005000
v -36.735952 12.778890 36.005000
v -36.734843 12.800061 35.983800
v -36.734806 12.800767 35.984507
v -36.735826 12.781301 36.004000
v -36.735826 12.781301 35.256000
v -36.734806 12.800767 35.275493
v -36.734843 12.800061 35.276200
v -36.735952 12.778890 35.255000
v -36.731818 12.857782 35.255000
v -36.731818 12.857782 35.256000
v -36.731818 12.857782 36.004000
v -36.735826 12.781301 36.004000
v -36.831944 12.786338 36.004000
v -36.827936 12.862819 36.004000
v -36.735826 12.781301 36.004000
v -36.734806 12.800767 35.984507
v -36.816523 12.805050 35.984507
v -36.831944 12.786338 36.004000
v -36.734806 12.800767 35.984507
v -36.734843 12.800061 35.983800
v -36.816037 12.804316 35.983800
v -36.816523 12.805050 35.984507
v -36.832809 12.783966 36.005000
v -36.816037 12.804316 35.983800
v -36.734843 12.800061 35.983800
v -36.735952 12.778890 36.005000
v -36.827936 12.862819 36.004000
v -36.831944 12.786338 36.004000
v -36.939399 12.791970 35.652329
v -36.935391 12.868451 35.652329
v -36.918913 12.810416 35.649413
v -36.939399 12.791970 35.652329
v -36.831944 12.786338 36.004000
v -36.816523 12.805050 35.984507
v -36.918243 12.809673 35.649307
v -36.918913 12.810416 35.649413
v -36.816523 12.805050 35.984507
v -36.816037 12.804316 35.983800
v -36.816037 12.804316 35.983800
v -36.832809 12.783966 36.005000
v -36.940524 12.789611 35.652478
v -36.918243 12.809673 35.649307
v -36.832809 12.783966 36.005000
v -36.828622 12.863857 36.005000
v -36.936337 12.869502 35.652478
v -36.940524 12.789611 35.652478
v -36.935391 12.868451 35.652329
v -36.939399 12.791970 35.652329
v -36.939399 12.791970 35.607671
v -36.935391 12.868451 35.607671
v -36.939399 12.791970 35.652329
v -36.918913 12.810416 35.649413
v -36.918913 12.810416 35.610587
v -36.939399 12.791970 35.607671
v -36.918913 12.810416 35.649413
v -36.918243 12.809673 35.649307
v -36.918243 12.809673 35.610693
v -36.918913 12.810416 35.610587
v -36.918243 12.809673 35.649307
v -36.940524 12.789611 35.652478
v -36.940524 12.789611 35.607522
v -36.918243 12.809673 35.610693
v -36.940524 12.789611 35.652478
v -36.936337 12.869502 35.652478
v -36.936337 12.869502 35.607522
v -36.940524 12.789611 35.607522
v -36.935391 12.868451 35.607671
v -36.939399 12.791970 35.607671
v -36.831944 12.786338 35.256000
v -36.827936 12.862819 35.256000
v -36.939399 12.791970 35.607671
v -36.918913 12.810416 35.610587
v -36.816523 12.805050 35.275493
v -36.831944 12.786338 35.256000
v -36.918913 12.810416 35.610587
v -36.918243 12.809673 35.610693
v -36.816037 12.804316 35.276200
v -36.816523 12.805050 35.275493
v -36.832809 12.783966 35.255000
v -36.816037 12.804316 35.276200
v -36.918243 12.809673 35.610693
v -36.940524 12.789611 35.607522
v -36.828622 12.863857 35.255000
v -36.832809 12.783966 35.255000
v -36.940524 12.789611 35.607522
v -36.936337 12.869502 35.607522
v -36.735826 12.781301 35.256000
v -36.731818 12.857782 35.256000
v -36.827936 12.862819 35.256000
v -36.831944 12.786338 35.256000
v -36.734806 12.800767 35.275493
v -36.735826 12.781301 35.256000
v -36.831944 12.786338 35.256000
v -36.816523 12.805050 35.275493
v -36.734843 12.800061 35.276200
v -36.734806 12.800767 35.275493
v -36.816523 12.805050 35.275493
v -36.816037 12.804316 35.276200
v -36.816037 12.804316 35.276200
v -36.832809 12.783966 35.255000
v -36.735952 12.778890 35.255000
v -36.734843 12.800061 35.276200
v -35.958756 12.818269 36.005000
v -35.962943 12.738378 36.005000
v -35.962943 12.738378 35.255000
v -35.958756 12.818269 35.255000
v -35.962943 12.738378 36.005000
v -35.983004 12.760659 36.005000
v -35.983004 12.760659 35.255000
v -35.962943 12.738378 35.255000
v -35.983004 12.760659 36.005000
v -35.982261 12.761328 36.005000
v -35.982261 12.761328 35.255000
v -35.983004 12.760659 35.255000
v -35.982261 12.761328 36.005000
v -35.963815 12.740842 36.005000
v -35.963815 12.740842 35.255000
v -35.982261 12.761328 35.255000
v -35.963815 12.740842 36.005000
v -35.959807 12.817322 36.005000
v -35.959807 12.817322 35.255000
v -35.963815 12.740842 35.255000
f 1445 1446 1441
f 1441 1442 1443
f 1443 1444 1445
f 1445 1441 1443
f 1455 1456 1447
f 1447 1448 1449
f 1449 1450 1451
f 1452 1453 1454
f 1454 1455 1447
f 1447 1449 1451
f 1452 1454 1447
f 1447 1451 1452
f 1465 1466 1457
f 1460 1461 1462
f 1465 1457 1458
f 1460 1462 1463
f 1464 1465 1458
f 1459 1460 1463
f 1464 1458 1459
f 1459 1463 1464
f 1475 1476 1467
f 1469 1470 1471
f 1474 1475 1467
f 1469 1471 1472
f 1473 1474 1467
f 1468 1469 1472
f 1473 1467 1468
f 1468 1472 1473
f 1482 1477 1478
f 1479 1480 1481
f 1482 1478 1479
f 1479 1481 1482
f 1487 1488 1483
f 1483 1484 1485
f 1486 1487 1483
f 1483 1485 1486
f 1489 1490 1492
f 1492 1490 1491
f 1493 1494 1496
f 1496 1494 1495
f 1497 1498 1500
f 1500 1498 1499
f 1501 1502 1504
f 1504 1502 1503
f 1505 1506 1508
f 1508 1506 1507
f 1509 1510 1512
f 1512 1510 1511
f 1513 1514 1516
f 1516 1514 1515
f 1517 1518 1520
f 1520 1518 1519
f 1521 1522 1524
f 1524 1522 1523
f 1525 1526 1528
f 1528 1526 1527
f 1529 1530 1532
f 1532 1530 1531
f 1533 1534 1536
f 1536 1534 1535
f 1537 1538 1540
f 1540 1538 1539
f 1541 1542 1544
f 1544 1542 1543
f 1545 1546 1548
f 1548 1546 1547
f 1549 1550 1552
f 1552 1550 1551
f 1553 1554 1556
f 1556 1554 1555
f 1557 1558 1560
f 1560 1558 1559
f 1561 1562 1564
f 1564 1562 1563
f 1565 1566 1568
f 1568 1566 1567
f 1569 1570 1572
f 1572 1570 1571
f 1573 1574 1576
f 1576 1574 1575
f 1577 1578 1580
f 1580 1578 1579
f 1581 1582 1584
f 1584 1582 1583
f 1585 1586 1588
f 1588 1586 1587
f 1589 1590 1592
f 1592 1590 1591
f 1593 1594 1596
f 1596 1594 1595
f 1597 1598 1600
f 1600 1598 1599
o item_958c4ea6_1130376
v -36.936337 12.869502 32.907522
v -36.936337 12.869502 32.952478
v -36.828622 12.863857 33.305000
v -35.958756 12.818269 33.305000
v -35.958756 12.818269 32.555000
v -36.828622 12.863857 32.555000
v -36.731818 12.857782 33.304000
v -36.827936 12.862819 33.304000
v -36.935391 12.868451 32.952329
v -36.935391 12.868451 32.907671
v -36.827936 12.862819 32.556000
v -36.731818 12.857782 32.556000
v -36.731818 12.857782 32.555000
v -35.959807 12.817322 32.555000
v -35.959807 12.817322 33.305000
v -36.731818 12.857782 33.305000
v -36.735952 12.778890 33.305000
v -36.731818 12.857782 33.305000
v -35.959807 12.817322 33.305000
v -35.963815 12.740842 33.305000
v -35.982261 12.761328 33.305000
v -35.983004 12.760659 33.305000
v -35.962943 12.738378 33.305000
v -35.958756 12.818269 33.305000
v -36.828622 12.863857 33.305000
v -36.832809 12.783966 33.305000
v -35.963815 12.740842 32.555000
v -35.959807 12.817322 32.555000
v -36.731818 12.857782 32.555000
v -36.735952 12.778890 32.555000
v -36.832809 12.783966 32.555000
v -36.828622 12.863857 32.555000
v -35.958756 12.818269 32.555000
v -35.962943 12.738378 32.555000
v -35.983004 12.760659 32.555000
v -35.982261 12.761328 32.555000
v -36.731818 12.857782 33.304000
v -36.731818 12.857782 33.305000
v -36.735952 12.778890 33.305000
v -36.734843 12.800061 33.283800
v -36.734806 12.800767 33.284507
v -36.735826 12.781301 33.304000
v -36.735826 12.781301 32.556000
v -36.734806 12.800767 32.575493
v -36.734843 12.800061 32.576200
v -36.735952 12.778890 32.555000
v -36.731818 12.857782 32.555000
v -36.731818 12.857782 32.556000
v -36.731818 12.857782 33.304000
v -36.735826 12.781301 33.304000
v -36.831944 12.786338 33.304000
v -36.827936 12.862819 33.304000
v -36.735826 12.781301 33.304000
v -36.734806 12.800767 33.284507
v -36.816523 12.805050 33.284507
v -36.831944 12.786338 33.304000
v -36.734806 12.800767 33.284507
v -36.734843 12.800061 33.283800
v -36.816037 12.804316 33.283800
v -36.816523 12.805050 33.284507
v -36.832809 12.783966 33.305000
v -36.816037 12.804316 33.283800
v -36.734843 12.800061 33.283800
v -36.735952 12.778890 33.305000
v -36.827936 12.862819 33.304000
v -36.831944 12.786338 33.304000
v -36.939399 12.791970 32.952329
v -36.935391 12.868451 32.952329
v -36.918913 12.810416 32.949413
v -36.939399 12.791970 32.952329
v -36.831944 12.786338 33.304000
v -36.816523 12.805050 33.284507
v -36.918243 12.809673 32.949307
v -36.918913 12.810416 32.949413
v -36.816523 12.805050 33.284507
v -36.816037 12.804316 33.283800
v -36.816037 12.804316 33.283800
v -36.832809 12.783966 33.305000
v -36.940524 12.789611 32.952478
v -36.918243 12.809673 32.949307
v -36.832809 12.783966 33.305000
v -36.828622 12.863857 33.305000
v -36.936337 12.869502 32.952478
v -36.940524 12.789611 32.952478
v -36.935391 12.868451 32.952329
v -36.939399 12.791970 32.952329
v -36.939399 12.791970 32.907671
v -36.935391 12.868451 32.907671
v -36.939399 12.791970 32.952329
v -36.918913 12.810416 32.949413
v -36.918913 12.810416 32.910587
v -36.939399 12.791970 32.907671
v -36.918913 12.810416 32.949413
v -36.918243 12.809673 32.949307
v -36.918243 12.809673 32.910693
v -36.918913 12.810416 32.910587
v -36.918243 12.809673 32.949307
v -36.940524 12.789611 32.952478
v -36.940524 12.789611 32.907522
v -36.918243 12.809673 32.910693
v -36.940524 12.789611 32.952478
v -36.936337 12.869502 32.952478
v -36.936337 12.869502 32.907522
v -36.940524 12.789611 32.907522
v -36.935391 12.868451 32.907671
v -36.939399 12.791970 32.907671
v -36.831944 12.786338 32.556000
v -36.827936 12.862819 32.556000
v -36.939399 12.791970 32.907671
v -36.918913 12.810416 32.910587
v -36.816523 12.805050 32.575493
v -36.831944 12.786338 32.556000
v -36.918913 12.810416 32.910587
v -36.918243 12.809673 32.910693
v -36.816037 12.804316 32.576200
v -36.816523 12.805050 32.575493
v -36.832809 12.783966 32.555000
v -36.816037 12.804316 32.576200
v -36.918243 12.809673 32.910693
v -36.940524 12.789611 32.907522
v -36.828622 12.863857 32.555000
v -36.832809 12.783966 32.555000
v -36.940524 12.789611 32.907522
v -36.936337 12.869502 32.907522
v -36.735826 12.781301 32.556000
v -36.731818 12.857782 32.556000
v -36.827936 12.862819 32.556000
v -36.831944 12.786338 32.556000
v -36.734806 12.800767 32.575493
v -36.735826 12.781301 32.556000
v -36.831944 12.786338 32.556000
v -36.816523 12.805050 32.575493
v -36.734843 12.800061 32.576200
v -36.734806 12.800767 32.575493
v -36.816523 12.805050 32.575493
v -36.816037 12.804316 32.576200
v -36.816037 12.804316 32.576200
v -36.832809 12.783966 32.555000
v -36.735952 12.778890 32.555000
v -36.734843 12.800061 32.576200
v -35.958756 12.818269 33.305000
v -35.962943 12.738378 33.305000
v -35.962943 12.738378 32.555000
v -35.958756 12.818269 32.555000
v -35.962943 12.738378 33.305000
v -35.983004 12.760659 33.305000
v -35.983004 12.760659 32.555000
v -35.962943 12.738378 32.555000
v -35.983004 12.760659 33.305000
v -35.982261 12.761328 33.305000
v -35.982261 12.761328 32.555000
v -35.983004 12.760659 32.555000
v -35.982261 12.761328 33.305000
v -35.963815 12.740842 33.305000
v -35.963815 12.740842 32.555000
v -35.982261 12.761328 32.555000
v -35.963815 12.740842 33.305000
v -35.959807 12.817322 33.305000
v -35.959807 12.817322 32.555000
v -35.963815 12.740842 32.555000
f 1605 1606 1601
f 1601 1602 1603
f 1603 1604 1605
f 1605 1601 1603
f 1615 1616 1607
f 1607 1608 1609
f 1609 1610 1611
f 1612 1613 1614
f 1614 1615 1607
f 1607 1609 1611
f 1612 1614 1607
f 1607 1611 1612
f 1625 1626 1617
f 1620 1621 1622
f 1625 1617 1618
f 1620 1622 1623
f 1624 1625 1618
f 1619 1620 1623
f 1624 1618 1619
f 1619 1623 1624
f 1635 1636 1627
f 1629 1630 1631
f 1634 1635 1627
f 1629 1631 1632
f 1633 1634 1627
f 1628 1629 1632
f 1633 1627 1628
f 1628 1632 1633
f 1642 1637 1638
f 1639 1640 1641
f 1642 1638 1639
f 1639 1641 1642
f 1647 1648 1643
f 1643 1644 1645
f 1646 1647 1643
f 1643 1645 1646
f 1649 1650 1652
f 1652 1650 1651
f 1653 1654 1656
f 1656 1654 1655
f 1657 1658 1660
f 1660 1658 1659
f 1661 1662 1664
f 1664 1662 1663
f 1665 1666 1668
f 1668 1666 1667
f 1669 1670 1672
f 1672 1670 1671
f 1673 1674 1676
f 1676 1674 1675
f 1677 1678 1680
f 1680 1678 1679
f 1681 1682 1684
f 1684 1682 1683
f 1685 1686 1688
f 1688 1686 1687
f 1689 1690 1692
f 1692 1690 1691
f 1693 1694 1696
f 1696 1694 1695
f 1697 1698 1700
f 1700 1698 1699
f 1701 1702 1704
f 1704 1702 1703
f 1705 1706 1708
f 1708 1706 1707
f 1709 1710 1712
f 1712 1710 1711
f 1713 1714 1716
f 1716 1714 1715
f 1717 1718 1720
f 1720 1718 1719
f 1721 1722 1724
f 1724 1722 1723
f 1725 1726 1728
f 1728 1726 1727
f 1729 1730 1732
f 1732 1730 1731
f 1733 1734 1736
f 1736 1734 1735
f 1737 1738 1740
f 1740 1738 1739
f 1741 1742 1744
f 1744 1742 1743
f 1745 1746 1748
f 1748 1746 1747
f 1749 1750 1752
f 1752 1750 1751
f 1753 1754 1756
f 1756 1754 1755
f 1757 1758 1760
f 1760 1758 1759
o item_958c4ea6_1130072
v -33.417522 12.869502 22.433663
v -33.462478 12.869502 22.433663
v -33.815000 12.863857 22.541378
v -33.815000 12.818269 23.411244
v -33.065000 12.818269 23.411244
v -33.065000 12.863857 22.541378
v -33.814000 12.857782 22.638182
v -33.814000 12.862819 22.542064
v -33.462329 12.868451 22.434609
v -33.417671 12.868451 22.434609
v -33.066000 12.862819 22.542064
v -33.066000 12.857782 22.638182
v -33.065000 12.857782 22.638182
v -33.065000 12.817322 23.410193
v -33.815000 12.817322 23.410193
v -33.815000 12.857782 22.638182
v -33.815000 12.778890 22.634048
v -33.815000 12.857782 22.638182
v -33.815000 12.817322 23.410193
v -33.815000 12.740842 23.406185
v -33.815000 12.761328 23.387739
v -33.815000 12.760659 23.386996
v -33.815000 12.738378 23.407057
v -33.815000 12.818269 23.411244
v -33.815000 12.863857 22.541378
v -33.815000 12.783966 22.537191
v -33.065000 12.740842 23.406185
v -33.065000 12.817322 23.410193
v -33.065000 12.857782 22.638182
v -33.065000 12.778890 22.634048
v -33.065000 12.783966 22.537191
v -33.065000 12.863857 22.541378
v -33.065000 12.818269 23.411244
v -33.065000 12.738378 23.407057
v -33.065000 12.760659 23.386996
v -33.065000 12.761328 23.387739
v -33.814000 12.857782 22.638182
v -33.815000 12.857782 22.638182
v -33.815000 12.778890 22.634048
v -33.793800 12.800061 22.635157
v -33.794507 12.800767 22.635194
v -33.814000 12.781301 22.634174
v -33.066000 12.781301 22.634174
v -33.085493 12.800767 22.635194
v -33.086200 12.800061 22.635157
v -33.065000 12.778890 22.634048
v -33.065000 12.857782 22.638182
v -33.066000 12.857782 22.638182
v -33.814000 12.857782 22.638182
v -33.814000 12.781301 22.634174
v -33.814000 12.786338 22.538056
v -33.814000 12.862819 22.542064
v -33.814000 12.781301 22.634174
v -33.794507 12.800767 22.635194
v -33.794507 12.805050 22.553477
v -33.814000 12.786338 22.538056
v -33.794507 12.800767 22.635194
v -33.793800 12.800061 22.635157
v -33.793800 12.804316 22.553963
v -33.794507 12.805050 22.553477
v -33.815000 12.783966 22.537191
v -33.793800 12.804316 22.553963
v -33.793800 12.800061 22.635157
v -33.815000 12.778890 22.634048
v -33.814000 12.862819 22.542064
v -33.814000 12.786338 22.538056
v -33.462329 12.791970 22.430601
v -33.462329 12.868451 22.434609
v -33.459413 12.810416 22.451087
v -33.462329 12.791970 22.430601
v -33.814000 12.786338 22.538056
v -33.794507 12.805050 22.553477
v -33.459307 12.809673 22.451757
v -33.459413 12.810416 22.451087
v -33.794507 12.805050 22.553477
v -33.793800 12.804316 22.553963
v -33.793800 12.804316 22.553963
v -33.815000 12.783966 22.537191
v -33.462478 12.789611 22.429476
v -33.459307 12.809673 22.451757
v -33.815000 12.783966 22.537191
v -33.815000 12.863857 22.541378
v -33.462478 12.869502 22.433663
v -33.462478 12.789611 22.429476
v -33.462329 12.868451 22.434609
v -33.462329 12.791970 22.430601
v -33.417671 12.791970 22.430601
v -33.417671 12.868451 22.434609
v -33.462329 12.791970 22.430601
v -33.459413 12.810416 22.451087
v -33.420587 12.810416 22.451087
v -33.417671 12.791970 22.430601
v -33.459413 12.810416 22.451087
v -33.459307 12.809673 22.451757
v -33.420693 12.809673 22.451757
v -33.420587 12.810416 22.451087
v -33.459307 12.809673 22.451757
v -33.462478 12.789611 22.429476
v -33.417522 12.789611 22.429476
v -33.420693 12.809673 22.451757
v -33.462478 12.789611 22.429476
v -33.462478 12.869502 22.433663
v -33.417522 12.869502 22.433663
v -33.417522 12.789611 22.429476
v -33.417671 12.868451 22.434609
v -33.417671 12.791970 22.430601
v -33.066000 12.786338 22.538056
v -33.066000 12.862819 22.542064
v -33.417671 12.791970 22.430601
v -33.420587 12.810416 22.451087
v -33.085493 12.805050 22.553477
v -33.066000 12.786338 22.538056
v -33.420587 12.810416 22.451087
v -33.420693 12.809673 22.451757
v -33.086200 12.804316 22.553963
v -33.085493 12.805050 22.553477
v -33.065000 12.783966 22.537191
v -33.086200 12.804316 22.553963
v -33.420693 12.809673 22.451757
v -33.417522 12.789611 22.429476
v -33.065000 12.863857 22.541378
v -33.065000 12.783966 22.537191
v -33.417522 12.789611 22.429476
v -33.417522 12.869502 22.433663
v -33.066000 12.781301 22.634174
v -33.066000 12.857782 22.638182
v -33.066000 12.862819 22.542064
v -33.066000 12.786338 22.538056
v -33.085493 12.800767 22.635194
v -33.066000 12.781301 22.634174
v -33.066000 12.786338 22.538056
v -33.085493 12.805050 22.553477
v -33.086200 12.800061 22.635157
v -33.085493 12.800767 22.635194
v -33.085493 12.805050 22.553477
v -33.086200 12.804316 22.553963
v -33.086200 12.804316 22.553963
v -33.065000 12.783966 22.537191
v -33.065000 12.778890 22.634048
v -33.086200 12.800061 22.635157
v -33.815000 12.818269 23.411244
v -33.815000 12.738378 23.407057
v -33.065000 12.738378 23.407057
v -33.065000 12.818269 23.411244
v -33.815000 12.738378 23.407057
v -33.815000 12.760659 23.386996
v -33.065000 12.760659 23.386996
v -33.065000 12.738378 23.407057
v -33.815000 12.760659 23.386996
v -33.815000 12.761328 23.387739
v -33.065000 12.761328 23.387739
v -33.065000 12.760659 23.386996
v -33.815000 12.761328 23.387739
v -33.815000 12.740842 23.406185
v -33.065000 12.740842 23.406185
v -33.065000 12.761328 23.387739
v -33.815000 12.740842 23.406185
v -33.815000 12.817322 23.410193
v -33.065000 12.817322 23.410193
v -33.065000 12.740842 23.406185
f 1765 1766 1761
f 1761 1762 1763
f 1763 1764 1765
f 1765 1761 1763
f 1775 1776 1767
f 1767 1768 1769
f 1769 1770 1771
f 1772 1773 1774
f 1774 1775 1767
f 1767 1769 1771
f 1772 1774 1767
f 1767 1771 1772
f 1785 1786 1777
f 1780 1781 1782
f 1785 1777 1778
f 1780 1782 1783
f 1784 1785 1778
f 1779 1780 1783
f 1784 1778 1779
f 1779 1783 1784
f 1795 1796 1787
f 1789 1790 1791
f 1794 1795 1787
f 1789 1791 1792
f 1793 1794 1787
f 1788 1789 1792
f 1793 1787 1788
f 1788 1792 1793
f 1802 1797 1798
f 1799 1800 1801
f 1802 1798 1799
f 1799 1801 1802
f 1807 1808 1803
f 1803 1804 1805
f 1806 1807 1803
f 1803 1805 1806
f 1809 1810 1812
f 1812 1810 1811
f 1813 1814 1816
f 1816 1814 1815
f 1817 1818 1820
f 1820 1818 1819
f 1821 1822 1824
f 1824 1822 1823
f 1825 1826 1828
f 1828 1826 1827
f 1829 1830 1832
f 1832 1830 1831
f 1833 1834 1836
f 1836 1834 1835
f 1837 1838 1840
f 1840 1838 1839
f 1841 1842 1844
f 1844 1842 1843
f 1845 1846 1848
f 1848 1846 1847
f 1849 1850 1852
f 1852 1850 1851
f 1853 1854 1856
f 1856 1854 1855
f 1857 1858 1860
f 1860 1858 1859
f 1861 1862 1864
f 1864 1862 1863
f 1865 1866 1868
f 1868 1866 1867
f 1869 1870 1872
f 1872 1870 1871
f 1873 1874 1876
f 1876 1874 1875
f 1877 1878 1880
f 1880 1878 1879
f 1881 1882 1884
f 1884 1882 1883
f 1885 1886 1888
f 1888 1886 1887
f 1889 1890 1892
f 1892 1890 1891
f 1893 1894 1896
f 1896 1894 1895
f 1897 1898 1900
f 1900 1898 1899
f 1901 1902 1904
f 1904 1902 1903
f 1905 1906 1908
f 1908 1906 1907
f 1909 1910 1912
f 1912 1910 1911
f 1913 1914 1916
f 1916 1914 1915
f 1917 1918 1920
f 1920 1918 1919
o item_958c4ea6_1130351
v -36.936337 12.869502 30.207522
v -36.936337 12.869502 30.252478
v -36.828622 12.863857 30.605000
v -35.958756 12.818269 30.605000
v -35.958756 12.818269 29.855000
v -36.828622 12.863857 29.855000
v -36.731818 12.857782 30.604000
v -36.827936 12.862819 30.604000
v -36.935391 12.868451 30.252329
v -36.935391 12.868451 30.207671
v -36.827936 12.862819 29.856000
v -36.731818 12.857782 29.856000
v -36.731818 12.857782 29.855000
v -35.959807 12.817322 29.855000
v -35.959807 12.817322 30.605000
v -36.731818 12.857782 30.605000
v -36.735952 12.778890 30.605000
v -36.731818 12.857782 30.605000
v -35.959807 12.817322 30.605000
v -35.963815 12.740842 30.605000
v -35.982261 12.761328 30.605000
v -35.983004 12.760659 30.605000
v -35.962943 12.738378 30.605000
v -35.958756 12.818269 30.605000
v -36.828622 12.863857 30.605000
v -36.832809 12.783966 30.605000
v -35.963815 12.740842 29.855000
v -35.959807 12.817322 29.855000
v -36.731818 12.857782 29.855000
v -36.735952 12.778890 29.855000
v -36.832809 12.783966 29.855000
v -36.828622 12.863857 29.855000
v -35.958756 12.818269 29.855000
v -35.962943 12.738378 29.855000
v -35.983004 12.760659 29.855000
v -35.982261 12.761328 29.855000
v -36.731818 12.857782 30.604000
v -36.731818 12.857782 30.605000
v -36.735952 12.778890 30.605000
v -36.734843 12.800061 30.583800
v -36.734806 12.800767 30.584507
v -36.735826 12.781301 30.604000
v -36.735826 12.781301 29.856000
v -36.734806 12.800767 29.875493
v -36.734843 12.800061 29.876200
v -36.735952 12.778890 29.855000
v -36.731818 12.857782 29.855000
v -36.731818 12.857782 29.856000
v -36.731818 12.857782 30.604000
v -36.735826 12.781301 30.604000
v -36.831944 12.786338 30.604000
v -36.827936 12.862819 30.604000
v -36.735826 12.781301 30.604000
v -36.734806 12.800767 30.584507
v -36.816523 12.805050 30.584507
v -36.831944 12.786338 30.604000
v -36.734806 12.800767 30.584507
v -36.734843 12.800061 30.583800
v -36.816037 12.804316 30.583800
v -36.816523 12.805050 30.584507
v -36.832809 12.783966 30.605000
v -36.816037 12.804316 30.583800
v -36.734843 12.800061 30.583800
v -36.735952 12.778890 30.605000
v -36.827936 12.862819 30.604000
v -36.831944 12.786338 30.604000
v -36.939399 12.791970 30.252329
v -36.935391 12.868451 30.252329
v -36.918913 12.810416 30.249413
v -36.939399 12.791970 30.252329
v -36.831944 12.786338 30.604000
v -36.816523 12.805050 30.584507
v -36.918243 12.809673 30.249307
v -36.918913 12.810416 30.249413
v -36.816523 12.805050 30.584507
v -36.816037 12.804316 30.583800
v -36.816037 12.804316 30.583800
v -36.832809 12.783966 30.605000
v -36.940524 12.789611 30.252478
v -36.918243 12.809673 30.249307
v -36.832809 12.783966 30.605000
v -36.828622 12.863857 30.605000
v -36.936337 12.869502 30.252478
v -36.940524 12.789611 30.252478
v -36.935391 12.868451 30.252329
v -36.939399 12.791970 30.252329
v -36.939399 12.791970 30.207671
v -36.935391 12.868451 30.207671
v -36.939399 12.791970 30.252329
v -36.918913 12.810416 30.249413
v -36.918913 12.810416 30.210587
v -36.939399 12.791970 30.207671
v -36.918913 12.810416 30.249413
v -36.918243 12.809673 30.249307
v -36.918243 12.809673 30.210693
v -36.918913 12.810416 30.210587
v -36.918243 12.809673 30.249307
v -36.940524 12.789611 30.252478
v -36.940524 12.789611 30.207522
v -36.918243 12.809673 30.210693
v -36.940524 12.789611 30.252478
v -36.936337 12.869502 30.252478
v -36.936337 12.869502 30.207522
v -36.940524 12.789611 30.207522
v -36.935391 12.868451 30.207671
v -36.939399 12.791970 30.207671
v -36.831944 12.786338 29.856000
v -36.827936 12.862819 29.856000
v -36.939399 12.791970 30.207671
v -36.918913 12.810416 30.210587
v -36.816523 12.805050 29.875493
v -36.831944 12.786338 29.856000
v -36.918913 12.810416 30.210587
v -36.918243 12.809673 30.210693
v -36.816037 12.804316 29.876200
v -36.816523 12.805050 29.875493
v -36.832809 12.783966 29.855000
v -36.816037 12.804316 29.876200
v -36.918243 12.809673 30.210693
v -36.940524 12.789611 30.207522
v -36.828622 12.863857 29.855000
v -36.832809 12.783966 29.855000
v -36.940524 12.789611 30.207522
v -36.936337 12.869502 30.207522
v -36.735826 12.781301 29.856000
v -36.731818 12.857782 29.856000
v -36.827936 12.862819 29.856000
v -36.831944 12.786338 29.856000
v -36.734806 12.800767 29.875493
v -36.735826 12.781301 29.856000
v -36.831944 12.786338 29.856000
v -36.816523 12.805050 29.875493
v -36.734843 12.800061 29.876200
v -36.734806 12.800767 29.875493
v -36.816523 12.805050 29.875493
v -36.816037 12.804316 29.876200
v -36.816037 12.804316 29.876200
v -36.832809 12.783966 29.855000
v -36.735952 12.778890 29.855000
v -36.734843 12.800061 29.876200
v -35.958756 12.818269 30.605000
v -35.962943 12.738378 30.605000
v -35.962943 12.738378 29.855000
v -35.958756 12.818269 29.855000
v -35.962943 12.738378 30.605000
v -35.983004 12.760659 30.605000
v -35.983004 12.760659 29.855000
v -35.962943 12.738378 29.855000
v -35.983004 12.760659 30.605000
v -35.982261 12.761328 30.605000
v -35.982261 12.761328 29.855000
v -35.983004 12.760659 29.855000
v -35.982261 12.761328 30.605000
v -35.963815 12.740842 30.605000
v -35.963815 12.740842 29.855000
v -35.982261 12.761328 29.855000
v -35.963815 12.740842 30.605000
v -35.959807 12.817322 30.605000
v -35.959807 12.817322 29.855000
v -35.963815 12.740842 29.855000
f 1925 1926 1921
f 1921 1922 1923
f 1923 1924 1925
f 1925 1921 1923
f 1935 1936 1927
f 1927 1928 1929
f 1929 1930 1931
f 1932 1933 1934
f 1934 1935 1927
f 1927 1929 1931
f 1932 1934 1927
f 1927 1931 1932
f 1945 1946 1937
f 1940 1941 1942
f 1945 1937 1938
f 1940 1942 1943
f 1944 1945 1938
f 1939 1940 1943
f 1944 1938 1939
f 1939 1943 1944
f 1955 1956 1947
f 1949 1950 1951
f 1954 1955 1947
f 1949 1951 1952
f 1953 1954 1947
f 1948 1949 1952
f 1953 1947 1948
f 1948 1952 1953
f 1962 1957 1958
f 1959 1960 1961
f 1962 1958 1959
f 1959 1961 1962
f 1967 1968 1963
f 1963 1964 1965
f 1966 1967 1963
f 1963 1965 1966
f 1969 1970 1972
f 1972 1970 1971
f 1973 1974 1976
f 1976 1974 1975
f 1977 1978 1980
f 1980 1978 1979
f 1981 1982 1984
f 1984 1982 1983
f 1985 1986 1988
f 1988 1986 1987
f 1989 1990 1992
f 1992 1990 1991
f 1993 1994 1996
f 1996 1994 1995
f 1997 1998 2000
f 2000 1998 1999
f 2001 2002 2004
f 2004 2002 2003
f 2005 2006 2008
f 2008 2006 2007
f 2009 2010 2012
f 2012 2010 2011
f 2013 2014 2016
f 2016 2014 2015
f 2017 2018 2020
f 2020 2018 2019
f 2021 2022 2024
f 2024 2022 2023
f 2025 2026 2028
f 2028 2026 2027
f 2029 2030 2032
f 2032 2030 2031
f 2033 2034 2036
f 2036 2034 2035
f 2037 2038 2040
f 2040 2038 2039
f 2041 2042 2044
f 2044 2042 2043
f 2045 2046 2048
f 2048 2046 2047
f 2049 2050 2052
f 2052 2050 2051
f 2053 2054 2056
f 2056 2054 2055
f 2057 2058 2060
f 2060 2058 2059
f 2061 2062 2064
f 2064 2062 2063
f 2065 2066 2068
f 2068 2066 2067
f 2069 2070 2072
f 2072 2070 2071
f 2073 2074 2076
f 2076 2074 2075
f 2077 2078 2080
f 2080 2078 2079
o item_958c4ea6_1130326
v -36.936337 12.869502 27.707522
v -36.936337 12.869502 27.752478
v -36.828622 12.863857 28.105000
v -35.958756 12.818269 28.105000
v -35.958756 12.818269 27.355000
v -36.828622 12.863857 27.355000
v -36.731818 12.857782 28.104000
v -36.827936 12.862819 28.104000
v -36.935391 12.868451 27.752329
v -36.935391 12.868451 27.707671
v -36.827936 12.862819 27.356000
v -36.731818 12.857782 27.356000
v -36.731818 12.857782 27.355000
v -35.959807 12.817322 27.355000
v -35.959807 12.817322 28.105000
v -36.731818 12.857782 28.105000
v -36.735952 12.778890 28.105000
v -36.731818 12.857782 28.105000
v -35.959807 12.817322 28.105000
v -35.963815 12.740842 28.105000
v -35.982261 12.761328 28.105000
v -35.983004 12.760659 28.105000
v -35.962943 12.738378 28.105000
v -35.958756 12.818269 28.105000
v -36.828622 12.863857 28.105000
v -36.832809 12.783966 28.105000
v -35.963815 12.740842 27.355000
v -35.959807 12.817322 27.355000
v -36.731818 12.857782 27.355000
v -36.735952 12.778890 27.355000
v -36.832809 12.783966 27.355000
v -36.828622 12.863857 27.355000
v -35.958756 12.818269 27.355000
v -35.962943 12.738378 27.355000
v -35.983004 12.760659 27.355000
v -35.982261 12.761328 27.355000
v -36.731818 12.857782 28.104000
v -36.731818 12.857782 28.105000
v -36.735952 12.778890 28.105000
v -36.734843 12.800061 28.083800
v -36.734806 12.800767 28.084507
v -36.735826 12.781301 28.104000
v -36.735826 12.781301 27.356000
v -36.734806 12.800767 27.375493
v -36.734843 12.800061 27.376200
v -36.735952 12.778890 27.355000
v -36.731818 12.857782 27.355000
v -36.731818 12.857782 27.356000
v -36.731818 12.857782 28.104000
v -36.735826 12.781301 28.104000
v -36.831944 12.786338 28.104000
v -36.827936 12.862819 28.104000
v -36.735826 12.781301 28.104000
v -36.734806 12.800767 28.084507
v -36.816523 12.805050 28.084507
v -36.831944 12.786338 28.104000
v -36.734806 12.800767 28.084507
v -36.734843 12.800061 28.083800
v -36.816037 12.804316 28.083800
v -36.816523 12.805050 28.084507
v -36.832809 12.783966 28.105000
v -36.816037 12.804316 28.083800
v -36.734843 12.800061 28.083800
v -36.735952 12.778890 28.105000
v -36.827936 12.862819 28.104000
v -36.831944 12.786338 28.104000
v -36.939399 12.791970 27.752329
v -36.935391 12.868451 27.752329
v -36.918913 12.810416 27.749413
v -36.939399 12.791970 27.752329
v -36.831944 12.786338 28.104000
v -36.816523 12.805050 28.084507
v -36.918243 12.809673 27.749307
v -36.918913 12.810416 27.749413
v -36.816523 12.805050 28.084507
v -36.816037 12.804316 28.083800
v -36.816037 12.804316 28.083800
v -36.832809 12.783966 28.105000
v -36.940524 12.789611 27.752478
v -36.918243 12.809673 27.749307
v -36.832809 12.783966 28.105000
v -36.828622 12.863857 28.105000
v -36.936337 12.869502 27.752478
v -36.940524 12.789611 27.752478
v -36.935391 12.868451 27.752329
v -36.939399 12.791970 27.752329
v -36.939399 12.791970 27.707671
v -36.935391 12.868451 27.707671
v -36.939399 12.791970 27.752329
v -36.918913 12.810416 27.749413
v -36.918913 12.810416 27.710587
v -36.939399 12.791970 27.707671
v -36.918913 12.810416 27.749413
v -36.918243 12.809673 27.749307
v -36.918243 12.809673 27.710693
v -36.918913 12.810416 27.710587
v -36.918243 12.809673 27.749307
v -36.940524 12.789611 27.752478
v -36.940524 12.789611 27.707522
v -36.918243 12.809673 27.710693
v -36.940524 12.789611 27.752478
v -36.936337 12.869502 27.752478
v -36.936337 12.869502 27.707522
v -36.940524 12.789611 27.707522
v -36.935391 12.868451 27.707671
v -36.939399 12.791970 27.707671
v -36.831944 12.786338 27.356000
v -36.827936 12.862819 27.356000
v -36.939399 12.791970 27.707671
v -36.918913 12.810416 27.710587
v -36.816523 12.805050 27.375493
v -36.831944 12.786338 27.356000
v -36.918913 12.810416 27.710587
v -36.918243 12.809673 27.710693
v -36.816037 12.804316 27.376200
v -36.816523 12.805050 27.375493
v -36.832809 12.783966 27.355000
v -36.816037 12.804316 27.376200
v -36.918243 12.809673 27.710693
v -36.940524 12.789611 27.707522
v -36.828622 12.863857 27.355000
v -36.832809 12.783966 27.355000
v -36.940524 12.789611 27.707522
v -36.936337 12.869502 27.707522
v -36.735826 12.781301 27.356000
v -36.731818 12.857782 27.356000
v -36.827936 12.862819 27.356000
v -36.831944 12.786338 27.356000
v -36.734806 12.800767 27.375493
v -36.735826 12.781301 27.356000
v -36.831944 12.786338 27.356000
v -36.816523 12.805050 27.375493
v -36.734843 12.800061 27.376200
v -36.734806 12.800767 27.375493
v -36.816523 12.805050 27.375493
v -36.816037 12.804316 27.376200
v -36.816037 12.804316 27.376200
v -36.832809 12.783966 27.355000
v -36.735952 12.778890 27.355000
v -36.734843 12.800061 27.376200
v -35.958756 12.818269 28.105000
v -35.962943 12.738378 28.105000
v -35.962943 12.738378 27.355000
v -35.958756 12.818269 27.355000
v -35.962943 12.738378 28.105000
v -35.983004 12.760659 28.105000
v -35.983004 12.760659 27.355000
v -35.962943 12.738378 27.355000
v -35.983004 12.760659 28.105000
v -35.982261 12.761328 28.105000
v -35.982261 12.761328 27.355000
v -35.983004 12.760659 27.355000
v -35.982261 12.761328 28.105000
v -35.963815 12.740842 28.105000
v -35.963815 12.740842 27.355000
v -35.982261 12.761328 27.355000
v -35.963815 12.740842 28.105000
v -35.959807 12.817322 28.105000
v -35.959807 12.817322 27.355000
v -35.963815 12.740842 27.355000
f 2085 2086 2081
f 2081 2082 2083
f 2083 2084 2085
f 2085 2081 2083
f 2095 2096 2087
f 2087 2088 2089
f 2089 2090 2091
f 2092 2093 2094
f 2094 2095 2087
f 2087 2089 2091
f 2092 2094 2087
f 2087 2091 2092
f 2105 2106 2097
f 2100 2101 2102
f 2105 2097 2098
f 2100 2102 2103
f 2104 2105 2098
f 2099 2100 2103
f 2104 2098 2099
f 2099 2103 2104
f 2115 2116 2107
f 2109 2110 2111
f 2114 2115 2107
f 2109 2111 2112
f 2113 2114 2107
f 2108 2109 2112
f 2113 2107 2108
f 2108 2112 2113
f 2122 2117 2118
f 2119 2120 2121
f 2122 2118 2119
f 2119 2121 2122
f 2127 2128 2123
f 2123 2124 2125
f 2126 2127 2123
f 2123 2125 2126
f 2129 2130 2132
f 2132 2130 2131
f 2133 2134 2136
f 2136 2134 2135
f 2137 2138 2140
f 2140 2138 2139
f 2141 2142 2144
f 2144 2142 2143
f 2145 2146 2148
f 2148 2146 2147
f 2149 2150 2152
f 2152 2150 2151
f 2153 2154 2156
f 2156 2154 2155
f 2157 2158 2160
f 2160 2158 2159
f 2161 2162 2164
f 2164 2162 2163
f 2165 2166 2168
f 2168 2166 2167
f 2169 2170 2172
f 2172 2170 2171
f 2173 2174 2176
f 2176 2174 2175
f 2177 2178 2180
f 2180 2178 2179
f 2181 2182 2184
f 2184 2182 2183
f 2185 2186 2188
f 2188 2186 2187
f 2189 2190 2192
f 2192 2190 2191
f 2193 2194 2196
f 2196 2194 2195
f 2197 2198 2200
f 2200 2198 2199
f 2201 2202 2204
f 2204 2202 2203
f 2205 2206 2208
f 2208 2206 2207
f 2209 2210 2212
f 2212 2210 2211
f 2213 2214 2216
f 2216 2214 2215
f 2217 2218 2220
f 2220 2218 2219
f 2221 2222 2224
f 2224 2222 2223
f 2225 2226 2228
f 2228 2226 2227
f 2229 2230 2232
f 2232 2230 2231
f 2233 2234 2236
f 2236 2234 2235
f 2237 2238 2240
f 2240 2238 2239
o item_958c4ea6_1130251
v -36.936337 12.869502 25.207522
v -36.936337 12.869502 25.252478
v -36.828622 12.863857 25.605000
v -35.958756 12.818269 25.605000
v -35.958756 12.818269 24.855000
v -36.828622 12.863857 24.855000
v -36.731818 12.857782 25.604000
v -36.827936 12.862819 25.604000
v -36.935391 12.868451 25.252329
v -36.935391 12.868451 25.207671
v -36.827936 12.862819 24.856000
v -36.731818 12.857782 24.856000
v -36.731818 12.857782 24.855000
v -35.959807 12.817322 24.855000
v -35.959807 12.817322 25.605000
v -36.731818 12.857782 25.605000
v -36.735952 12.778890 25.605000
v -36.731818 12.857782 25.605000
v -35.959807 12.817322 25.605000
v -35.963815 12.740842 25.605000
v -35.982261 12.761328 25.605000
v -35.983004 12.760659 25.605000
v -35.962943 12.738378 25.605000
v -35.958756 12.818269 25.605000
v -36.828622 12.863857 25.605000
v -36.832809 12.783966 25.605000
v -35.963815 12.740842 24.855000
v -35.959807 12.817322 24.855000
v -36.731818 12.857782 24.855000
v -36.735952 12.778890 24.855000
v -36.832809 12.783966 24.855000
v -36.828622 12.863857 24.855000
v -35.958756 12.818269 24.855000
v -35.962943 12.738378 24.855000
v -35.983004 12.760659 24.855000
v -35.982261 12.761328 24.855000
v -36.731818 12.857782 25.604000
v -36.731818 12.857782 25.605000
v -36.735952 12.778890 25.605000
v -36.734843 12.800061 25.583800
v -36.734806 12.800767 25.584507
v -36.735826 12.781301 25.604000
v -36.735826 12.781301 24.856000
v -36.734806 12.800767 24.875493
v -36.734843 12.800061 24.876200
v -36.735952 12.778890 24.855000
v -36.731818 12.857782 24.855000
v -36.731818 12.857782 24.856000
v -36.731818 12.857782 25.604000
v -36.735826 12.781301 25.604000
v -36.831944 12.786338 25.604000
v -36.827936 12.862819 25.604000
v -36.735826 12.781301 25.604000
v -36.734806 12.800767 25.584507
v -36.816523 12.805050 25.584507
v -36.831944 12.786338 25.604000
v -36.734806 12.800767 25.584507
v -36.734843 12.800061 25.583800
v -36.816037 12.804316 25.583800
v -36.816523 12.805050 25.584507
v -36.832809 12.783966 25.605000
v -36.816037 12.804316 25.583800
v -36.734843 12.800061 25.583800
v -36.735952 12.778890 25.605000
v -36.827936 12.862819 25.604000
v -36.831944 12.786338 25.604000
v -36.939399 12.791970 25.252329
v -36.935391 12.868451 25.252329
v -36.918913 12.810416 25.249413
v -36.939399 12.791970 25.252329
v -36.831944 12.786338 25.604000
v -36.816523 12.805050 25.584507
v -36.918243 12.809673 25.249307
v -36.918913 12.810416 25.249413
v -36.816523 12.805050 25.584507
v -36.816037 12.804316 25.583800
v -36.816037 12.804316 25.583800
v -36.832809 12.783966 25.605000
v -36.940524 12.789611 25.252478
v -36.918243 12.809673 25.249307
v -36.832809 12.783966 25.605000
v -36.828622 12.863857 25.605000
v -36.936337 12.869502 25.252478
v -36.940524 12.789611 25.252478
v -36.935391 12.868451 25.252329
v -36.939399 12.791970 25.252329
v -36.939399 12.791970 25.207671
v -36.935391 12.868451 25.207671
v -36.939399 12.791970 25.252329
v -36.918913 12.810416 25.249413
v -36.918913 12.810416 25.210587
v -36.939399 12.791970 25.207671
v -36.918913 12.810416 25.249413
v -36.918243 12.809673 25.249307
v -36.918243 12.809673 25.210693
v -36.918913 12.810416 25.210587
v -36.918243 12.809673 25.249307
v -36.940524 12.789611 25.252478
v -36.940524 12.789611 25.207522
v -36.918243 12.809673 25.210693
v -36.940524 12.789611 25.252478
v -36.936337 12.869502 25.252478
v -36.936337 12.869502 25.207522
v -36.940524 12.789611 25.207522
v -36.935391 12.868451 25.207671
v -36.939399 12.791970 25.207671
v -36.831944 12.786338 24.856000
v -36.827936 12.862819 24.856000
v -36.939399 12.791970 25.207671
v -36.918913 12.810416 25.210587
v -36.816523 12.805050 24.875493
v -36.831944 12.786338 24.856000
v -36.918913 12.810416 25.210587
v -36.918243 12.809673 25.210693
v -36.816037 12.804316 24.876200
v -36.816523 12.805050 24.875493
v -36.832809 12.783966 24.855000
v -36.816037 12.804316 24.876200
v -36.918243 12.809673 25.210693
v -36.940524 12.789611 25.207522
v -36.828622 12.863857 24.855000
v -36.832809 12.783966 24.855000
v -36.940524 12.789611 25.207522
v -36.936337 12.869502 25.207522
v -36.735826 12.781301 24.856000
v -36.731818 12.857782 24.856000
v -36.827936 12.862819 24.856000
v -36.831944 12.786338 24.856000
v -36.734806 12.800767 24.875493
v -36.735826 12.781301 24.856000
v -36.831944 12.786338 24.856000
v -36.816523 12.805050 24.875493
v -36.734843 12.800061 24.876200
v -36.734806 12.800767 24.875493
v -36.816523 12.805050 24.875493
v -36.816037 12.804316 24.876200
v -36.816037 12.804316 24.876200
v -36.832809 12.783966 24.855000
v -36.735952 12.778890 24.855000
v -36.734843 12.800061 24.876200
v -35.958756 12.818269 25.605000
v -35.962943 12.738378 25.605000
v -35.962943 12.738378 24.855000
v -35.958756 12.818269 24.855000
v -35.962943 12.738378 25.605000
v -35.983004 12.760659 25.605000
v -35.983004 12.760659 24.855000
v -35.962943 12.738378 24.855000
v -35.983004 12.760659 25.605000
v -35.982261 12.761328 25.605000
v -35.982261 12.761328 24.855000
v -35.983004 12.760659 24.855000
v -35.982261 12.761328 25.605000
v -35.963815 12.740842 25.605000
v -35.963815 12.740842 24.855000
v -35.982261 12.761328 24.855000
v -35.963815 12.740842 25.605000
v -35.959807 12.817322 25.605000
v -35.959807 12.817322 24.855000
v -35.963815 12.740842 24.855000
f 2245 2246 2241
f 2241 2242 2243
f 2243 2244 2245
f 2245 2241 2243
f 2255 2256 2247
f 2247 2248 2249
f 2249 2250 2251
f 2252 2253 2254
f 2254 2255 2247
f 2247 2249 2251
f 2252 2254 2247
f 2247 2251 2252
f 2265 2266 2257
f 2260 2261 2262
f 2265 2257 2258
f 2260 2262 2263
f 2264 2265 2258
f 2259 2260 2263
f 2264 2258 2259
f 2259 2263 2264
f 2275 2276 2267
f 2269 2270 2271
f 2274 2275 2267
f 2269 2271 2272
f 2273 2274 2267
f 2268 2269 2272
f 2273 2267 2268
f 2268 2272 2273
f 2282 2277 2278
f 2279 2280 2281
f 2282 2278 2279
f 2279 2281 2282
f 2287 2288 2283
f 2283 2284 2285
f 2286 2287 2283
f 2283 2285 2286
f 2289 2290 2292
f 2292 2290 2291
f 2293 2294 2296
f 2296 2294 2295
f 2297 2298 2300
f 2300 2298 2299
f 2301 2302 2304
f 2304 2302 2303
f 2305 2306 2308
f 2308 2306 2307
f 2309 2310 2312
f 2312 2310 2311
f 2313 2314 2316
f 2316 2314 2315
f 2317 2318 2320
f 2320 2318 2319
f 2321 2322 2324
f 2324 2322 2323
f 2325 2326 2328
f 2328 2326 2327
f 2329 2330 2332
f 2332 2330 2331
f 2333 2334 2336
f 2336 2334 2335
f 2337 2338 2340
f 2340 2338 2339
f 2341 2342 2344
f 2344 2342 2343
f 2345 2346 2348
f 2348 2346 2347
f 2349 2350 2352
f 2352 2350 2351
f 2353 2354 2356
f 2356 2354 2355
f 2357 2358 2360
f 2360 2358 2359
f 2361 2362 2364
f 2364 2362 2363
f 2365 2366 2368
f 2368 2366 2367
f 2369 2370 2372
f 2372 2370 2371
f 2373 2374 2376
f 2376 2374 2375
f 2377 2378 2380
f 2380 2378 2379
f 2381 2382 2384
f 2384 2382 2383
f 2385 2386 2388
f 2388 2386 2387
f 2389 2390 2392
f 2392 2390 2391
f 2393 2394 2396
f 2396 2394 2395
f 2397 2398 2400
f 2400 2398 2399
o item_958c4ea6_1131448
v 4.556347 12.869502 -8.197522
v 4.556347 12.869502 -8.242478
v 4.448632 12.863857 -8.595000
v 3.578766 12.818269 -8.595000
v 3.578766 12.818269 -7.845000
v 4.448632 12.863857 -7.845000
v 4.351828 12.857782 -8.594000
v 4.447946 12.862819 -8.594000
v 4.555401 12.868451 -8.242329
v 4.555401 12.868451 -8.197671
v 4.447946 12.862819 -7.846000
v 4.351828 12.857782 -7.846000
v 4.351828 12.857782 -7.845000
v 3.579817 12.817322 -7.845000
v 3.579817 12.817322 -8.595000
v 4.351828 12.857782 -8.595000
v 4.355962 12.778890 -8.595000
v 4.351828 12.857782 -8.595000
v 3.579817 12.817322 -8.595000
v 3.583825 12.740842 -8.595000
v 3.602271 12.761328 -8.595000
v 3.603014 12.760659 -8.595000
v 3.582953 12.738378 -8.595000
v 3.578766 12.818269 -8.595000
v 4.448632 12.863857 -8.595000
v 4.452819 12.783966 -8.595000
v 3.583825 12.740842 -7.845000
v 3.579817 12.817322 -7.845000
v 4.351828 12.857782 -7.845000
v 4.355962 12.778890 -7.845000
v 4.452819 12.783966 -7.845000
v 4.448632 12.863857 -7.845000
v 3.578766 12.818269 -7.845000
v 3.582953 12.738378 -7.845000
v 3.603014 12.760659 -7.845000
v 3.602271 12.761328 -7.845000
v 4.351828 12.857782 -8.594000
v 4.351828 12.857782 -8.595000
v 4.355962 12.778890 -8.595000
v 4.354853 12.800061 -8.573800
v 4.354816 12.800767 -8.574507
v 4.355836 12.781301 -8.594000
v 4.355836 12.781301 -7.846000
v 4.354816 12.800767 -7.865493
v 4.354853 12.800061 -7.866200
v 4.355962 12.778890 -7.845000
v 4.351828 12.857782 -7.845000
v 4.351828 12.857782 -7.846000
v 4.351828 12.857782 -8.594000
v 4.355836 12.781301 -8.594000
v 4.451954 12.786338 -8.594000
v 4.447946 12.862819 -8.594000
v 4.355836 12.781301 -8.594000
v 4.354816 12.800767 -8.574507
v 4.436533 12.805050 -8.574507
v 4.451954 12.786338 -8.594000
v 4.354816 12.800767 -8.574507
v 4.354853 12.800061 -8.573800
v 4.436047 12.804316 -8.573800
v 4.436533 12.805050 -8.574507
v 4.452819 12.783966 -8.595000
v 4.436047 12.804316 -8.573800
v 4.354853 12.800061 -8.573800
v 4.355962 12.778890 -8.595000
v 4.447946 12.862819 -8.594000
v 4.451954 12.786338 -8.594000
v 4.559409 12.791970 -8.242329
v 4.555401 12.868451 -8.242329
v 4.538923 12.810416 -8.239413
v 4.559409 12.791970 -8.242329
v 4.451954 12.786338 -8.594000
v 4.436533 12.805050 -8.574507
v 4.538253 12.809673 -8.239307
v 4.538923 12.810416 -8.239413
v 4.436533 12.805050 -8.574507
v 4.436047 12.804316 -8.573800
v 4.436047 12.804316 -8.573800
v 4.452819 12.783966 -8.595000
v 4.560534 12.789611 -8.242478
v 4.538253 12.809673 -8.239307
v 4.452819 12.783966 -8.595000
v 4.448632 12.863857 -8.595000
v 4.556347 12.869502 -8.242478
v 4.560534 12.789611 -8.242478
v 4.555401 12.868451 -8.242329
v 4.559409 12.791970 -8.242329
v 4.559409 12.791970 -8.197671
v 4.555401 12.868451 -8.197671
v 4.559409 12.791970 -8.242329
v 4.538923 12.810416 -8.239413
v 4.538923 12.810416 -8.200587
v 4.559409 12.791970 -8.197671
v 4.538923 12.810416 -8.239413
v 4.538253 12.809673 -8.239307
v 4.538253 12.809673 -8.200693
v 4.538923 12.810416 -8.200587
v 4.538253 12.809673 -8.239307
v 4.560534 12.789611 -8.242478
v 4.560534 12.789611 -8.197522
v 4.538253 12.809673 -8.200693
v 4.560534 12.789611 -8.242478
v 4.556347 12.869502 -8.242478
v 4.556347 12.869502 -8.197522
v 4.560534 12.789611 -8.197522
v 4.555401 12.868451 -8.197671
v 4.559409 12.791970 -8.197671
v 4.451954 12.786338 -7.846000
v 4.447946 12.862819 -7.846000
v 4.559409 12.791970 -8.197671
v 4.538923 12.810416 -8.200587
v 4.436533 12.805050 -7.865493
v 4.451954 12.786338 -7.846000
v 4.538923 12.810416 -8.200587
v 4.538253 12.809673 -8.200693
v 4.436047 12.804316 -7.866200
v 4.436533 12.805050 -7.865493
v 4.452819 12.783966 -7.845000
v 4.436047 12.804316 -7.866200
v 4.538253 12.809673 -8.200693
v 4.560534 12.789611 -8.197522
v 4.448632 12.863857 -7.845000
v 4.452819 12.783966 -7.845000
v 4.560534 12.789611 -8.197522
v 4.556347 12.869502 -8.197522
v 4.355836 12.781301 -7.846000
v 4.351828 12.857782 -7.846000
v 4.447946 12.862819 -7.846000
v 4.451954 12.786338 -7.846000
v 4.354816 12.800767 -7.865493
v 4.355836 12.781301 -7.846000
v 4.451954 12.786338 -7.846000
v 4.436533 12.805050 -7.865493
v 4.354853 12.800061 -7.866200
v 4.354816 12.800767 -7.865493
v 4.436533 12.805050 -7.865493
v 4.436047 12.804316 -7.866200
v 4.436047 12.804316 -7.866200
v 4.452819 12.783966 -7.845000
v 4.355962 12.778890 -7.845000
v 4.354853 12.800061 -7.866200
v 3.578766 12.818269 -8.595000
v 3.582953 12.738378 -8.595000
v 3.582953 12.738378 -7.845000
v 3.578766 12.818269 -7.845000
v 3.582953 12.738378 -8.595000
v 3.603014 12.760659 -8.595000
v 3.603014 12.760659 -7.845000
v 3.582953 12.738378 -7.845000
v 3.603014 12.760659 -8.595000
v 3.602271 12.761328 -8.595000
v 3.602271 12.761328 -7.845000
v 3.603014 12.760659 -7.845000
v 3.602271 12.761328 -8.595000
v 3.583825 12.740842 -8.595000
v 3.583825 12.740842 -7.845000
v 3.602271 12.761328 -7.845000
v 3.583825 12.740842 -8.595000
v 3.579817 12.817322 -8.595000
v 3.579817 12.817322 -7.845000
v 3.583825 12.740842 -7.845000
f 2405 2406 2401
f 2401 2402 2403
f 2403 2404 2405
f 2405 2401 2403
f 2415 2416 2407
f 2407 2408 2409
f 2409 2410 2411
f 2412 2413 2414
f 2414 2415 2407
f 2407 2409 2411
f 2412 2414 2407
f 2407 2411 2412
f 2425 2426 2417
f 2420 2421 2422
f 2425 2417 2418
f 2420 2422 2423
f 2424 2425 2418
f 2419 2420 2423
f 2424 2418 2419
f 2419 2423 2424
f 2435 2436 2427
f 2429 2430 2431
f 2434 2435 2427
f 2429 2431 2432
f 2433 2434 2427
f 2428 2429 2432
f 2433 2427 2428
f 2428 2432 2433
f 2442 2437 2438
f 2439 2440 2441
f 2442 2438 2439
f 2439 2441 2442
f 2447 2448 2443
f 2443 2444 2445
f 2446 2447 2443
f 2443 2445 2446
f 2449 2450 2452
f 2452 2450 2451
f 2453 2454 2456
f 2456 2454 2455
f 2457 2458 2460
f 2460 2458 2459
f 2461 2462 2464
f 2464 2462 2463
f 2465 2466 2468
f 2468 2466 2467
f 2469 2470 2472
f 2472 2470 2471
f 2473 2474 2476
f 2476 2474 2475
f 2477 2478 2480
f 2480 2478 2479
f 2481 2482 2484
f 2484 2482 2483
f 2485 2486 2488
f 2488 2486 2487
f 2489 2490 2492
f 2492 2490 2491
f 2493 2494 2496
f 2496 2494 2495
f 2497 2498 2500
f 2500 2498 2499
f 2501 2502 2504
f 2504 2502 2503
f 2505 2506 2508
f 2508 2506 2507
f 2509 2510 2512
f 2512 2510 2511
f 2513 2514 2516
f 2516 2514 2515
f 2517 2518 2520
f 2520 2518 2519
f 2521 2522 2524
f 2524 2522 2523
f 2525 2526 2528
f 2528 2526 2527
f 2529 2530 2532
f 2532 2530 2531
f 2533 2534 2536
f 2536 2534 2535
f 2537 2538 2540
f 2540 2538 2539
f 2541 2542 2544
f 2544 2542 2543
f 2545 2546 2548
f 2548 2546 2547
f 2549 2550 2552
f 2552 2550 2551
f 2553 2554 2556
f 2556 2554 2555
f 2557 2558 2560
f 2560 2558 2559
o item_958c4ea6_1131423
v 4.556347 12.869502 -10.697522
v 4.556347 12.869502 -10.742478
v 4.448632 12.863857 -11.095000
v 3.578766 12.818269 -11.095000
v 3.578766 12.818269 -10.345000
v 4.448632 12.863857 -10.345000
v 4.351828 12.857782 -11.094000
v 4.447946 12.862819 -11.094000
v 4.555401 12.868451 -10.742329
v 4.555401 12.868451 -10.697671
v 4.447946 12.862819 -10.346000
v 4.351828 12.857782 -10.346000
v 4.351828 12.857782 -10.345000
v 3.579817 12.817322 -10.345000
v 3.579817 12.817322 -11.095000
v 4.351828 12.857782 -11.095000
v 4.355962 12.778890 -11.095000
v 4.351828 12.857782 -11.095000
v 3.579817 12.817322 -11.095000
v 3.583825 12.740842 -11.095000
v 3.602271 12.761328 -11.095000
v 3.603014 12.760659 -11.095000
v 3.582953 12.738378 -11.095000
v 3.578766 12.818269 -11.095000
v 4.448632 12.863857 -11.095000
v 4.452819 12.783966 -11.095000
v 3.583825 12.740842 -10.345000
v 3.579817 12.817322 -10.345000
v 4.351828 12.857782 -10.345000
v 4.355962 12.778890 -10.345000
v 4.452819 12.783966 -10.345000
v 4.448632 12.863857 -10.345000
v 3.578766 12.818269 -10.345000
v 3.582953 12.738378 -10.345000
v 3.603014 12.760659 -10.345000
v 3.602271 12.761328 -10.345000
v 4.351828 12.857782 -11.094000
v 4.351828 12.857782 -11.095000
v 4.355962 12.778890 -11.095000
v 4.354853 12.800061 -11.073800
v 4.354816 12.800767 -11.074507
v 4.355836 12.781301 -11.094000
v 4.355836 12.781301 -10.346000
v 4.354816 12.800767 -10.365493
v 4.354853 12.800061 -10.366200
v 4.355962 12.778890 -10.345000
v 4.351828 12.857782 -10.345000
v 4.351828 12.857782 -10.346000
v 4.351828 12.857782 -11.094000
v 4.355836 12.781301 -11.094000
v 4.451954 12.786338 -11.094000
v 4.447946 12.862819 -11.094000
v 4.355836 12.781301 -11.094000
v 4.354816 12.800767 -11.074507
v 4.436533 12.805050 -11.074507
v 4.451954 12.786338 -11.094000
v 4.354816 12.800767 -11.074507
v 4.354853 12.800061 -11.073800
v 4.436047 12.804316 -11.073800
v 4.436533 12.805050 -11.074507
v 4.452819 12.783966 -11.095000
v 4.436047 12.804316 -11.073800
v 4.354853 12.800061 -11.073800
v 4.355962 12.778890 -11.095000
v 4.447946 12.862819 -11.094000
v 4.451954 12.786338 -11.094000
v 4.559409 12.791970 -10.742329
v 4.555401 12.868451 -10.742329
v 4.538923 12.810416 -10.739413
v 4.559409 12.791970 -10.742329
v 4.451954 12.786338 -11.094000
v 4.436533 12.805050 -11.074507
v 4.538253 12.809673 -10.739307
v 4.538923 12.810416 -10.739413
v 4.436533 12.805050 -11.074507
v 4.436047 12.804316 -11.073800
v 4.436047 12.804316 -11.073800
v 4.452819 12.783966 -11.095000
v 4.560534 12.789611 -10.742478
v 4.538253 12.809673 -10.739307
v 4.452819 12.783966 -11.095000
v 4.448632 12.863857 -11.095000
v 4.556347 12.869502 -10.742478
v 4.560534 12.789611 -10.742478
v 4.555401 12.868451 -10.742329
v 4.559409 12.791970 -10.742329
v 4.559409 12.791970 -10.697671
v 4.555401 12.868451 -10.697671
v 4.559409 12.791970 -10.742329
v 4.538923 12.810416 -10.739413
v 4.538923 12.810416 -10.700587
v 4.559409 12.791970 -10.697671
v 4.538923 12.810416 -10.739413
v 4.538253 12.809673 -10.739307
v 4.538253 12.809673 -10.700693
v 4.538923 12.810416 -10.700587
v 4.538253 12.809673 -10.739307
v 4.560534 12.789611 -10.742478
v 4.560534 12.789611 -10.697522
v 4.538253 12.809673 -10.700693
v 4.560534 12.789611 -10.742478
v 4.556347 12.869502 -10.742478
v 4.556347 12.869502 -10.697522
v 4.560534 12.789611 -10.697522
v 4.555401 12.868451 -10.697671
v 4.559409 12.791970 -10.697671
v 4.451954 12.786338 -10.346000
v 4.447946 12.862819 -10.346000
v 4.559409 12.791970 -10.697671
v 4.538923 12.810416 -10.700587
v 4.436533 12.805050 -10.365493
v 4.451954 12.786338 -10.346000
v 4.538923 12.810416 -10.700587
v 4.538253 12.809673 -10.700693
v 4.436047 12.804316 -10.366200
v 4.436533 12.805050 -10.365493
v 4.452819 12.783966 -10.345000
v 4.436047 12.804316 -10.366200
v 4.538253 12.809673 -10.700693
v 4.560534 12.789611 -10.697522
v 4.448632 12.863857 -10.345000
v 4.452819 12.783966 -10.345000
v 4.560534 12.789611 -10.697522
v 4.556347 12.869502 -10.697522
v 4.355836 12.781301 -10.346000
v 4.351828 12.857782 -10.346000
v 4.447946 12.862819 -10.346000
v 4.451954 12.786338 -10.346000
v 4.354816 12.800767 -10.365493
v 4.355836 12.781301 -10.346000
v 4.451954 12.786338 -10.346000
v 4.436533 12.805050 -10.365493
v 4.354853 12.800061 -10.366200
v 4.354816 12.800767 -10.365493
v 4.436533 12.805050 -10.365493
v 4.436047 12.804316 -10.366200
v 4.436047 12.804316 -10.366200
v 4.452819 12.783966 -10.345000
v 4.355962 12.778890 -10.345000
v 4.354853 12.800061 -10.366200
v 3.578766 12.818269 -11.095000
v 3.582953 12.738378 -11.095000
v 3.582953 12.738378 -10.345000
v 3.578766 12.818269 -10.345000
v 3.582953 12.738378 -11.095000
v 3.603014 12.760659 -11.095000
v 3.603014 12.760659 -10.345000
v 3.582953 12.738378 -10.345000
v 3.603014 12.760659 -11.095000
v 3.602271 12.761328 -11.095000
v 3.602271 12.761328 -10.345000
v 3.603014 12.760659 -10.345000
v 3.602271 12.761328 -11.095000
v 3.583825 12.740842 -11.095000
v 3.583825 12.740842 -10.345000
v 3.602271 12.761328 -10.345000
v 3.583825 12.740842 -11.095000
v 3.579817 12.817322 -11.095000
v 3.579817 12.817322 -10.345000
v 3.583825 12.740842 -10.345000
f 2565 2566 2561
f 2561 2562 2563
f 2563 2564 2565
f 2565 2561 2563
f 2575 2576 2567
f 2567 2568 2569
f 2569 2570 2571
f 2572 2573 2574
f 2574 2575 2567
f 2567 2569 2571
f 2572 2574 2567
f 2567 2571 2572
f 2585 2586 2577
f 2580 2581 2582
f 2585 2577 2578
f 2580 2582 2583
f 2584 2585 2578
f 2579 2580 2583
f 2584 2578 2579
f 2579 2583 2584
f 2595 2596 2587
f 2589 2590 2591
f 2594 2595 2587
f 2589 2591 2592
f 2593 2594 2587
f 2588 2589 2592
f 2593 2587 2588
f 2588 2592 2593
f 2602 2597 2598
f 2599 2600 2601
f 2602 2598 2599
f 2599 2601 2602
f 2607 2608 2603
f 2603 2604 2605
f 2606 2607 2603
f 2603 2605 2606
f 2609 2610 2612
f 2612 2610 2611
f 2613 2614 2616
f 2616 2614 2615
f 2617 2618 2620
f 2620 2618 2619
f 2621 2622 2624
f 2624 2622 2623
f 2625 2626 2628
f 2628 2626 2627
f 2629 2630 2632
f 2632 2630 2631
f 2633 2634 2636
f 2636 2634 2635
f 2637 2638 2640
f 2640 2638 2639
f 2641 2642 2644
f 2644 2642 2643
f 2645 2646 2648
f 2648 2646 2647
f 2649 2650 2652
f 2652 2650 2651
f 2653 2654 2656
f 2656 2654 2655
f 2657 2658 2660
f 2660 2658 2659
f 2661 2662 2664
f 2664 2662 2663
f 2665 2666 2668
f 2668 2666 2667
f 2669 2670 2672
f 2672 2670 2671
f 2673 2674 2676
f 2676 2674 2675
f 2677 2678 2680
f 2680 2678 2679
f 2681 2682 2684
f 2684 2682 2683
f 2685 2686 2688
f 2688 2686 2687
f 2689 2690 2692
f 2692 2690 2691
f 2693 2694 2696
f 2696 2694 2695
f 2697 2698 2700
f 2700 2698 2699
f 2701 2702 2704
f 2704 2702 2703
f 2705 2706 2708
f 2708 2706 2707
f 2709 2710 2712
f 2712 2710 2711
f 2713 2714 2716
f 2716 2714 2715
f 2717 2718 2720
f 2720 2718 2719
o item_958c4ea6_1131398
v 4.556347 12.869502 -13.397522
v 4.556347 12.869502 -13.442478
v 4.448632 12.863857 -13.795000
v 3.578766 12.818269 -13.795000
v 3.578766 12.818269 -13.045000
v 4.448632 12.863857 -13.045000
v 4.351828 12.857782 -13.794000
v 4.447946 12.862819 -13.794000
v 4.555401 12.868451 -13.442329
v 4.555401 12.868451 -13.397671
v 4.447946 12.862819 -13.046000
v 4.351828 12.857782 -13.046000
v 4.351828 12.857782 -13.045000
v 3.579817 12.817322 -13.045000
v 3.579817 12.817322 -13.795000
v 4.351828 12.857782 -13.795000
v 4.355962 12.778890 -13.795000
v 4.351828 12.857782 -13.795000
v 3.579817 12.817322 -13.795000
v 3.583825 12.740842 -13.795000
v 3.602271 12.761328 -13.795000
v 3.603014 12.760659 -13.795000
v 3.582953 12.738378 -13.795000
v 3.578766 12.818269 -13.795000
v 4.448632 12.863857 -13.795000
v 4.452819 12.783966 -13.795000
v 3.583825 12.740842 -13.045000
v 3.579817 12.817322 -13.045000
v 4.351828 12.857782 -13.045000
v 4.355962 12.778890 -13.045000
v 4.452819 12.783966 -13.045000
v 4.448632 12.863857 -13.045000
v 3.578766 12.818269 -13.045000
v 3.582953 12.738378 -13.045000
v 3.603014 12.760659 -13.045000
v 3.602271 12.761328 -13.045000
v 4.351828 12.857782 -13.794000
v 4.351828 12.857782 -13.795000
v 4.355962 12.778890 -13.795000
v 4.354853 12.800061 -13.773800
v 4.354816 12.800767 -13.774507
v 4.355836 12.781301 -13.794000
v 4.355836 12.781301 -13.046000
v 4.354816 12.800767 -13.065493
v 4.354853 12.800061 -13.066200
v 4.355962 12.778890 -13.045000
v 4.351828 12.857782 -13.045000
v 4.351828 12.857782 -13.046000
v 4.351828 12.857782 -13.794000
v 4.355836 12.781301 -13.794000
v 4.451954 12.786338 -13.794000
v 4.447946 12.862819 -13.794000
v 4.355836 12.781301 -13.794000
v 4.354816 12.800767 -13.774507
v 4.436533 12.805050 -13.774507
v 4.451954 12.786338 -13.794000
v 4.354816 12.800767 -13.774507
v 4.354853 12.800061 -13.773800
v 4.436047 12.804316 -13.773800
v 4.436533 12.805050 -13.774507
v 4.452819 12.783966 -13.795000
v 4.436047 12.804316 -13.773800
v 4.354853 12.800061 -13.773800
v 4.355962 12.778890 -13.795000
v 4.447946 12.862819 -13.794000
v 4.451954 12.786338 -13.794000
v 4.559409 12.791970 -13.442329
v 4.555401 12.868451 -13.442329
v 4.538923 12.810416 -13.439413
v 4.559409 12.791970 -13.442329
v 4.451954 12.786338 -13.794000
v 4.436533 12.805050 -13.774507
v 4.538253 12.809673 -13.439307
v 4.538923 12.810416 -13.439413
v 4.436533 12.805050 -13.774507
v 4.436047 12.804316 -13.773800
v 4.436047 12.804316 -13.773800
v 4.452819 12.783966 -13.795000
v 4.560534 12.789611 -13.442478
v 4.538253 12.809673 -13.439307
v 4.452819 12.783966 -13.795000
v 4.448632 12.863857 -13.795000
v 4.556347 12.869502 -13.442478
v 4.560534 12.789611 -13.442478
v 4.555401 12.868451 -13.442329
v 4.559409 12.791970 -13.442329
v 4.559409 12.791970 -13.397671
v 4.555401 12.868451 -13.397671
v 4.559409 12.791970 -13.442329
v 4.538923 12.810416 -13.439413
v 4.538923 12.810416 -13.400587
v 4.559409 12.791970 -13.397671
v 4.538923 12.810416 -13.439413
v 4.538253 12.809673 -13.439307
v 4.538253 12.809673 -13.400693
v 4.538923 12.810416 -13.400587
v 4.538253 12.809673 -13.439307
v 4.560534 12.789611 -13.442478
v 4.560534 12.789611 -13.397522
v 4.538253 12.809673 -13.400693
v 4.560534 12.789611 -13.442478
v 4.556347 12.869502 -13.442478
v 4.556347 12.869502 -13.397522
v 4.560534 12.789611 -13.397522
v 4.555401 12.868451 -13.397671
v 4.559409 12.791970 -13.397671
v 4.451954 12.786338 -13.046000
v 4.447946 12.862819 -13.046000
v 4.559409 12.791970 -13.397671
v 4.538923 12.810416 -13.400587
v 4.436533 12.805050 -13.065493
v 4.451954 12.786338 -13.046000
v 4.538923 12.810416 -13.400587
v 4.538253 12.809673 -13.400693
v 4.436047 12.804316 -13.066200
v 4.436533 12.805050 -13.065493
v 4.452819 12.783966 -13.045000
v 4.436047 12.804316 -13.066200
v 4.538253 12.809673 -13.400693
v 4.560534 12.789611 -13.397522
v 4.448632 12.863857 -13.045000
v 4.452819 12.783966 -13.045000
v 4.560534 12.789611 -13.397522
v 4.556347 12.869502 -13.397522
v 4.355836 12.781301 -13.046000
v 4.351828 12.857782 -13.046000
v 4.447946 12.862819 -13.046000
v 4.451954 12.786338 -13.046000
v 4.354816 12.800767 -13.065493
v 4.355836 12.781301 -13.046000
v 4.451954 12.786338 -13.046000
v 4.436533 12.805050 -13.065493
v 4.354853 12.800061 -13.066200
v 4.354816 12.800767 -13.065493
v 4.436533 12.805050 -13.065493
v 4.436047 12.804316 -13.066200
v 4.436047 12.804316 -13.066200
v 4.452819 12.783966 -13.045000
v 4.355962 12.778890 -13.045000
v 4.354853 12.800061 -13.066200
v 3.578766 12.818269 -13.795000
v 3.582953 12.738378 -13.795000
v 3.582953 12.738378 -13.045000
v 3.578766 12.818269 -13.045000
v 3.582953 12.738378 -13.795000
v 3.603014 12.760659 -13.795000
v 3.603014 12.760659 -13.045000
v 3.582953 12.738378 -13.045000
v 3.603014 12.760659 -13.795000
v 3.602271 12.761328 -13.795000
v 3.602271 12.761328 -13.045000
v 3.603014 12.760659 -13.045000
v 3.602271 12.761328 -13.795000
v 3.583825 12.740842 -13.795000
v 3.583825 12.740842 -13.045000
v 3.602271 12.761328 -13.045000
v 3.583825 12.740842 -13.795000
v 3.579817 12.817322 -13.795000
v 3.579817 12.817322 -13.045000
v 3.583825 12.740842 -13.045000
f 2725 2726 2721
f 2721 2722 2723
f 2723 2724 2725
f 2725 2721 2723
f 2735 2736 2727
f 2727 2728 2729
f 2729 2730 2731
f 2732 2733 2734
f 2734 2735 2727
f 2727 2729 2731
f 2732 2734 2727
f 2727 2731 2732
f 2745 2746 2737
f 2740 2741 2742
f 2745 2737 2738
f 2740 2742 2743
f 2744 2745 2738
f 2739 2740 2743
f 2744 2738 2739
f 2739 2743 2744
f 2755 2756 2747
f 2749 2750 2751
f 2754 2755 2747
f 2749 2751 2752
f 2753 2754 2747
f 2748 2749 2752
f 2753 2747 2748
f 2748 2752 2753
f 2762 2757 2758
f 2759 2760 2761
f 2762 2758 2759
f 2759 2761 2762
f 2767 2768 2763
f 2763 2764 2765
f 2766 2767 2763
f 2763 2765 2766
f 2769 2770 2772
f 2772 2770 2771
f 2773 2774 2776
f 2776 2774 2775
f 2777 2778 2780
f 2780 2778 2779
f 2781 2782 2784
f 2784 2782 2783
f 2785 2786 2788
f 2788 2786 2787
f 2789 2790 2792
f 2792 2790 2791
f 2793 2794 2796
f 2796 2794 2795
f 2797 2798 2800
f 2800 2798 2799
f 2801 2802 2804
f 2804 2802 2803
f 2805 2806 2808
f 2808 2806 2807
f 2809 2810 2812
f 2812 2810 2811
f 2813 2814 2816
f 2816 2814 2815
f 2817 2818 2820
f 2820 2818 2819
f 2821 2822 2824
f 2824 2822 2823
f 2825 2826 2828
f 2828 2826 2827
f 2829 2830 2832
f 2832 2830 2831
f 2833 2834 2836
f 2836 2834 2835
f 2837 2838 2840
f 2840 2838 2839
f 2841 2842 2844
f 2844 2842 2843
f 2845 2846 2848
f 2848 2846 2847
f 2849 2850 2852
f 2852 2850 2851
f 2853 2854 2856
f 2856 2854 2855
f 2857 2858 2860
f 2860 2858 2859
f 2861 2862 2864
f 2864 2862 2863
f 2865 2866 2868
f 2868 2866 2867
f 2869 2870 2872
f 2872 2870 2871
f 2873 2874 2876
f 2876 2874 2875
f 2877 2878 2880
f 2880 2878 2879
o item_958c4ea6_1131373
v 4.556347 12.869502 -16.097522
v 4.556347 12.869502 -16.142478
v 4.448632 12.863857 -16.495000
v 3.578766 12.818269 -16.495000
v 3.578766 12.818269 -15.745000
v 4.448632 12.863857 -15.745000
v 4.351828 12.857782 -16.494000
v 4.447946 12.862819 -16.494000
v 4.555401 12.868451 -16.142329
v 4.555401 12.868451 -16.097671
v 4.447946 12.862819 -15.746000
v 4.351828 12.857782 -15.746000
v 4.351828 12.857782 -15.745000
v 3.579817 12.817322 -15.745000
v 3.579817 12.817322 -16.495000
v 4.351828 12.857782 -16.495000
v 4.355962 12.778890 -16.495000
v 4.351828 12.857782 -16.495000
v 3.579817 12.817322 -16.495000
v 3.583825 12.740842 -16.495000
v 3.602271 12.761328 -16.495000
v 3.603014 12.760659 -16.495000
v 3.582953 12.738378 -16.495000
v 3.578766 12.818269 -16.495000
v 4.448632 12.863857 -16.495000
v 4.452819 12.783966 -16.495000
v 3.583825 12.740842 -15.745000
v 3.579817 12.817322 -15.745000
v 4.351828 12.857782 -15.745000
v 4.355962 12.778890 -15.745000
v 4.452819 12.783966 -15.745000
v 4.448632 12.863857 -15.745000
v 3.578766 12.818269 -15.745000
v 3.582953 12.738378 -15.745000
v 3.603014 12.760659 -15.745000
v 3.602271 12.761328 -15.745000
v 4.351828 12.857782 -16.494000
v 4.351828 12.857782 -16.495000
v 4.355962 12.778890 -16.495000
v 4.354853 12.800061 -16.473800
v 4.354816 12.800767 -16.474507
v 4.355836 12.781301 -16.494000
v 4.355836 12.781301 -15.746000
v 4.354816 12.800767 -15.765493
v 4.354853 12.800061 -15.766200
v 4.355962 12.778890 -15.745000
v 4.351828 12.857782 -15.745000
v 4.351828 12.857782 -15.746000
v 4.351828 12.857782 -16.494000
v 4.355836 12.781301 -16.494000
v 4.451954 12.786338 -16.494000
v 4.447946 12.862819 -16.494000
v 4.355836 12.781301 -16.494000
v 4.354816 12.800767 -16.474507
v 4.436533 12.805050 -16.474507
v 4.451954 12.786338 -16.494000
v 4.354816 12.800767 -16.474507
v 4.354853 12.800061 -16.473800
v 4.436047 12.804316 -16.473800
v 4.436533 12.805050 -16.474507
v 4.452819 12.783966 -16.495000
v 4.436047 12.804316 -16.473800
v 4.354853 12.800061 -16.473800
v 4.355962 12.778890 -16.495000
v 4.447946 12.862819 -16.494000
v 4.451954 12.786338 -16.494000
v 4.559409 12.791970 -16.142329
v 4.555401 12.868451 -16.142329
v 4.538923 12.810416 -16.139413
v 4.559409 12.791970 -16.142329
v 4.451954 12.786338 -16.494000
v 4.436533 12.805050 -16.474507
v 4.538253 12.809673 -16.139307
v 4.538923 12.810416 -16.139413
v 4.436533 12.805050 -16.474507
v 4.436047 12.804316 -16.473800
v 4.436047 12.804316 -16.473800
v 4.452819 12.783966 -16.495000
v 4.560534 12.789611 -16.142478
v 4.538253 12.809673 -16.139307
v 4.452819 12.783966 -16.495000
v 4.448632 12.863857 -16.495000
v 4.556347 12.869502 -16.142478
v 4.560534 12.789611 -16.142478
v 4.555401 12.868451 -16.142329
v 4.559409 12.791970 -16.142329
v 4.559409 12.791970 -16.097671
v 4.555401 12.868451 -16.097671
v 4.559409 12.791970 -16.142329
v 4.538923 12.810416 -16.139413
v 4.538923 12.810416 -16.100587
v 4.559409 12.791970 -16.097671
v 4.538923 12.810416 -16.139413
v 4.538253 12.809673 -16.139307
v 4.538253 12.809673 -16.100693
v 4.538923 12.810416 -16.100587
v 4.538253 12.809673 -16.139307
v 4.560534 12.789611 -16.142478
v 4.560534 12.789611 -16.097522
v 4.538253 12.809673 -16.100693
v 4.560534 12.789611 -16.142478
v 4.556347 12.869502 -16.142478
v 4.556347 12.869502 -16.097522
v 4.560534 12.789611 -16.097522
v 4.555401 12.868451 -16.097671
v 4.559409 12.791970 -16.097671
v 4.451954 12.786338 -15.746000
v 4.447946 12.862819 -15.746000
v 4.559409 12.791970 -16.097671
v 4.538923 12.810416 -16.100587
v 4.436533 12.805050 -15.765493
v 4.451954 12.786338 -15.746000
v 4.538923 12.810416 -16.100587
v 4.538253 12.809673 -16.100693
v 4.436047 12.804316 -15.766200
v 4.436533 12.805050 -15.765493
v 4.452819 12.783966 -15.745000
v 4.436047 12.804316 -15.766200
v 4.538253 12.809673 -16.100693
v 4.560534 12.789611 -16.097522
v 4.448632 12.863857 -15.745000
v 4.452819 12.783966 -15.745000
v 4.560534 12.789611 -16.097522
v 4.556347 12.869502 -16.097522
v 4.355836 12.781301 -15.746000
v 4.351828 12.857782 -15.746000
v 4.447946 12.862819 -15.746000
v 4.451954 12.786338 -15.746000
v 4.354816 12.800767 -15.765493
v 4.355836 12.781301 -15.746000
v 4.451954 12.786338 -15.746000
v 4.436533 12.805050 -15.765493
v 4.354853 12.800061 -15.766200
v 4.354816 12.800767 -15.765493
v 4.436533 12.805050 -15.765493
v 4.436047 12.804316 -15.766200
v 4.436047 12.804316 -15.766200
v 4.452819 12.783966 -15.745000
v 4.355962 12.778890 -15.745000
v 4.354853 12.800061 -15.766200
v 3.578766 12.818269 -16.495000
v 3.582953 12.738378 -16.495000
v 3.582953 12.738378 -15.745000
v 3.578766 12.818269 -15.745000
v 3.582953 12.738378 -16.495000
v 3.603014 12.760659 -16.495000
v 3.603014 12.760659 -15.745000
v 3.582953 12.738378 -15.745000
v 3.603014 12.760659 -16.495000
v 3.602271 12.761328 -16.495000
v 3.602271 12.761328 -15.745000
v 3.603014 12.760659 -15.745000
v 3.602271 12.761328 -16.495000
v 3.583825 12.740842 -16.495000
v 3.583825 12.740842 -15.745000
v 3.602271 12.761328 -15.745000
v 3.583825 12.740842 -16.495000
v 3.579817 12.817322 -16.495000
v 3.579817 12.817322 -15.745000
v 3.583825 12.740842 -15.745000
f 2885 2886 2881
f 2881 2882 2883
f 2883 2884 2885
f 2885 2881 2883
f 2895 2896 2887
f 2887 2888 2889
f 2889 2890 2891
f 2892 2893 2894
f 2894 2895 2887
f 2887 2889 2891
f 2892 2894 2887
f 2887 2891 2892
f 2905 2906 2897
f 2900 2901 2902
f 2905 2897 2898
f 2900 2902 2903
f 2904 2905 2898
f 2899 2900 2903
f 2904 2898 2899
f 2899 2903 2904
f 2915 2916 2907
f 2909 2910 2911
f 2914 2915 2907
f 2909 2911 2912
f 2913 2914 2907
f 2908 2909 2912
f 2913 2907 2908
f 2908 2912 2913
f 2922 2917 2918
f 2919 2920 2921
f 2922 2918 2919
f 2919 2921 2922
f 2927 2928 2923
f 2923 2924 2925
f 2926 2927 2923
f 2923 2925 2926
f 2929 2930 2932
f 2932 2930 2931
f 2933 2934 2936
f 2936 2934 2935
f 2937 2938 2940
f 2940 2938 2939
f 2941 2942 2944
f 2944 2942 2943
f 2945 2946 2948
f 2948 2946 2947
f 2949 2950 2952
f 2952 2950 2951
f 2953 2954 2956
f 2956 2954 2955
f 2957 2958 2960
f 2960 2958 2959
f 2961 2962 2964
f 2964 2962 2963
f 2965 2966 2968
f 2968 2966 2967
f 2969 2970 2972
f 2972 2970 2971
f 2973 2974 2976
f 2976 2974 2975
f 2977 2978 2980
f 2980 2978 2979
f 2981 2982 2984
f 2984 2982 2983
f 2985 2986 2988
f 2988 2986 2987
f 2989 2990 2992
f 2992 2990 2991
f 2993 2994 2996
f 2996 2994 2995
f 2997 2998 3000
f 3000 2998 2999
f 3001 3002 3004
f 3004 3002 3003
f 3005 3006 3008
f 3008 3006 3007
f 3009 3010 3012
f 3012 3010 3011
f 3013 3014 3016
f 3016 3014 3015
f 3017 3018 3020
f 3020 3018 3019
f 3021 3022 3024
f 3024 3022 3023
f 3025 3026 3028
f 3028 3026 3027
f 3029 3030 3032
f 3032 3030 3031
f 3033 3034 3036
f 3036 3034 3035
f 3037 3038 3040
f 3040 3038 3039
o item_958c4ea6_1131348
v 4.556347 12.869502 -18.797522
v 4.556347 12.869502 -18.842478
v 4.448632 12.863857 -19.195000
v 3.578766 12.818269 -19.195000
v 3.578766 12.818269 -18.445000
v 4.448632 12.863857 -18.445000
v 4.351828 12.857782 -19.194000
v 4.447946 12.862819 -19.194000
v 4.555401 12.868451 -18.842329
v 4.555401 12.868451 -18.797671
v 4.447946 12.862819 -18.446000
v 4.351828 12.857782 -18.446000
v 4.351828 12.857782 -18.445000
v 3.579817 12.817322 -18.445000
v 3.579817 12.817322 -19.195000
v 4.351828 12.857782 -19.195000
v 4.355962 12.778890 -19.195000
v 4.351828 12.857782 -19.195000
v 3.579817 12.817322 -19.195000
v 3.583825 12.740842 -19.195000
v 3.602271 12.761328 -19.195000
v 3.603014 12.760659 -19.195000
v 3.582953 12.738378 -19.195000
v 3.578766 12.818269 -19.195000
v 4.448632 12.863857 -19.195000
v 4.452819 12.783966 -19.195000
v 3.583825 12.740842 -18.445000
v 3.579817 12.817322 -18.445000
v 4.351828 12.857782 -18.445000
v 4.355962 12.778890 -18.445000
v 4.452819 12.783966 -18.445000
v 4.448632 12.863857 -18.445000
v 3.578766 12.818269 -18.445000
v 3.582953 12.738378 -18.445000
v 3.603014 12.760659 -18.445000
v 3.602271 12.761328 -18.445000
v 4.351828 12.857782 -19.194000
v 4.351828 12.857782 -19.195000
v 4.355962 12.778890 -19.195000
v 4.354853 12.800061 -19.173800
v 4.354816 12.800767 -19.174507
v 4.355836 12.781301 -19.194000
v 4.355836 12.781301 -18.446000
v 4.354816 12.800767 -18.465493
v 4.354853 12.800061 -18.466200
v 4.355962 12.778890 -18.445000
v 4.351828 12.857782 -18.445000
v 4.351828 12.857782 -18.446000
v 4.351828 12.857782 -19.194000
v 4.355836 12.781301 -19.194000
v 4.451954 12.786338 -19.194000
v 4.447946 12.862819 -19.194000
v 4.355836 12.781301 -19.194000
v 4.354816 12.800767 -19.174507
v 4.436533 12.805050 -19.174507
v 4.451954 12.786338 -19.194000
v 4.354816 12.800767 -19.174507
v 4.354853 12.800061 -19.173800
v 4.436047 12.804316 -19.173800
v 4.436533 12.805050 -19.174507
v 4.452819 12.783966 -19.195000
v 4.436047 12.804316 -19.173800
v 4.354853 12.800061 -19.173800
v 4.355962 12.778890 -19.195000
v 4.447946 12.862819 -19.194000
v 4.451954 12.786338 -19.194000
v 4.559409 12.791970 -18.842329
v 4.555401 12.868451 -18.842329
v 4.538923 12.810416 -18.839413
v 4.559409 12.791970 -18.842329
v 4.451954 12.786338 -19.194000
v 4.436533 12.805050 -19.174507
v 4.538253 12.809673 -18.839307
v 4.538923 12.810416 -18.839413
v 4.436533 12.805050 -19.174507
v 4.436047 12.804316 -19.173800
v 4.436047 12.804316 -19.173800
v 4.452819 12.783966 -19.195000
v 4.560534 12.789611 -18.842478
v 4.538253 12.809673 -18.839307
v 4.452819 12.783966 -19.195000
v 4.448632 12.863857 -19.195000
v 4.556347 12.869502 -18.842478
v 4.560534 12.789611 -18.842478
v 4.555401 12.868451 -18.842329
v 4.559409 12.791970 -18.842329
v 4.559409 12.791970 -18.797671
v 4.555401 12.868451 -18.797671
v 4.559409 12.791970 -18.842329
v 4.538923 12.810416 -18.839413
v 4.538923 12.810416 -18.800587
v 4.559409 12.791970 -18.797671
v 4.538923 12.810416 -18.839413
v 4.538253 12.809673 -18.839307
v 4.538253 12.809673 -18.800693
v 4.538923 12.810416 -18.800587
v 4.538253 12.809673 -18.839307
v 4.560534 12.789611 -18.842478
v 4.560534 12.789611 -18.797522
v 4.538253 12.809673 -18.800693
v 4.560534 12.789611 -18.842478
v 4.556347 12.869502 -18.842478
v 4.556347 12.869502 -18.797522
v 4.560534 12.789611 -18.797522
v 4.555401 12.868451 -18.797671
v 4.559409 12.791970 -18.797671
v 4.451954 12.786338 -18.446000
v 4.447946 12.862819 -18.446000
v 4.559409 12.791970 -18.797671
v 4.538923 12.810416 -18.800587
v 4.436533 12.805050 -18.465493
v 4.451954 12.786338 -18.446000
v 4.538923 12.810416 -18.800587
v 4.538253 12.809673 -18.800693
v 4.436047 12.804316 -18.466200
v 4.436533 12.805050 -18.465493
v 4.452819 12.783966 -18.445000
v 4.436047 12.804316 -18.466200
v 4.538253 12.809673 -18.800693
v 4.560534 12.789611 -18.797522
v 4.448632 12.863857 -18.445000
v 4.452819 12.783966 -18.445000
v 4.560534 12.789611 -18.797522
v 4.556347 12.869502 -18.797522
v 4.355836 12.781301 -18.446000
v 4.351828 12.857782 -18.446000
v 4.447946 12.862819 -18.446000
v 4.451954 12.786338 -18.446000
v 4.354816 12.800767 -18.465493
v 4.355836 12.781301 -18.446000
v 4.451954 12.786338 -18.446000
v 4.436533 12.805050 -18.465493
v 4.354853 12.800061 -18.466200
v 4.354816 12.800767 -18.465493
v 4.436533 12.805050 -18.465493
v 4.436047 12.804316 -18.466200
v 4.436047 12.804316 -18.466200
v 4.452819 12.783966 -18.445000
v 4.355962 12.778890 -18.445000
v 4.354853 12.800061 -18.466200
v 3.578766 12.818269 -19.195000
v 3.582953 12.738378 -19.195000
v 3.582953 12.738378 -18.445000
v 3.578766 12.818269 -18.445000
v 3.582953 12.738378 -19.195000
v 3.603014 12.760659 -19.195000
v 3.603014 12.760659 -18.445000
v 3.582953 12.738378 -18.445000
v 3.603014 12.760659 -19.195000
v 3.602271 12.761328 -19.195000
v 3.602271 12.761328 -18.445000
v 3.603014 12.760659 -18.445000
v 3.602271 12.761328 -19.195000
v 3.583825 12.740842 -19.195000
v 3.583825 12.740842 -18.445000
v 3.602271 12.761328 -18.445000
v 3.583825 12.740842 -19.195000
v 3.579817 12.817322 -19.195000
v 3.579817 12.817322 -18.445000
v 3.583825 12.740842 -18.445000
f 3045 3046 3041
f 3041 3042 3043
f 3043 3044 3045
f 3045 3041 3043
f 3055 3056 3047
f 3047 3048 3049
f 3049 3050 3051
f 3052 3053 3054
f 3054 3055 3047
f 3047 3049 3051
f 3052 3054 3047
f 3047 3051 3052
f 3065 3066 3057
f 3060 3061 3062
f 3065 3057 3058
f 3060 3062 3063
f 3064 3065 3058
f 3059 3060 3063
f 3064 3058 3059
f 3059 3063 3064
f 3075 3076 3067
f 3069 3070 3071
f 3074 3075 3067
f 3069 3071 3072
f 3073 3074 3067
f 3068 3069 3072
f 3073 3067 3068
f 3068 3072 3073
f 3082 3077 3078
f 3079 3080 3081
f 3082 3078 3079
f 3079 3081 3082
f 3087 3088 3083
f 3083 3084 3085
f 3086 3087 3083
f 3083 3085 3086
f 3089 3090 3092
f 3092 3090 3091
f 3093 3094 3096
f 3096 3094 3095
f 3097 3098 3100
f 3100 3098 3099
f 3101 3102 3104
f 3104 3102 3103
f 3105 3106 3108
f 3108 3106 3107
f 3109 3110 3112
f 3112 3110 3111
f 3113 3114 3116
f 3116 3114 3115
f 3117 3118 3120
f 3120 3118 3119
f 3121 3122 3124
f 3124 3122 3123
f 3125 3126 3128
f 3128 3126 3127
f 3129 3130 3132
f 3132 3130 3131
f 3133 3134 3136
f 3136 3134 3135
f 3137 3138 3140
f 3140 3138 3139
f 3141 3142 3144
f 3144 3142 3143
f 3145 3146 3148
f 3148 3146 3147
f 3149 3150 3152
f 3152 3150 3151
f 3153 3154 3156
f 3156 3154 3155
f 3157 3158 3160
f 3160 3158 3159
f 3161 3162 3164
f 3164 3162 3163
f 3165 3166 3168
f 3168 3166 3167
f 3169 3170 3172
f 3172 3170 3171
f 3173 3174 3176
f 3176 3174 3175
f 3177 3178 3180
f 3180 3178 3179
f 3181 3182 3184
f 3184 3182 3183
f 3185 3186 3188
f 3188 3186 3187
f 3189 3190 3192
f 3192 3190 3191
f 3193 3194 3196
f 3196 3194 3195
f 3197 3198 3200
f 3200 3198 3199
o item_958c4ea6_1131323
v 4.556347 12.869502 -21.497522
v 4.556347 12.869502 -21.542478
v 4.448632 12.863857 -21.895000
v 3.578766 12.818269 -21.895000
v 3.578766 12.818269 -21.145000
v 4.448632 12.863857 -21.145000
v 4.351828 12.857782 -21.894000
v 4.447946 12.862819 -21.894000
v 4.555401 12.868451 -21.542329
v 4.555401 12.868451 -21.497671
v 4.447946 12.862819 -21.146000
v 4.351828 12.857782 -21.146000
v 4.351828 12.857782 -21.145000
v 3.579817 12.817322 -21.145000
v 3.579817 12.817322 -21.895000
v 4.351828 12.857782 -21.895000
v 4.355962 12.778890 -21.895000
v 4.351828 12.857782 -21.895000
v 3.579817 12.817322 -21.895000
v 3.583825 12.740842 -21.895000
v 3.602271 12.761328 -21.895000
v 3.603014 12.760659 -21.895000
v 3.582953 12.738378 -21.895000
v 3.578766 12.818269 -21.895000
v 4.448632 12.863857 -21.895000
v 4.452819 12.783966 -21.895000
v 3.583825 12.740842 -21.145000
v 3.579817 12.817322 -21.145000
v 4.351828 12.857782 -21.145000
v 4.355962 12.778890 -21.145000
v 4.452819 12.783966 -21.145000
v 4.448632 12.863857 -21.145000
v 3.578766 12.818269 -21.145000
v 3.582953 12.738378 -21.145000
v 3.603014 12.760659 -21.145000
v 3.602271 12.761328 -21.145000
v 4.351828 12.857782 -21.894000
v 4.351828 12.857782 -21.895000
v 4.355962 12.778890 -21.895000
v 4.354853 12.800061 -21.873800
v 4.354816 12.800767 -21.874507
v 4.355836 12.781301 -21.894000
v 4.355836 12.781301 -21.146000
v 4.354816 12.800767 -21.165493
v 4.354853 12.800061 -21.166200
v 4.355962 12.778890 -21.145000
v 4.351828 12.857782 -21.145000
v 4.351828 12.857782 -21.146000
v 4.351828 12.857782 -21.894000
v 4.355836 12.781301 -21.894000
v 4.451954 12.786338 -21.894000
v 4.447946 12.862819 -21.894000
v 4.355836 12.781301 -21.894000
v 4.354816 12.800767 -21.874507
v 4.436533 12.805050 -21.874507
v 4.451954 12.786338 -21.894000
v 4.354816 12.800767 -21.874507
v 4.354853 12.800061 -21.873800
v 4.436047 12.804316 -21.873800
v 4.436533 12.805050 -21.874507
v 4.452819 12.783966 -21.895000
v 4.436047 12.804316 -21.873800
v 4.354853 12.800061 -21.873800
v 4.355962 12.778890 -21.895000
v 4.447946 12.862819 -21.894000
v 4.451954 12.786338 -21.894000
v 4.559409 12.791970 -21.542329
v 4.555401 12.868451 -21.542329
v 4.538923 12.810416 -21.539413
v 4.559409 12.791970 -21.542329
v 4.451954 12.786338 -21.894000
v 4.436533 12.805050 -21.874507
v 4.538253 12.809673 -21.539307
v 4.538923 12.810416 -21.539413
v 4.436533 12.805050 -21.874507
v 4.436047 12.804316 -21.873800
v 4.436047 12.804316 -21.873800
v 4.452819 12.783966 -21.895000
v 4.560534 12.789611 -21.542478
v 4.538253 12.809673 -21.539307
v 4.452819 12.783966 -21.895000
v 4.448632 12.863857 -21.895000
v 4.556347 12.869502 -21.542478
v 4.560534 12.789611 -21.542478
v 4.555401 12.868451 -21.542329
v 4.559409 12.791970 -21.542329
v 4.559409 12.791970 -21.497671
v 4.555401 12.868451 -21.497671
v 4.559409 12.791970 -21.542329
v 4.538923 12.810416 -21.539413
v 4.538923 12.810416 -21.500587
v 4.559409 12.791970 -21.497671
v 4.538923 12.810416 -21.539413
v 4.538253 12.809673 -21.539307
v 4.538253 12.809673 -21.500693
v 4.538923 12.810416 -21.500587
v 4.538253 12.809673 -21.539307
v 4.560534 12.789611 -21.542478
v 4.560534 12.789611 -21.497522
v 4.538253 12.809673 -21.500693
v 4.560534 12.789611 -21.542478
v 4.556347 12.869502 -21.542478
v 4.556347 12.869502 -21.497522
v 4.560534 12.789611 -21.497522
v 4.555401 12.868451 -21.497671
v 4.559409 12.791970 -21.497671
v 4.451954 12.786338 -21.146000
v 4.447946 12.862819 -21.146000
v 4.559409 12.791970 -21.497671
v 4.538923 12.810416 -21.500587
v 4.436533 12.805050 -21.165493
v 4.451954 12.786338 -21.146000
v 4.538923 12.810416 -21.500587
v 4.538253 12.809673 -21.500693
v 4.436047 12.804316 -21.166200
v 4.436533 12.805050 -21.165493
v 4.452819 12.783966 -21.145000
v 4.436047 12.804316 -21.166200
v 4.538253 12.809673 -21.500693
v 4.560534 12.789611 -21.497522
v 4.448632 12.863857 -21.145000
v 4.452819 12.783966 -21.145000
v 4.560534 12.789611 -21.497522
v 4.556347 12.869502 -21.497522
v 4.355836 12.781301 -21.146000
v 4.351828 12.857782 -21.146000
v 4.447946 12.862819 -21.146000
v 4.451954 12.786338 -21.146000
v 4.354816 12.800767 -21.165493
v 4.355836 12.781301 -21.146000
v 4.451954 12.786338 -21.146000
v 4.436533 12.805050 -21.165493
v 4.354853 12.800061 -21.166200
v 4.354816 12.800767 -21.165493
v 4.436533 12.805050 -21.165493
v 4.436047 12.804316 -21.166200
v 4.436047 12.804316 -21.166200
v 4.452819 12.783966 -21.145000
v 4.355962 12.778890 -21.145000
v 4.354853 12.800061 -21.166200
v 3.578766 12.818269 -21.895000
v 3.582953 12.738378 -21.895000
v 3.582953 12.738378 -21.145000
v 3.578766 12.818269 -21.145000
v 3.582953 12.738378 -21.895000
v 3.603014 12.760659 -21.895000
v 3.603014 12.760659 -21.145000
v 3.582953 12.738378 -21.145000
v 3.603014 12.760659 -21.895000
v 3.602271 12.761328 -21.895000
v 3.602271 12.761328 -21.145000
v 3.603014 12.760659 -21.145000
v 3.602271 12.761328 -21.895000
v 3.583825 12.740842 -21.895000
v 3.583825 12.740842 -21.145000
v 3.602271 12.761328 -21.145000
v 3.583825 12.740842 -21.895000
v 3.579817 12.817322 -21.895000
v 3.579817 12.817322 -21.145000
v 3.583825 12.740842 -21.145000
f 3205 3206 3201
f 3201 3202 3203
f 3203 3204 3205
f 3205 3201 3203
f 3215 3216 3207
f 3207 3208 3209
f 3209 3210 3211
f 3212 3213 3214
f 3214 3215 3207
f 3207 3209 3211
f 3212 3214 3207
f 3207 3211 3212
f 3225 3226 3217
f 3220 3221 3222
f 3225 3217 3218
f 3220 3222 3223
f 3224 3225 3218
f 3219 3220 3223
f 3224 3218 3219
f 3219 3223 3224
f 3235 3236 3227
f 3229 3230 3231
f 3234 3235 3227
f 3229 3231 3232
f 3233 3234 3227
f 3228 3229 3232
f 3233 3227 3228
f 3228 3232 3233
f 3242 3237 3238
f 3239 3240 3241
f 3242 3238 3239
f 3239 3241 3242
f 3247 3248 3243
f 3243 3244 3245
f 3246 3247 3243
f 3243 3245 3246
f 3249 3250 3252
f 3252 3250 3251
f 3253 3254 3256
f 3256 3254 3255
f 3257 3258 3260
f 3260 3258 3259
f 3261 3262 3264
f 3264 3262 3263
f 3265 3266 3268
f 3268 3266 3267
f 3269 3270 3272
f 3272 3270 3271
f 3273 3274 3276
f 3276 3274 3275
f 3277 3278 3280
f 3280 3278 3279
f 3281 3282 3284
f 3284 3282 3283
f 3285 3286 3288
f 3288 3286 3287
f 3289 3290 3292
f 3292 3290 3291
f 3293 3294 3296
f 3296 3294 3295
f 3297 3298 3300
f 3300 3298 3299
f 3301 3302 3304
f 3304 3302 3303
f 3305 3306 3308
f 3308 3306 3307
f 3309 3310 3312
f 3312 3310 3311
f 3313 3314 3316
f 3316 3314 3315
f 3317 3318 3320
f 3320 3318 3319
f 3321 3322 3324
f 3324 3322 3323
f 3325 3326 3328
f 3328 3326 3327
f 3329 3330 3332
f 3332 3330 3331
f 3333 3334 3336
f 3336 3334 3335
f 3337 3338 3340
f 3340 3338 3339
f 3341 3342 3344
f 3344 3342 3343
f 3345 3346 3348
f 3348 3346 3347
f 3349 3350 3352
f 3352 3350 3351
f 3353 3354 3356
f 3356 3354 3355
f 3357 3358 3360
f 3360 3358 3359
o item_958c4ea6_1131298
v 4.556347 12.869502 -24.197522
v 4.556347 12.869502 -24.242478
v 4.448632 12.863857 -24.595000
v 3.578766 12.818269 -24.595000
v 3.578766 12.818269 -23.845000
v 4.448632 12.863857 -23.845000
v 4.351828 12.857782 -24.594000
v 4.447946 12.862819 -24.594000
v 4.555401 12.868451 -24.242329
v 4.555401 12.868451 -24.197671
v 4.447946 12.862819 -23.846000
v 4.351828 12.857782 -23.846000
v 4.351828 12.857782 -23.845000
v 3.579817 12.817322 -23.845000
v 3.579817 12.817322 -24.595000
v 4.351828 12.857782 -24.595000
v 4.355962 12.778890 -24.595000
v 4.351828 12.857782 -24.595000
v 3.579817 12.817322 -24.595000
v 3.583825 12.740842 -24.595000
v 3.602271 12.761328 -24.595000
v 3.603014 12.760659 -24.595000
v 3.582953 12.738378 -24.595000
v 3.578766 12.818269 -24.595000
v 4.448632 12.863857 -24.595000
v 4.452819 12.783966 -24.595000
v 3.583825 12.740842 -23.845000
v 3.579817 12.817322 -23.845000
v 4.351828 12.857782 -23.845000
v 4.355962 12.778890 -23.845000
v 4.452819 12.783966 -23.845000
v 4.448632 12.863857 -23.845000
v 3.578766 12.818269 -23.845000
v 3.582953 12.738378 -23.845000
v 3.603014 12.760659 -23.845000
v 3.602271 12.761328 -23.845000
v 4.351828 12.857782 -24.594000
v 4.351828 12.857782 -24.595000
v 4.355962 12.778890 -24.595000
v 4.354853 12.800061 -24.573800
v 4.354816 12.800767 -24.574507
v 4.355836 12.781301 -24.594000
v 4.355836 12.781301 -23.846000
v 4.354816 12.800767 -23.865493
v 4.354853 12.800061 -23.866200
v 4.355962 12.778890 -23.845000
v 4.351828 12.857782 -23.845000
v 4.351828 12.857782 -23.846000
v 4.351828 12.857782 -24.594000
v 4.355836 12.781301 -24.594000
v 4.451954 12.786338 -24.594000
v 4.447946 12.862819 -24.594000
v 4.355836 12.781301 -24.594000
v 4.354816 12.800767 -24.574507
v 4.436533 12.805050 -24.574507
v 4.451954 12.786338 -24.594000
v 4.354816 12.800767 -24.574507
v 4.354853 12.800061 -24.573800
v 4.436047 12.804316 -24.573800
v 4.436533 12.805050 -24.574507
v 4.452819 12.783966 -24.595000
v 4.436047 12.804316 -24.573800
v 4.354853 12.800061 -24.573800
v 4.355962 12.778890 -24.595000
v 4.447946 12.862819 -24.594000
v 4.451954 12.786338 -24.594000
v 4.559409 12.791970 -24.242329
v 4.555401 12.868451 -24.242329
v 4.538923 12.810416 -24.239413
v 4.559409 12.791970 -24.242329
v 4.451954 12.786338 -24.594000
v 4.436533 12.805050 -24.574507
v 4.538253 12.809673 -24.239307
v 4.538923 12.810416 -24.239413
v 4.436533 12.805050 -24.574507
v 4.436047 12.804316 -24.573800
v 4.436047 12.804316 -24.573800
v 4.452819 12.783966 -24.595000
v 4.560534 12.789611 -24.242478
v 4.538253 12.809673 -24.239307
v 4.452819 12.783966 -24.595000
v 4.448632 12.863857 -24.595000
v 4.556347 12.869502 -24.242478
v 4.560534 12.789611 -24.242478
v 4.555401 12.868451 -24.242329
v 4.559409 12.791970 -24.242329
v 4.559409 12.791970 -24.197671
v 4.555401 12.868451 -24.197671
v 4.559409 12.791970 -24.242329
v 4.538923 12.810416 -24.239413
v 4.538923 12.810416 -24.200587
v 4.559409 12.791970 -24.197671
v 4.538923 12.810416 -24.239413
v 4.538253 12.809673 -24.239307
v 4.538253 12.809673 -24.200693
v 4.538923 12.810416 -24.200587
v 4.538253 12.809673 -24.239307
v 4.560534 12.789611 -24.242478
v 4.560534 12.789611 -24.197522
v 4.538253 12.809673 -24.200693
v 4.560534 12.789611 -24.242478
v 4.556347 12.869502 -24.242478
v 4.556347 12.869502 -24.197522
v 4.560534 12.789611 -24.197522
v 4.555401 12.868451 -24.197671
v 4.559409 12.791970 -24.197671
v 4.451954 12.786338 -23.846000
v 4.447946 12.862819 -23.846000
v 4.559409 12.791970 -24.197671
v 4.538923 12.810416 -24.200587
v 4.436533 12.805050 -23.865493
v 4.451954 12.786338 -23.846000
v 4.538923 12.810416 -24.200587
v 4.538253 12.809673 -24.200693
v 4.436047 12.804316 -23.866200
v 4.436533 12.805050 -23.865493
v 4.452819 12.783966 -23.845000
v 4.436047 12.804316 -23.866200
v 4.538253 12.809673 -24.200693
v 4.560534 12.789611 -24.197522
v 4.448632 12.863857 -23.845000
v 4.452819 12.783966 -23.845000
v 4.560534 12.789611 -24.197522
v 4.556347 12.869502 -24.197522
v 4.355836 12.781301 -23.846000
v 4.351828 12.857782 -23.846000
v 4.447946 12.862819 -23.846000
v 4.451954 12.786338 -23.846000
v 4.354816 12.800767 -23.865493
v 4.355836 12.781301 -23.846000
v 4.451954 12.786338 -23.846000
v 4.436533 12.805050 -23.865493
v 4.354853 12.800061 -23.866200
v 4.354816 12.800767 -23.865493
v 4.436533 12.805050 -23.865493
v 4.436047 12.804316 -23.866200
v 4.436047 12.804316 -23.866200
v 4.452819 12.783966 -23.845000
v 4.355962 12.778890 -23.845000
v 4.354853 12.800061 -23.866200
v 3.578766 12.818269 -24.595000
v 3.582953 12.738378 -24.595000
v 3.582953 12.738378 -23.845000
v 3.578766 12.818269 -23.845000
v 3.582953 12.738378 -24.595000
v 3.603014 12.760659 -24.595000
v 3.603014 12.760659 -23.845000
v 3.582953 12.738378 -23.845000
v 3.603014 12.760659 -24.595000
v 3.602271 12.761328 -24.595000
v 3.602271 12.761328 -23.845000
v 3.603014 12.760659 -23.845000
v 3.602271 12.761328 -24.595000
v 3.583825 12.740842 -24.595000
v 3.583825 12.740842 -23.845000
v 3.602271 12.761328 -23.845000
v 3.583825 12.740842 -24.595000
v 3.579817 12.817322 -24.595000
v 3.579817 12.817322 -23.845000
v 3.583825 12.740842 -23.845000
f 3365 3366 3361
f 3361 3362 3363
f 3363 3364 3365
f 3365 3361 3363
f 3375 3376 3367
f 3367 3368 3369
f 3369 3370 3371
f 3372 3373 3374
f 3374 3375 3367
f 3367 3369 3371
f 3372 3374 3367
f 3367 3371 3372
f 3385 3386 3377
f 3380 3381 3382
f 3385 3377 3378
f 3380 3382 3383
f 3384 3385 3378
f 3379 3380 3383
f 3384 3378 3379
f 3379 3383 3384
f 3395 3396 3387
f 3389 3390 3391
f 3394 3395 3387
f 3389 3391 3392
f 3393 3394 3387
f 3388 3389 3392
f 3393 3387 3388
f 3388 3392 3393
f 3402 3397 3398
f 3399 3400 3401
f 3402 3398 3399
f 3399 3401 3402
f 3407 3408 3403
f 3403 3404 3405
f 3406 3407 3403
f 3403 3405 3406
f 3409 3410 3412
f 3412 3410 3411
f 3413 3414 3416
f 3416 3414 3415
f 3417 3418 3420
f 3420 3418 3419
f 3421 3422 3424
f 3424 3422 3423
f 3425 3426 3428
f 3428 3426 3427
f 3429 3430 3432
f 3432 3430 3431
f 3433 3434 3436
f 3436 3434 3435
f 3437 3438 3440
f 3440 3438 3439
f 3441 3442 3444
f 3444 3442 3443
f 3445 3446 3448
f 3448 3446 3447
f 3449 3450 3452
f 3452 3450 3451
f 3453 3454 3456
f 3456 3454 3455
f 3457 3458 3460
f 3460 3458 3459
f 3461 3462 3464
f 3464 3462 3463
f 3465 3466 3468
f 3468 3466 3467
f 3469 3470 3472
f 3472 3470 3471
f 3473 3474 3476
f 3476 3474 3475
f 3477 3478 3480
f 3480 3478 3479
f 3481 3482 3484
f 3484 3482 3483
f 3485 3486 3488
f 3488 3486 3487
f 3489 3490 3492
f 3492 3490 3491
f 3493 3494 3496
f 3496 3494 3495
f 3497 3498 3500
f 3500 3498 3499
f 3501 3502 3504
f 3504 3502 3503
f 3505 3506 3508
f 3508 3506 3507
f 3509 3510 3512
f 3512 3510 3511
f 3513 3514 3516
f 3516 3514 3515
f 3517 3518 3520
f 3520 3518 3519
o item_958c4ea6_1131273
v 4.556347 12.869502 -26.897522
v 4.556347 12.869502 -26.942478
v 4.448632 12.863857 -27.295000
v 3.578766 12.818269 -27.295000
v 3.578766 12.818269 -26.545000
v 4.448632 12.863857 -26.545000
v 4.351828 12.857782 -27.294000
v 4.447946 12.862819 -27.294000
v 4.555401 12.868451 -26.942329
v 4.555401 12.868451 -26.897671
v 4.447946 12.862819 -26.546000
v 4.351828 12.857782 -26.546000
v 4.351828 12.857782 -26.545000
v 3.579817 12.817322 -26.545000
v 3.579817 12.817322 -27.295000
v 4.351828 12.857782 -27.295000
v 4.355962 12.778890 -27.295000
v 4.351828 12.857782 -27.295000
v 3.579817 12.817322 -27.295000
v 3.583825 12.740842 -27.295000
v 3.602271 12.761328 -27.295000
v 3.603014 12.760659 -27.295000
v 3.582953 12.738378 -27.295000
v 3.578766 12.818269 -27.295000
v 4.448632 12.863857 -27.295000
v 4.452819 12.783966 -27.295000
v 3.583825 12.740842 -26.545000
v 3.579817 12.817322 -26.545000
v 4.351828 12.857782 -26.545000
v 4.355962 12.778890 -26.545000
v 4.452819 12.783966 -26.545000
v 4.448632 12.863857 -26.545000
v 3.578766 12.818269 -26.545000
v 3.582953 12.738378 -26.545000
v 3.603014 12.760659 -26.545000
v 3.602271 12.761328 -26.545000
v 4.351828 12.857782 -27.294000
v 4.351828 12.857782 -27.295000
v 4.355962 12.778890 -27.295000
v 4.354853 12.800061 -27.273800
v 4.354816 12.800767 -27.274507
v 4.355836 12.781301 -27.294000
v 4.355836 12.781301 -26.546000
v 4.354816 12.800767 -26.565493
v 4.354853 12.800061 -26.566200
v 4.355962 12.778890 -26.545000
v 4.351828 12.857782 -26.545000
v 4.351828 12.857782 -26.546000
v 4.351828 12.857782 -27.294000
v 4.355836 12.781301 -27.294000
v 4.451954 12.786338 -27.294000
v 4.447946 12.862819 -27.294000
v 4.355836 12.781301 -27.294000
v 4.354816 12.800767 -27.274507
v 4.436533 12.805050 -27.274507
v 4.451954 12.786338 -27.294000
v 4.354816 12.800767 -27.274507
v 4.354853 12.800061 -27.273800
v 4.436047 12.804316 -27.273800
v 4.436533 12.805050 -27.274507
v 4.452819 12.783966 -27.295000
v 4.436047 12.804316 -27.273800
v 4.354853 12.800061 -27.273800
v 4.355962 12.778890 -27.295000
v 4.447946 12.862819 -27.294000
v 4.451954 12.786338 -27.294000
v 4.559409 12.791970 -26.942329
v 4.555401 12.868451 -26.942329
v 4.538923 12.810416 -26.939413
v 4.559409 12.791970 -26.942329
v 4.451954 12.786338 -27.294000
v 4.436533 12.805050 -27.274507
v 4.538253 12.809673 -26.939307
v 4.538923 12.810416 -26.939413
v 4.436533 12.805050 -27.274507
v 4.436047 12.804316 -27.273800
v 4.436047 12.804316 -27.273800
v 4.452819 12.783966 -27.295000
v 4.560534 12.789611 -26.942478
v 4.538253 12.809673 -26.939307
v 4.452819 12.783966 -27.295000
v 4.448632 12.863857 -27.295000
v 4.556347 12.869502 -26.942478
v 4.560534 12.789611 -26.942478
v 4.555401 12.868451 -26.942329
v 4.559409 12.791970 -26.942329
v 4.559409 12.791970 -26.897671
v 4.555401 12.868451 -26.897671
v 4.559409 12.791970 -26.942329
v 4.538923 12.810416 -26.939413
v 4.538923 12.810416 -26.900587
v 4.559409 12.791970 -26.897671
v 4.538923 12.810416 -26.939413
v 4.538253 12.809673 -26.939307
v 4.538253 12.809673 -26.900693
v 4.538923 12.810416 -26.900587
v 4.538253 12.809673 -26.939307
v 4.560534 12.789611 -26.942478
v 4.560534 12.789611 -26.897522
v 4.538253 12.809673 -26.900693
v 4.560534 12.789611 -26.942478
v 4.556347 12.869502 -26.942478
v 4.556347 12.869502 -26.897522
v 4.560534 12.789611 -26.897522
v 4.555401 12.868451 -26.897671
v 4.559409 12.791970 -26.897671
v 4.451954 12.786338 -26.546000
v 4.447946 12.862819 -26.546000
v 4.559409 12.791970 -26.897671
v 4.538923 12.810416 -26.900587
v 4.436533 12.805050 -26.565493
v 4.451954 12.786338 -26.546000
v 4.538923 12.810416 -26.900587
v 4.538253 12.809673 -26.900693
v 4.436047 12.804316 -26.566200
v 4.436533 12.805050 -26.565493
v 4.452819 12.783966 -26.545000
v 4.436047 12.804316 -26.566200
v 4.538253 12.809673 -26.900693
v 4.560534 12.789611 -26.897522
v 4.448632 12.863857 -26.545000
v 4.452819 12.783966 -26.545000
v 4.560534 12.789611 -26.897522
v 4.556347 12.869502 -26.897522
v 4.355836 12.781301 -26.546000
v 4.351828 12.857782 -26.546000
v 4.447946 12.862819 -26.546000
v 4.451954 12.786338 -26.546000
v 4.354816 12.800767 -26.565493
v 4.355836 12.781301 -26.546000
v 4.451954 12.786338 -26.546000
v 4.436533 12.805050 -26.565493
v 4.354853 12.800061 -26.566200
v 4.354816 12.800767 -26.565493
v 4.436533 12.805050 -26.565493
v 4.436047 12.804316 -26.566200
v 4.436047 12.804316 -26.566200
v 4.452819 12.783966 -26.545000
v 4.355962 12.778890 -26.545000
v 4.354853 12.800061 -26.566200
v 3.578766 12.818269 -27.295000
v 3.582953 12.738378 -27.295000
v 3.582953 12.738378 -26.545000
v 3.578766 12.818269 -26.545000
v 3.582953 12.738378 -27.295000
v 3.603014 12.760659 -27.295000
v 3.603014 12.760659 -26.545000
v 3.582953 12.738378 -26.545000
v 3.603014 12.760659 -27.295000
v 3.602271 12.761328 -27.295000
v 3.602271 12.761328 -26.545000
v 3.603014 12.760659 -26.545000
v 3.602271 12.761328 -27.295000
v 3.583825 12.740842 -27.295000
v 3.583825 12.740842 -26.545000
v 3.602271 12.761328 -26.545000
v 3.583825 12.740842 -27.295000
v 3.579817 12.817322 -27.295000
v 3.579817 12.817322 -26.545000
v 3.583825 12.740842 -26.545000
f 3525 3526 3521
f 3521 3522 3523
f 3523 3524 3525
f 3525 3521 3523
f 3535 3536 3527
f 3527 3528 3529
f 3529 3530 3531
f 3532 3533 3534
f 3534 3535 3527
f 3527 3529 3531
f 3532 3534 3527
f 3527 3531 3532
f 3545 3546 3537
f 3540 3541 3542
f 3545 3537 3538
f 3540 3542 3543
f 3544 3545 3538
f 3539 3540 3543
f 3544 3538 3539
f 3539 3543 3544
f 3555 3556 3547
f 3549 3550 3551
f 3554 3555 3547
f 3549 3551 3552
f 3553 3554 3547
f 3548 3549 3552
f 3553 3547 3548
f 3548 3552 3553
f 3562 3557 3558
f 3559 3560 3561
f 3562 3558 3559
f 3559 3561 3562
f 3567 3568 3563
f 3563 3564 3565
f 3566 3567 3563
f 3563 3565 3566
f 3569 3570 3572
f 3572 3570 3571
f 3573 3574 3576
f 3576 3574 3575
f 3577 3578 3580
f 3580 3578 3579
f 3581 3582 3584
f 3584 3582 3583
f 3585 3586 3588
f 3588 3586 3587
f 3589 3590 3592
f 3592 3590 3591
f 3593 3594 3596
f 3596 3594 3595
f 3597 3598 3600
f 3600 3598 3599
f 3601 3602 3604
f 3604 3602 3603
f 3605 3606 3608
f 3608 3606 3607
f 3609 3610 3612
f 3612 3610 3611
f 3613 3614 3616
f 3616 3614 3615
f 3617 3618 3620
f 3620 3618 3619
f 3621 3622 3624
f 3624 3622 3623
f 3625 3626 3628
f 3628 3626 3627
f 3629 3630 3632
f 3632 3630 3631
f 3633 3634 3636
f 3636 3634 3635
f 3637 3638 3640
f 3640 3638 3639
f 3641 3642 3644
f 3644 3642 3643
f 3645 3646 3648
f 3648 3646 3647
f 3649 3650 3652
f 3652 3650 3651
f 3653 3654 3656
f 3656 3654 3655
f 3657 3658 3660
f 3660 3658 3659
f 3661 3662 3664
f 3664 3662 3663
f 3665 3666 3668
f 3668 3666 3667
f 3669 3670 3672
f 3672 3670 3671
f 3673 3674 3676
f 3676 3674 3675
f 3677 3678 3680
f 3680 3678 3679
o item_958c4ea6_1131248
v 4.556347 12.869502 -29.522522
v 4.556347 12.869502 -29.567478
v 4.448632 12.863857 -29.920000
v 3.578766 12.818269 -29.920000
v 3.578766 12.818269 -29.170000
v 4.448632 12.863857 -29.170000
v 4.351828 12.857782 -29.919000
v 4.447946 12.862819 -29.919000
v 4.555401 12.868451 -29.567329
v 4.555401 12.868451 -29.522671
v 4.447946 12.862819 -29.171000
v 4.351828 12.857782 -29.171000
v 4.351828 12.857782 -29.170000
v 3.579817 12.817322 -29.170000
v 3.579817 12.817322 -29.920000
v 4.351828 12.857782 -29.920000
v 4.355962 12.778890 -29.920000
v 4.351828 12.857782 -29.920000
v 3.579817 12.817322 -29.920000
v 3.583825 12.740842 -29.920000
v 3.602271 12.761328 -29.920000
v 3.603014 12.760659 -29.920000
v 3.582953 12.738378 -29.920000
v 3.578766 12.818269 -29.920000
v 4.448632 12.863857 -29.920000
v 4.452819 12.783966 -29.920000
v 3.583825 12.740842 -29.170000
v 3.579817 12.817322 -29.170000
v 4.351828 12.857782 -29.170000
v 4.355962 12.778890 -29.170000
v 4.452819 12.783966 -29.170000
v 4.448632 12.863857 -29.170000
v 3.578766 12.818269 -29.170000
v 3.582953 12.738378 -29.170000
v 3.603014 12.760659 -29.170000
v 3.602271 12.761328 -29.170000
v 4.351828 12.857782 -29.919000
v 4.351828 12.857782 -29.920000
v 4.355962 12.778890 -29.920000
v 4.354853 12.800061 -29.898800
v 4.354816 12.800767 -29.899507
v 4.355836 12.781301 -29.919000
v 4.355836 12.781301 -29.171000
v 4.354816 12.800767 -29.190493
v 4.354853 12.800061 -29.191200
v 4.355962 12.778890 -29.170000
v 4.351828 12.857782 -29.170000
v 4.351828 12.857782 -29.171000
v 4.351828 12.857782 -29.919000
v 4.355836 12.781301 -29.919000
v 4.451954 12.786338 -29.919000
v 4.447946 12.862819 -29.919000
v 4.355836 12.781301 -29.919000
v 4.354816 12.800767 -29.899507
v 4.436533 12.805050 -29.899507
v 4.451954 12.786338 -29.919000
v 4.354816 12.800767 -29.899507
v 4.354853 12.800061 -29.898800
v 4.436047 12.804316 -29.898800
v 4.436533 12.805050 -29.899507
v 4.452819 12.783966 -29.920000
v 4.436047 12.804316 -29.898800
v 4.354853 12.800061 -29.898800
v 4.355962 12.778890 -29.920000
v 4.447946 12.862819 -29.919000
v 4.451954 12.786338 -29.919000
v 4.559409 12.791970 -29.567329
v 4.555401 12.868451 -29.567329
v 4.538923 12.810416 -29.564413
v 4.559409 12.791970 -29.567329
v 4.451954 12.786338 -29.919000
v 4.436533 12.805050 -29.899507
v 4.538253 12.809673 -29.564307
v 4.538923 12.810416 -29.564413
v 4.436533 12.805050 -29.899507
v 4.436047 12.804316 -29.898800
v 4.436047 12.804316 -29.898800
v 4.452819 12.783966 -29.920000
v 4.560534 12.789611 -29.567478
v 4.538253 12.809673 -29.564307
v 4.452819 12.783966 -29.920000
v 4.448632 12.863857 -29.920000
v 4.556347 12.869502 -29.567478
v 4.560534 12.789611 -29.567478
v 4.555401 12.868451 -29.567329
v 4.559409 12.791970 -29.567329
v 4.559409 12.791970 -29.522671
v 4.555401 12.868451 -29.522671
v 4.559409 12.791970 -29.567329
v 4.538923 12.810416 -29.564413
v 4.538923 12.810416 -29.525587
v 4.559409 12.791970 -29.522671
v 4.538923 12.810416 -29.564413
v 4.538253 12.809673 -29.564307
v 4.538253 12.809673 -29.525693
v 4.538923 12.810416 -29.525587
v 4.538253 12.809673 -29.564307
v 4.560534 12.789611 -29.567478
v 4.560534 12.789611 -29.522522
v 4.538253 12.809673 -29.525693
v 4.560534 12.789611 -29.567478
v 4.556347 12.869502 -29.567478
v 4.556347 12.869502 -29.522522
v 4.560534 12.789611 -29.522522
v 4.555401 12.868451 -29.522671
v 4.559409 12.791970 -29.522671
v 4.451954 12.786338 -29.171000
v 4.447946 12.862819 -29.171000
v 4.559409 12.791970 -29.522671
v 4.538923 12.810416 -29.525587
v 4.436533 12.805050 -29.190493
v 4.451954 12.786338 -29.171000
v 4.538923 12.810416 -29.525587
v 4.538253 12.809673 -29.525693
v 4.436047 12.804316 -29.191200
v 4.436533 12.805050 -29.190493
v 4.452819 12.783966 -29.170000
v 4.436047 12.804316 -29.191200
v 4.538253 12.809673 -29.525693
v 4.560534 12.789611 -29.522522
v 4.448632 12.863857 -29.170000
v 4.452819 12.783966 -29.170000
v 4.560534 12.789611 -29.522522
v 4.556347 12.869502 -29.522522
v 4.355836 12.781301 -29.171000
v 4.351828 12.857782 -29.171000
v 4.447946 12.862819 -29.171000
v 4.451954 12.786338 -29.171000
v 4.354816 12.800767 -29.190493
v 4.355836 12.781301 -29.171000
v 4.451954 12.786338 -29.171000
v 4.436533 12.805050 -29.190493
v 4.354853 12.800061 -29.191200
v 4.354816 12.800767 -29.190493
v 4.436533 12.805050 -29.190493
v 4.436047 12.804316 -29.191200
v 4.436047 12.804316 -29.191200
v 4.452819 12.783966 -29.170000
v 4.355962 12.778890 -29.170000
v 4.354853 12.800061 -29.191200
v 3.578766 12.818269 -29.920000
v 3.582953 12.738378 -29.920000
v 3.582953 12.738378 -29.170000
v 3.578766 12.818269 -29.170000
v 3.582953 12.738378 -29.920000
v 3.603014 12.760659 -29.920000
v 3.603014 12.760659 -29.170000
v 3.582953 12.738378 -29.170000
v 3.603014 12.760659 -29.920000
v 3.602271 12.761328 -29.920000
v 3.602271 12.761328 -29.170000
v 3.603014 12.760659 -29.170000
v 3.602271 12.761328 -29.920000
v 3.583825 12.740842 -29.920000
v 3.583825 12.740842 -29.170000
v 3.602271 12.761328 -29.170000
v 3.583825 12.740842 -29.920000
v 3.579817 12.817322 -29.920000
v 3.579817 12.817322 -29.170000
v 3.583825 12.740842 -29.170000
f 3685 3686 3681
f 3681 3682 3683
f 3683 3684 3685
f 3685 3681 3683
f 3695 3696 3687
f 3687 3688 3689
f 3689 3690 3691
f 3692 3693 3694
f 3694 3695 3687
f 3687 3689 3691
f 3692 3694 3687
f 3687 3691 3692
f 3705 3706 3697
f 3700 3701 3702
f 3705 3697 3698
f 3700 3702 3703
f 3704 3705 3698
f 3699 3700 3703
f 3704 3698 3699
f 3699 3703 3704
f 3715 3716 3707
f 3709 3710 3711
f 3714 3715 3707
f 3709 3711 3712
f 3713 3714 3707
f 3708 3709 3712
f 3713 3707 3708
f 3708 3712 3713
f 3722 3717 3718
f 3719 3720 3721
f 3722 3718 3719
f 3719 3721 3722
f 3727 3728 3723
f 3723 3724 3725
f 3726 3727 3723
f 3723 3725 3726
f 3729 3730 3732
f 3732 3730 3731
f 3733 3734 3736
f 3736 3734 3735
f 3737 3738 3740
f 3740 3738 3739
f 3741 3742 3744
f 3744 3742 3743
f 3745 3746 3748
f 3748 3746 3747
f 3749 3750 3752
f 3752 3750 3751
f 3753 3754 3756
f 3756 3754 3755
f 3757 3758 3760
f 3760 3758 3759
f 3761 3762 3764
f 3764 3762 3763
f 3765 3766 3768
f 3768 3766 3767
f 3769 3770 3772
f 3772 3770 3771
f 3773 3774 3776
f 3776 3774 3775
f 3777 3778 3780
f 3780 3778 3779
f 3781 3782 3784
f 3784 3782 3783
f 3785 3786 3788
f 3788 3786 3787
f 3789 3790 3792
f 3792 3790 3791
f 3793 3794 3796
f 3796 3794 3795
f 3797 3798 3800
f 3800 3798 3799
f 3801 3802 3804
f 3804 3802 3803
f 3805 3806 3808
f 3808 3806 3807
f 3809 3810 3812
f 3812 3810 3811
f 3813 3814 3816
f 3816 3814 3815
f 3817 3818 3820
f 3820 3818 3819
f 3821 3822 3824
f 3824 3822 3823
f 3825 3826 3828
f 3828 3826 3827
f 3829 3830 3832
f 3832 3830 3831
f 3833 3834 3836
f 3836 3834 3835
f 3837 3838 3840
f 3840 3838 3839
o item_958c4ea6_1131473
v 1.507478 12.869502 -32.466337
v 1.462522 12.869502 -32.466337
v 1.110000 12.863857 -32.358622
v 1.110000 12.818269 -31.488756
v 1.860000 12.818269 -31.488756
v 1.860000 12.863857 -32.358622
v 1.111000 12.857782 -32.261818
v 1.111000 12.862819 -32.357936
v 1.462671 12.868451 -32.465391
v 1.507329 12.868451 -32.465391
v 1.859000 12.862819 -32.357936
v 1.859000 12.857782 -32.261818
v 1.860000 12.857782 -32.261818
v 1.860000 12.817322 -31.489807
v 1.110000 12.817322 -31.489807
v 1.110000 12.857782 -32.261818
v 1.110000 12.778890 -32.265952
v 1.110000 12.857782 -32.261818
v 1.110000 12.817322 -31.489807
v 1.110000 12.740842 -31.493815
v 1.110000 12.761328 -31.512261
v 1.110000 12.760659 -31.513004
v 1.110000 12.738378 -31.492943
v 1.110000 12.818269 -31.488756
v 1.110000 12.863857 -32.358622
v 1.110000 12.783966 -32.362809
v 1.860000 12.740842 -31.493815
v 1.860000 12.817322 -31.489807
v 1.860000 12.857782 -32.261818
v 1.860000 12.778890 -32.265952
v 1.860000 12.783966 -32.362809
v 1.860000 12.863857 -32.358622
v 1.860000 12.818269 -31.488756
v 1.860000 12.738378 -31.492943
v 1.860000 12.760659 -31.513004
v 1.860000 12.761328 -31.512261
v 1.111000 12.857782 -32.261818
v 1.110000 12.857782 -32.261818
v 1.110000 12.778890 -32.265952
v 1.131200 12.800061 -32.264843
v 1.130493 12.800767 -32.264806
v 1.111000 12.781301 -32.265826
v 1.859000 12.781301 -32.265826
v 1.839507 12.800767 -32.264806
v 1.838800 12.800061 -32.264843
v 1.860000 12.778890 -32.265952
v 1.860000 12.857782 -32.261818
v 1.859000 12.857782 -32.261818
v 1.111000 12.857782 -32.261818
v 1.111000 12.781301 -32.265826
v 1.111000 12.786338 -32.361944
v 1.111000 12.862819 -32.357936
v 1.111000 12.781301 -32.265826
v 1.130493 12.800767 -32.264806
v 1.130493 12.805050 -32.346523
v 1.111000 12.786338 -32.361944
v 1.130493 12.800767 -32.264806
v 1.131200 12.800061 -32.264843
v 1.131200 12.804316 -32.346037
v 1.130493 12.805050 -32.346523
v 1.110000 12.783966 -32.362809
v 1.131200 12.804316 -32.346037
v 1.131200 12.800061 -32.264843
v 1.110000 12.778890 -32.265952
v 1.111000 12.862819 -32.357936
v 1.111000 12.786338 -32.361944
v 1.462671 12.791970 -32.469399
v 1.462671 12.868451 -32.465391
v 1.465587 12.810416 -32.448913
v 1.462671 12.791970 -32.469399
v 1.111000 12.786338 -32.361944
v 1.130493 12.805050 -32.346523
v 1.465693 12.809673 -32.448243
v 1.465587 12.810416 -32.448913
v 1.130493 12.805050 -32.346523
v 1.131200 12.804316 -32.346037
v 1.131200 12.804316 -32.346037
v 1.110000 12.783966 -32.362809
v 1.462522 12.789611 -32.470524
v 1.465693 12.809673 -32.448243
v 1.110000 12.783966 -32.362809
v 1.110000 12.863857 -32.358622
v 1.462522 12.869502 -32.466337
v 1.462522 12.789611 -32.470524
v 1.462671 12.868451 -32.465391
v 1.462671 12.791970 -32.469399
v 1.507329 12.791970 -32.469399
v 1.507329 12.868451 -32.465391
v 1.462671 12.791970 -32.469399
v 1.465587 12.810416 -32.448913
v 1.504413 12.810416 -32.448913
v 1.507329 12.791970 -32.469399
v 1.465587 12.810416 -32.448913
v 1.465693 12.809673 -32.448243
v 1.504307 12.809673 -32.448243
v 1.504413 12.810416 -32.448913
v 1.465693 12.809673 -32.448243
v 1.462522 12.789611 -32.470524
v 1.507478 12.789611 -32.470524
v 1.504307 12.809673 -32.448243
v 1.462522 12.789611 -32.470524
v 1.462522 12.869502 -32.466337
v 1.507478 12.869502 -32.466337
v 1.507478 12.789611 -32.470524
v 1.507329 12.868451 -32.465391
v 1.507329 12.791970 -32.469399
v 1.859000 12.786338 -32.361944
v 1.859000 12.862819 -32.357936
v 1.507329 12.791970 -32.469399
v 1.504413 12.810416 -32.448913
v 1.839507 12.805050 -32.346523
v 1.859000 12.786338 -32.361944
v 1.504413 12.810416 -32.448913
v 1.504307 12.809673 -32.448243
v 1.838800 12.804316 -32.346037
v 1.839507 12.805050 -32.346523
v 1.860000 12.783966 -32.362809
v 1.838800 12.804316 -32.346037
v 1.504307 12.809673 -32.448243
v 1.507478 12.789611 -32.470524
v 1.860000 12.863857 -32.358622
v 1.860000 12.783966 -32.362809
v 1.507478 12.789611 -32.470524
v 1.507478 12.869502 -32.466337
v 1.859000 12.781301 -32.265826
v 1.859000 12.857782 -32.261818
v 1.859000 12.862819 -32.357936
v 1.859000 12.786338 -32.361944
v 1.839507 12.800767 -32.264806
v 1.859000 12.781301 -32.265826
v 1.859000 12.786338 -32.361944
v 1.839507 12.805050 -32.346523
v 1.838800 12.800061 -32.264843
v 1.839507 12.800767 -32.264806
v 1.839507 12.805050 -32.346523
v 1.838800 12.804316 -32.346037
v 1.838800 12.804316 -32.346037
v 1.860000 12.783966 -32.362809
v 1.860000 12.778890 -32.265952
v 1.838800 12.800061 -32.264843
v 1.110000 12.818269 -31.488756
v 1.110000 12.738378 -31.492943
v 1.860000 12.738378 -31.492943
v 1.860000 12.818269 -31.488756
v 1.110000 12.738378 -31.492943
v 1.110000 12.760659 -31.513004
v 1.860000 12.760659 -31.513004
v 1.860000 12.738378 -31.492943
v 1.110000 12.760659 -31.513004
v 1.110000 12.761328 -31.512261
v 1.860000 12.761328 -31.512261
v 1.860000 12.760659 -31.513004
v 1.110000 12.761328 -31.512261
v 1.110000 12.740842 -31.493815
v 1.860000 12.740842 -31.493815
v 1.860000 12.761328 -31.512261
v 1.110000 12.740842 -31.493815
v 1.110000 12.817322 -31.489807
v 1.860000 12.817322 -31.489807
v 1.860000 12.740842 -31.493815
f 3845 3846 3841
f 3841 3842 3843
f 3843 3844 3845
f 3845 3841 3843
f 3855 3856 3847
f 3847 3848 3849
f 3849 3850 3851
f 3852 3853 3854
f 3854 3855 3847
f 3847 3849 3851
f 3852 3854 3847
f 3847 3851 3852
f 3865 3866 3857
f 3860 3861 3862
f 3865 3857 3858
f 3860 3862 3863
f 3864 3865 3858
f 3859 3860 3863
f 3864 3858 3859
f 3859 3863 3864
f 3875 3876 3867
f 3869 3870 3871
f 3874 3875 3867
f 3869 3871 3872
f 3873 3874 3867
f 3868 3869 3872
f 3873 3867 3868
f 3868 3872 3873
f 3882 3877 3878
f 3879 3880 3881
f 3882 3878 3879
f 3879 3881 3882
f 3887 3888 3883
f 3883 3884 3885
f 3886 3887 3883
f 3883 3885 3886
f 3889 3890 3892
f 3892 3890 3891
f 3893 3894 3896
f 3896 3894 3895
f 3897 3898 3900
f 3900 3898 3899
f 3901 3902 3904
f 3904 3902 3903
f 3905 3906 3908
f 3908 3906 3907
f 3909 3910 3912
f 3912 3910 3911
f 3913 3914 3916
f 3916 3914 3915
f 3917 3918 3920
f 3920 3918 3919
f 3921 3922 3924
f 3924 3922 3923
f 3925 3926 3928
f 3928 3926 3927
f 3929 3930 3932
f 3932 3930 3931
f 3933 3934 3936
f 3936 3934 3935
f 3937 3938 3940
f 3940 3938 3939
f 3941 3942 3944
f 3944 3942 3943
f 3945 3946 3948
f 3948 3946 3947
f 3949 3950 3952
f 3952 3950 3951
f 3953 3954 3956
f 3956 3954 3955
f 3957 3958 3960
f 3960 3958 3959
f 3961 3962 3964
f 3964 3962 3963
f 3965 3966 3968
f 3968 3966 3967
f 3969 3970 3972
f 3972 3970 3971
f 3973 3974 3976
f 3976 3974 3975
f 3977 3978 3980
f 3980 3978 3979
f 3981 3982 3984
f 3984 3982 3983
f 3985 3986 3988
f 3988 3986 3987
f 3989 3990 3992
f 3992 3990 3991
f 3993 3994 3996
f 3996 3994 3995
f 3997 3998 4000
f 4000 3998 3999
o item_958c4ea6_1131498
v -1.267522 12.869502 -32.466337
v -1.312478 12.869502 -32.466337
v -1.665000 12.863857 -32.358622
v -1.665000 12.818269 -31.488756
v -0.915000 12.818269 -31.488756
v -0.915000 12.863857 -32.358622
v -1.664000 12.857782 -32.261818
v -1.664000 12.862819 -32.357936
v -1.312329 12.868451 -32.465391
v -1.267671 12.868451 -32.465391
v -0.916000 12.862819 -32.357936
v -0.916000 12.857782 -32.261818
v -0.915000 12.857782 -32.261818
v -0.915000 12.817322 -31.489807
v -1.665000 12.817322 -31.489807
v -1.665000 12.857782 -32.261818
v -1.665000 12.778890 -32.265952
v -1.665000 12.857782 -32.261818
v -1.665000 12.817322 -31.489807
v -1.665000 12.740842 -31.493815
v -1.665000 12.761328 -31.512261
v -1.665000 12.760659 -31.513004
v -1.665000 12.738378 -31.492943
v -1.665000 12.818269 -31.488756
v -1.665000 12.863857 -32.358622
v -1.665000 12.783966 -32.362809
v -0.915000 12.740842 -31.493815
v -0.915000 12.817322 -31.489807
v -0.915000 12.857782 -32.261818
v -0.915000 12.778890 -32.265952
v -0.915000 12.783966 -32.362809
v -0.915000 12.863857 -32.358622
v -0.915000 12.818269 -31.488756
v -0.915000 12.738378 -31.492943
v -0.915000 12.760659 -31.513004
v -0.915000 12.761328 -31.512261
v -1.664000 12.857782 -32.261818
v -1.665000 12.857782 -32.261818
v -1.665000 12.778890 -32.265952
v -1.643800 12.800061 -32.264843
v -1.644507 12.800767 -32.264806
v -1.664000 12.781301 -32.265826
v -0.916000 12.781301 -32.265826
v -0.935493 12.800767 -32.264806
v -0.936200 12.800061 -32.264843
v -0.915000 12.778890 -32.265952
v -0.915000 12.857782 -32.261818
v -0.916000 12.857782 -32.261818
v -1.664000 12.857782 -32.261818
v -1.664000 12.781301 -32.265826
v -1.664000 12.786338 -32.361944
v -1.664000 12.862819 -32.357936
v -1.664000 12.781301 -32.265826
v -1.644507 12.800767 -32.264806
v -1.644507 12.805050 -32.346523
v -1.664000 12.786338 -32.361944
v -1.644507 12.800767 -32.264806
v -1.643800 12.800061 -32.264843
v -1.643800 12.804316 -32.346037
v -1.644507 12.805050 -32.346523
v -1.665000 12.783966 -32.362809
v -1.643800 12.804316 -32.346037
v -1.643800 12.800061 -32.264843
v -1.665000 12.778890 -32.265952
v -1.664000 12.862819 -32.357936
v -1.664000 12.786338 -32.361944
v -1.312329 12.791970 -32.469399
v -1.312329 12.868451 -32.465391
v -1.309413 12.810416 -32.448913
v -1.312329 12.791970 -32.469399
v -1.664000 12.786338 -32.361944
v -1.644507 12.805050 -32.346523
v -1.309307 12.809673 -32.448243
v -1.309413 12.810416 -32.448913
v -1.644507 12.805050 -32.346523
v -1.643800 12.804316 -32.346037
v -1.643800 12.804316 -32.346037
v -1.665000 12.783966 -32.362809
v -1.312478 12.789611 -32.470524
v -1.309307 12.809673 -32.448243
v -1.665000 12.783966 -32.362809
v -1.665000 12.863857 -32.358622
v -1.312478 12.869502 -32.466337
v -1.312478 12.789611 -32.470524
v -1.312329 12.868451 -32.465391
v -1.312329 12.791970 -32.469399
v -1.267671 12.791970 -32.469399
v -1.267671 12.868451 -32.465391
v -1.312329 12.791970 -32.469399
v -1.309413 12.810416 -32.448913
v -1.270587 12.810416 -32.448913
v -1.267671 12.791970 -32.469399
v -1.309413 12.810416 -32.448913
v -1.309307 12.809673 -32.448243
v -1.270693 12.809673 -32.448243
v -1.270587 12.810416 -32.448913
v -1.309307 12.809673 -32.448243
v -1.312478 12.789611 -32.470524
v -1.267522 12.789611 -32.470524
v -1.270693 12.809673 -32.448243
v -1.312478 12.789611 -32.470524
v -1.312478 12.869502 -32.466337
v -1.267522 12.869502 -32.466337
v -1.267522 12.789611 -32.470524
v -1.267671 12.868451 -32.465391
v -1.267671 12.791970 -32.469399
v -0.916000 12.786338 -32.361944
v -0.916000 12.862819 -32.357936
v -1.267671 12.791970 -32.469399
v -1.270587 12.810416 -32.448913
v -0.935493 12.805050 -32.346523
v -0.916000 12.786338 -32.361944
v -1.270587 12.810416 -32.448913
v -1.270693 12.809673 -32.448243
v -0.936200 12.804316 -32.346037
v -0.935493 12.805050 -32.346523
v -0.915000 12.783966 -32.362809
v -0.936200 12.804316 -32.346037
v -1.270693 12.809673 -32.448243
v -1.267522 12.789611 -32.470524
v -0.915000 12.863857 -32.358622
v -0.915000 12.783966 -32.362809
v -1.267522 12.789611 -32.470524
v -1.267522 12.869502 -32.466337
v -0.916000 12.781301 -32.265826
v -0.916000 12.857782 -32.261818
v -0.916000 12.862819 -32.357936
v -0.916000 12.786338 -32.361944
v -0.935493 12.800767 -32.264806
v -0.916000 12.781301 -32.265826
v -0.916000 12.786338 -32.361944
v -0.935493 12.805050 -32.346523
v -0.936200 12.800061 -32.264843
v -0.935493 12.800767 -32.264806
v -0.935493 12.805050 -32.346523
v -0.936200 12.804316 -32.346037
v -0.936200 12.804316 -32.346037
v -0.915000 12.783966 -32.362809
v -0.915000 12.778890 -32.265952
v -0.936200 12.800061 -32.264843
v -1.665000 12.818269 -31.488756
v -1.665000 12.738378 -31.492943
v -0.915000 12.738378 -31.492943
v -0.915000 12.818269 -31.488756
v -1.665000 12.738378 -31.492943
v -1.665000 12.760659 -31.513004
v -0.915000 12.760659 -31.513004
v -0.915000 12.738378 -31.492943
v -1.665000 12.760659 -31.513004
v -1.665000 12.761328 -31.512261
v -0.915000 12.761328 -31.512261
v -0.915000 12.760659 -31.513004
v -1.665000 12.761328 -31.512261
v -1.665000 12.740842 -31.493815
v -0.915000 12.740842 -31.493815
v -0.915000 12.761328 -31.512261
v -1.665000 12.740842 -31.493815
v -1.665000 12.817322 -31.489807
v -0.915000 12.817322 -31.489807
v -0.915000 12.740842 -31.493815
f 4005 4006 4001
f 4001 4002 4003
f 4003 4004 4005
f 4005 4001 4003
f 4015 4016 4007
f 4007 4008 4009
f 4009 4010 4011
f 4012 4013 4014
f 4014 4015 4007
f 4007 4009 4011
f 4012 4014 4007
f 4007 4011 4012
f 4025 4026 4017
f 4020 4021 4022
f 4025 4017 4018
f 4020 4022 4023
f 4024 4025 4018
f 4019 4020 4023
f 4024 4018 4019
f 4019 4023 4024
f 4035 4036 4027
f 4029 4030 4031
f 4034 4035 4027
f 4029 4031 4032
f 4033 4034 4027
f 4028 4029 4032
f 4033 4027 4028
f 4028 4032 4033
f 4042 4037 4038
f 4039 4040 4041
f 4042 4038 4039
f 4039 4041 4042
f 4047 4048 4043
f 4043 4044 4045
f 4046 4047 4043
f 4043 4045 4046
f 4049 4050 4052
f 4052 4050 4051
f 4053 4054 4056
f 4056 4054 4055
f 4057 4058 4060
f 4060 4058 4059
f 4061 4062 4064
f 4064 4062 4063
f 4065 4066 4068
f 4068 4066 4067
f 4069 4070 4072
f 4072 4070 4071
f 4073 4074 4076
f 4076 4074 4075
f 4077 4078 4080
f 4080 4078 4079
f 4081 4082 4084
f 4084 4082 4083
f 4085 4086 4088
f 4088 4086 4087
f 4089 4090 4092
f 4092 4090 4091
f 4093 4094 4096
f 4096 4094 4095
f 4097 4098 4100
f 4100 4098 4099
f 4101 4102 4104
f 4104 4102 4103
f 4105 4106 4108
f 4108 4106 4107
f 4109 4110 4112
f 4112 4110 4111
f 4113 4114 4116
f 4116 4114 4115
f 4117 4118 4120
f 4120 4118 4119
f 4121 4122 4124
f 4124 4122 4123
f 4125 4126 4128
f 4128 4126 4127
f 4129 4130 4132
f 4132 4130 4131
f 4133 4134 4136
f 4136 4134 4135
f 4137 4138 4140
f 4140 4138 4139
f 4141 4142 4144
f 4144 4142 4143
f 4145 4146 4148
f 4148 4146 4147
f 4149 4150 4152
f 4152 4150 4151
f 4153 4154 4156
f 4156 4154 4155
f 4157 4158 4160
f 4160 4158 4159
o item_958c4ea6_1131523
v -4.042522 12.870502 -32.466337
v -4.087478 12.870502 -32.466337
v -4.440000 12.864857 -32.358622
v -4.440000 12.819269 -31.488756
v -3.690000 12.819269 -31.488756
v -3.690000 12.864857 -32.358622
v -4.439000 12.858782 -32.261818
v -4.439000 12.863819 -32.357936
v -4.087329 12.869451 -32.465391
v -4.042671 12.869451 -32.465391
v -3.691000 12.863819 -32.357936
v -3.691000 12.858782 -32.261818
v -3.690000 12.858782 -32.261818
v -3.690000 12.818322 -31.489807
v -4.440000 12.818322 -31.489807
v -4.440000 12.858782 -32.261818
v -4.440000 12.779890 -32.265952
v -4.440000 12.858782 -32.261818
v -4.440000 12.818322 -31.489807
v -4.440000 12.741842 -31.493815
v -4.440000 12.762328 -31.512261
v -4.440000 12.761659 -31.513004
v -4.440000 12.739378 -31.492943
v -4.440000 12.819269 -31.488756
v -4.440000 12.864857 -32.358622
v -4.440000 12.784966 -32.362809
v -3.690000 12.741842 -31.493815
v -3.690000 12.818322 -31.489807
v -3.690000 12.858782 -32.261818
v -3.690000 12.779890 -32.265952
v -3.690000 12.784966 -32.362809
v -3.690000 12.864857 -32.358622
v -3.690000 12.819269 -31.488756
v -3.690000 12.739378 -31.492943
v -3.690000 12.761659 -31.513004
v -3.690000 12.762328 -31.512261
v -4.439000 12.858782 -32.261818
v -4.440000 12.858782 -32.261818
v -4.440000 12.779890 -32.265952
v -4.418800 12.801061 -32.264843
v -4.419507 12.801767 -32.264806
v -4.439000 12.782301 -32.265826
v -3.691000 12.782301 -32.265826
v -3.710493 12.801767 -32.264806
v -3.711200 12.801061 -32.264843
v -3.690000 12.779890 -32.265952
v -3.690000 12.858782 -32.261818
v -3.691000 12.858782 -32.261818
v -4.439000 12.858782 -32.261818
v -4.439000 12.782301 -32.265826
v -4.439000 12.787338 -32.361944
v -4.439000 12.863819 -32.357936
v -4.439000 12.782301 -32.265826
v -4.419507 12.801767 -32.264806
v -4.419507 12.806050 -32.346523
v -4.439000 12.787338 -32.361944
v -4.419507 12.801767 -32.264806
v -4.418800 12.801061 -32.264843
v -4.418800 12.805316 -32.346037
v -4.419507 12.806050 -32.346523
v -4.440000 12.784966 -32.362809
v -4.418800 12.805316 -32.346037
v -4.418800 12.801061 -32.264843
v -4.440000 12.779890 -32.265952
v -4.439000 12.863819 -32.357936
v -4.439000 12.787338 -32.361944
v -4.087329 12.792970 -32.469399
v -4.087329 12.869451 -32.465391
v -4.084413 12.811416 -32.448913
v -4.087329 12.792970 -32.469399
v -4.439000 12.787338 -32.361944
v -4.419507 12.806050 -32.346523
v -4.084307 12.810673 -32.448243
v -4.084413 12.811416 -32.448913
v -4.419507 12.806050 -32.346523
v -4.418800 12.805316 -32.346037
v -4.418800 12.805316 -32.346037
v -4.440000 12.784966 -32.362809
v -4.087478 12.790611 -32.470524
v -4.084307 12.810673 -32.448243
v -4.440000 12.784966 -32.362809
v -4.440000 12.864857 -32.358622
v -4.087478 12.870502 -32.466337
v -4.087478 12.790611 -32.470524
v -4.087329 12.869451 -32.465391
v -4.087329 12.792970 -32.469399
v -4.042671 12.792970 -32.469399
v -4.042671 12.869451 -32.465391
v -4.087329 12.792970 -32.469399
v -4.084413 12.811416 -32.448913
v -4.045587 12.811416 -32.448913
v -4.042671 12.792970 -32.469399
v -4.084413 12.811416 -32.448913
v -4.084307 12.810673 -32.448243
v -4.045693 12.810673 -32.448243
v -4.045587 12.811416 -32.448913
v -4.084307 12.810673 -32.448243
v -4.087478 12.790611 -32.470524
v -4.042522 12.790611 -32.470524
v -4.045693 12.810673 -32.448243
v -4.087478 12.790611 -32.470524
v -4.087478 12.870502 -32.466337
v -4.042522 12.870502 -32.466337
v -4.042522 12.790611 -32.470524
v -4.042671 12.869451 -32.465391
v -4.042671 12.792970 -32.469399
v -3.691000 12.787338 -32.361944
v -3.691000 12.863819 -32.357936
v -4.042671 12.792970 -32.469399
v -4.045587 12.811416 -32.448913
v -3.710493 12.806050 -32.346523
v -3.691000 12.787338 -32.361944
v -4.045587 12.811416 -32.448913
v -4.045693 12.810673 -32.448243
v -3.711200 12.805316 -32.346037
v -3.710493 12.806050 -32.346523
v -3.690000 12.784966 -32.362809
v -3.711200 12.805316 -32.346037
v -4.045693 12.810673 -32.448243
v -4.042522 12.790611 -32.470524
v -3.690000 12.864857 -32.358622
v -3.690000 12.784966 -32.362809
v -4.042522 12.790611 -32.470524
v -4.042522 12.870502 -32.466337
v -3.691000 12.782301 -32.265826
v -3.691000 12.858782 -32.261818
v -3.691000 12.863819 -32.357936
v -3.691000 12.787338 -32.361944
v -3.710493 12.801767 -32.264806
v -3.691000 12.782301 -32.265826
v -3.691000 12.787338 -32.361944
v -3.710493 12.806050 -32.346523
v -3.711200 12.801061 -32.264843
v -3.710493 12.801767 -32.264806
v -3.710493 12.806050 -32.346523
v -3.711200 12.805316 -32.346037
v -3.711200 12.805316 -32.346037
v -3.690000 12.784966 -32.362809
v -3.690000 12.779890 -32.265952
v -3.711200 12.801061 -32.264843
v -4.440000 12.819269 -31.488756
v -4.440000 12.739378 -31.492943
v -3.690000 12.739378 -31.492943
v -3.690000 12.819269 -31.488756
v -4.440000 12.739378 -31.492943
v -4.440000 12.761659 -31.513004
v -3.690000 12.761659 -31.513004
v -3.690000 12.739378 -31.492943
v -4.440000 12.761659 -31.513004
v -4.440000 12.762328 -31.512261
v -3.690000 12.762328 -31.512261
v -3.690000 12.761659 -31.513004
v -4.440000 12.762328 -31.512261
v -4.440000 12.741842 -31.493815
v -3.690000 12.741842 -31.493815
v -3.690000 12.762328 -31.512261
v -4.440000 12.741842 -31.493815
v -4.440000 12.818322 -31.489807
v -3.690000 12.818322 -31.489807
v -3.690000 12.741842 -31.493815
f 4165 4166 4161
f 4161 4162 4163
f 4163 4164 4165
f 4165 4161 4163
f 4175 4176 4167
f 4167 4168 4169
f 4169 4170 4171
f 4172 4173 4174
f 4174 4175 4167
f 4167 4169 4171
f 4172 4174 4167
f 4167 4171 4172
f 4185 4186 4177
f 4180 4181 4182
f 4185 4177 4178
f 4180 4182 4183
f 4184 4185 4178
f 4179 4180 4183
f 4184 4178 4179
f 4179 4183 4184
f 4195 4196 4187
f 4189 4190 4191
f 4194 4195 4187
f 4189 4191 4192
f 4193 4194 4187
f 4188 4189 4192
f 4193 4187 4188
f 4188 4192 4193
f 4202 4197 4198
f 4199 4200 4201
f 4202 4198 4199
f 4199 4201 4202
f 4207 4208 4203
f 4203 4204 4205
f 4206 4207 4203
f 4203 4205 4206
f 4209 4210 4212
f 4212 4210 4211
f 4213 4214 4216
f 4216 4214 4215
f 4217 4218 4220
f 4220 4218 4219
f 4221 4222 4224
f 4224 4222 4223
f 4225 4226 4228
f 4228 4226 4227
f 4229 4230 4232
f 4232 4230 4231
f 4233 4234 4236
f 4236 4234 4235
f 4237 4238 4240
f 4240 4238 4239
f 4241 4242 4244
f 4244 4242 4243
f 4245 4246 4248
f 4248 4246 4247
f 4249 4250 4252
f 4252 4250 4251
f 4253 4254 4256
f 4256 4254 4255
f 4257 4258 4260
f 4260 4258 4259
f 4261 4262 4264
f 4264 4262 4263
f 4265 4266 4268
f 4268 4266 4267
f 4269 4270 4272
f 4272 4270 4271
f 4273 4274 4276
f 4276 4274 4275
f 4277 4278 4280
f 4280 4278 4279
f 4281 4282 4284
f 4284 4282 4283
f 4285 4286 4288
f 4288 4286 4287
f 4289 4290 4292
f 4292 4290 4291
f 4293 4294 4296
f 4296 4294 4295
f 4297 4298 4300
f 4300 4298 4299
f 4301 4302 4304
f 4304 4302 4303
f 4305 4306 4308
f 4308 4306 4307
f 4309 4310 4312
f 4312 4310 4311
f 4313 4314 4316
f 4316 4314 4315
f 4317 4318 4320
f 4320 4318 4319
