# DIMKO.app — selection export
# Generated: 2026-07-29T07:05:11.304Z
o item_92b0f140_1095620
v 33.290000 20.273004 14.450000
v 33.290000 20.350004 14.450000
v 32.460000 20.306716 13.620000
v 32.460000 20.229716 13.620000
v 32.485000 20.254716 13.645000
v 32.482172 20.257544 13.642171
v 32.464000 20.239372 13.624000
v 32.464000 20.302919 13.624000
v 33.286000 20.345790 14.446000
v 33.286000 20.282661 14.446000
v 33.267828 20.300833 14.427828
v 33.265000 20.298004 14.425000
v 33.267828 20.300833 -6.227828
v 33.286000 20.282661 -6.246000
v 33.286000 20.345790 -6.246000
v 32.464000 20.302919 -5.424000
v 32.464000 20.239372 -5.424000
v 32.482172 20.257544 -5.442171
v 32.485000 20.254716 -5.445000
v 32.460000 20.229716 -5.420000
v 32.460000 20.306716 -5.420000
v 33.290000 20.350004 -6.250000
v 33.290000 20.273004 -6.250000
v 33.265000 20.298004 -6.225000
v 32.460000 20.306716 -5.420000
v 32.460000 20.306716 13.620000
v 33.290000 20.350004 14.450000
v 33.290000 20.350004 -6.250000
v 33.286000 20.282661 14.446000
v 33.286000 20.345790 14.446000
v 33.286000 20.345790 -6.246000
v 33.286000 20.282661 -6.246000
v 33.290000 20.273004 14.450000
v 33.265000 20.298004 14.425000
v 33.265000 20.298004 -6.225000
v 33.290000 20.273004 -6.250000
v 33.290000 20.350004 14.450000
v 33.290000 20.273004 14.450000
v 33.290000 20.273004 -6.250000
v 33.290000 20.350004 -6.250000
v 33.286000 20.345790 14.446000
v 32.464000 20.302919 13.624000
v 32.464000 20.302919 -5.424000
v 33.286000 20.345790 -6.246000
v 32.464000 20.302919 -5.424000
v 32.464000 20.302919 13.624000
v 32.464000 20.239372 13.624000
v 32.464000 20.239372 -5.424000
v 32.464000 20.239372 13.624000
v 32.482172 20.257544 13.642171
v 32.482172 20.257544 -5.442171
v 32.464000 20.239372 -5.424000
v 32.482172 20.257544 13.642171
v 32.485000 20.254716 13.645000
v 32.485000 20.254716 -5.445000
v 32.482172 20.257544 -5.442171
v 32.485000 20.254716 -5.445000
v 32.485000 20.254716 13.645000
v 32.460000 20.229716 13.620000
v 32.460000 20.229716 -5.420000
v 32.460000 20.229716 -5.420000
v 32.460000 20.229716 13.620000
v 32.460000 20.306716 13.620000
v 32.460000 20.306716 -5.420000
v 33.265000 20.298004 14.425000
v 33.267828 20.300833 14.427828
v 33.267828 20.300833 -6.227828
v 33.265000 20.298004 -6.225000
v 33.267828 20.300833 -6.227828
v 33.267828 20.300833 14.427828
v 33.286000 20.282661 14.446000
v 33.286000 20.282661 -6.246000
f 11 12 1
f 4 5 6
f 10 11 1
f 4 6 7
f 9 10 1
f 3 4 7
f 9 1 2
f 3 7 8
f 8 9 2
f 2 3 8
f 23 24 13
f 17 18 19
f 23 13 14
f 17 19 20
f 22 23 14
f 16 17 20
f 22 14 15
f 16 20 21
f 21 22 15
f 15 16 21
f 25 26 28
f 28 26 27
f 29 30 32
f 32 30 31
f 33 34 36
f 36 34 35
f 37 38 40
f 40 38 39
f 41 42 44
f 44 42 43
f 45 46 48
f 48 46 47
f 49 50 52
f 52 50 51
f 53 54 56
f 56 54 55
f 57 58 60
f 60 58 59
f 61 62 64
f 64 62 63
f 65 66 68
f 68 66 67
f 69 70 72
f 72 70 71
o item_92b0f140_1095669
v 28.400000 20.298004 -6.225000
v 28.400000 20.300833 -6.227828
v 28.400000 20.282661 -6.246000
v 28.400000 20.345790 -6.246000
v 28.400000 20.302919 -5.424000
v 28.400000 20.239372 -5.424000
v 28.400000 20.257544 -5.442172
v 28.400000 20.254716 -5.445000
v 28.400000 20.229716 -5.420000
v 28.400000 20.306716 -5.420000
v 28.400000 20.350004 -6.250000
v 28.400000 20.273004 -6.250000
v 33.265000 20.298004 -6.225000
v 33.290000 20.273004 -6.250000
v 33.290000 20.350004 -6.250000
v 32.460000 20.306716 -5.420000
v 32.460000 20.229716 -5.420000
v 32.485000 20.254716 -5.445000
v 32.482172 20.257544 -5.442172
v 32.464000 20.239372 -5.424000
v 32.464000 20.302919 -5.424000
v 33.286000 20.345790 -6.246000
v 33.286000 20.282661 -6.246000
v 33.267828 20.300833 -6.227828
v 28.400000 20.350004 -6.250000
v 28.400000 20.306716 -5.420000
v 32.460000 20.306716 -5.420000
v 33.290000 20.350004 -6.250000
v 28.400000 20.345790 -6.246000
v 28.400000 20.282661 -6.246000
v 33.286000 20.282661 -6.246000
v 33.286000 20.345790 -6.246000
v 33.290000 20.273004 -6.250000
v 33.265000 20.298004 -6.225000
v 28.400000 20.298004 -6.225000
v 28.400000 20.273004 -6.250000
v 33.290000 20.350004 -6.250000
v 33.290000 20.273004 -6.250000
v 28.400000 20.273004 -6.250000
v 28.400000 20.350004 -6.250000
v 33.286000 20.345790 -6.246000
v 32.464000 20.302919 -5.424000
v 28.400000 20.302919 -5.424000
v 28.400000 20.345790 -6.246000
v 28.400000 20.239372 -5.424000
v 28.400000 20.302919 -5.424000
v 32.464000 20.302919 -5.424000
v 32.464000 20.239372 -5.424000
v 28.400000 20.257544 -5.442172
v 28.400000 20.239372 -5.424000
v 32.464000 20.239372 -5.424000
v 32.482172 20.257544 -5.442172
v 28.400000 20.254716 -5.445000
v 28.400000 20.257544 -5.442172
v 32.482172 20.257544 -5.442172
v 32.485000 20.254716 -5.445000
v 32.485000 20.254716 -5.445000
v 32.460000 20.229716 -5.420000
v 28.400000 20.229716 -5.420000
v 28.400000 20.254716 -5.445000
v 28.400000 20.306716 -5.420000
v 28.400000 20.229716 -5.420000
v 32.460000 20.229716 -5.420000
v 32.460000 20.306716 -5.420000
v 28.400000 20.300833 -6.227828
v 28.400000 20.298004 -6.225000
v 33.265000 20.298004 -6.225000
v 33.267828 20.300833 -6.227828
v 28.400000 20.282661 -6.246000
v 28.400000 20.300833 -6.227828
v 33.267828 20.300833 -6.227828
v 33.286000 20.282661 -6.246000
f 84 73 74
f 78 79 80
f 84 74 75
f 78 80 81
f 83 84 75
f 77 78 81
f 83 75 76
f 77 81 82
f 82 83 76
f 76 77 82
f 95 96 85
f 89 90 91
f 95 85 86
f 89 91 92
f 94 95 86
f 88 89 92
f 94 86 87
f 88 92 93
f 93 94 87
f 87 88 93
f 97 98 100
f 100 98 99
f 101 102 104
f 104 102 103
f 105 106 108
f 108 106 107
f 109 110 112
f 112 110 111
f 113 114 116
f 116 114 115
f 117 118 120
f 120 118 119
f 121 122 124
f 124 122 123
f 125 126 128
f 128 126 127
f 129 130 132
f 132 130 131
f 133 134 136
f 136 134 135
f 137 138 140
f 140 138 139
f 141 142 144
f 144 142 143
o item_92b0f140_1095431
v 33.265001 20.298004 14.425000
v 33.267827 20.300833 14.427828
v 33.286000 20.282661 14.446000
v 33.286000 20.345790 14.446000
v 32.464000 20.302919 13.624000
v 32.464000 20.239372 13.624000
v 32.482171 20.257544 13.642172
v 32.485000 20.254716 13.645000
v 32.460000 20.229716 13.620000
v 32.460000 20.306716 13.620000
v 33.290000 20.350004 14.450000
v 33.290000 20.273004 14.450000
v -24.464265 20.298004 14.425000
v -24.487660 20.273004 14.450000
v -24.487660 20.350004 14.450000
v -23.710959 20.306716 13.620000
v -23.710959 20.229716 13.620000
v -23.734353 20.254716 13.645000
v -23.731707 20.257544 13.642172
v -23.714703 20.239372 13.624000
v -23.714703 20.302919 13.624000
v -24.483916 20.345790 14.446000
v -24.483916 20.282661 14.446000
v -24.466912 20.300833 14.427828
v -23.710959 20.306716 13.620000
v -24.487660 20.350004 14.450000
v 33.290000 20.350004 14.450000
v 32.460000 20.306716 13.620000
v 33.286000 20.345790 14.446000
v 33.286000 20.282661 14.446000
v -24.483916 20.282661 14.446000
v -24.483916 20.345790 14.446000
v 33.265001 20.298004 14.425000
v 33.290000 20.273004 14.450000
v -24.487660 20.273004 14.450000
v -24.464265 20.298004 14.425000
v 33.290000 20.273004 14.450000
v 33.290000 20.350004 14.450000
v -24.487660 20.350004 14.450000
v -24.487660 20.273004 14.450000
v 32.464000 20.302919 13.624000
v 33.286000 20.345790 14.446000
v -24.483916 20.345790 14.446000
v -23.714703 20.302919 13.624000
v 32.464000 20.239372 13.624000
v 32.464000 20.302919 13.624000
v -23.714703 20.302919 13.624000
v -23.714703 20.239372 13.624000
v -23.714703 20.239372 13.624000
v -23.731707 20.257544 13.642172
v 32.482171 20.257544 13.642172
v 32.464000 20.239372 13.624000
v -23.731707 20.257544 13.642172
v -23.734353 20.254716 13.645000
v 32.485000 20.254716 13.645000
v 32.482171 20.257544 13.642172
v 32.460000 20.229716 13.620000
v 32.485000 20.254716 13.645000
v -23.734353 20.254716 13.645000
v -23.710959 20.229716 13.620000
v 32.460000 20.306716 13.620000
v 32.460000 20.229716 13.620000
v -23.710959 20.229716 13.620000
v -23.710959 20.306716 13.620000
v -24.464265 20.298004 14.425000
v -24.466912 20.300833 14.427828
v 33.267827 20.300833 14.427828
v 33.265001 20.298004 14.425000
v -24.466912 20.300833 14.427828
v -24.483916 20.282661 14.446000
v 33.286000 20.282661 14.446000
v 33.267827 20.300833 14.427828
f 156 145 146
f 150 151 152
f 156 146 147
f 150 152 153
f 155 156 147
f 149 150 153
f 155 147 148
f 149 153 154
f 154 155 148
f 148 149 154
f 167 168 157
f 161 162 163
f 167 157 158
f 161 163 164
f 166 167 158
f 160 161 164
f 166 158 159
f 160 164 165
f 165 166 159
f 159 160 165
f 169 170 172
f 172 170 171
f 173 174 176
f 176 174 175
f 177 178 180
f 180 178 179
f 181 182 184
f 184 182 183
f 185 186 188
f 188 186 187
f 189 190 192
f 192 190 191
f 193 194 196
f 196 194 195
f 197 198 200
f 200 198 199
f 201 202 204
f 204 202 203
f 205 206 208
f 208 206 207
f 209 210 212
f 212 210 211
f 213 214 216
f 216 214 215
o item_92b0f140_1095801
v -25.748174 20.273001 -4.549651
v -25.748174 20.350015 -4.549651
v -24.920009 20.306719 -4.604772
v -24.920009 20.229705 -4.604772
v -24.944954 20.254710 -4.603111
v -24.942132 20.257538 -4.603299
v -24.924000 20.239363 -4.604506
v -24.924000 20.302921 -4.604506
v -25.744183 20.345800 -4.549917
v -25.744183 20.282660 -4.549917
v -25.726051 20.300835 -4.551124
v -25.723230 20.298005 -4.551312
v -24.470838 20.300835 14.429233
v -24.487847 20.282660 14.447410
v -24.487847 20.345800 14.447410
v -23.718432 20.302921 13.625147
v -23.718432 20.239363 13.625147
v -23.735441 20.257538 13.643324
v -23.738088 20.254710 13.646153
v -23.714688 20.229705 13.621145
v -23.714688 20.306719 13.621145
v -24.491591 20.350015 14.451412
v -24.491591 20.273001 14.451412
v -24.468190 20.298005 14.426404
v -23.714688 20.306719 13.621145
v -24.920009 20.306719 -4.604772
v -25.748174 20.350015 -4.549651
v -24.491591 20.350015 14.451412
v -24.487847 20.282660 14.447410
v -25.744183 20.282660 -4.549917
v -25.744183 20.345800 -4.549917
v -24.487847 20.345800 14.447410
v -25.748174 20.273001 -4.549651
v -25.723230 20.298005 -4.551312
v -24.468190 20.298005 14.426404
v -24.491591 20.273001 14.451412
v -24.491591 20.350015 14.451412
v -25.748174 20.350015 -4.549651
v -25.748174 20.273001 -4.549651
v -24.491591 20.273001 14.451412
v -25.744183 20.345800 -4.549917
v -24.924000 20.302921 -4.604506
v -23.718432 20.302921 13.625147
v -24.487847 20.345800 14.447410
v -23.718432 20.302921 13.625147
v -24.924000 20.302921 -4.604506
v -24.924000 20.239363 -4.604506
v -23.718432 20.239363 13.625147
v -23.718432 20.239363 13.625147
v -24.924000 20.239363 -4.604506
v -24.942132 20.257538 -4.603299
v -23.735441 20.257538 13.643324
v -23.735441 20.257538 13.643324
v -24.942132 20.257538 -4.603299
v -24.944954 20.254710 -4.603111
v -23.738088 20.254710 13.646153
v -24.944954 20.254710 -4.603111
v -24.920009 20.229705 -4.604772
v -23.714688 20.229705 13.621145
v -23.738088 20.254710 13.646153
v -24.920009 20.229705 -4.604772
v -24.920009 20.306719 -4.604772
v -23.714688 20.306719 13.621145
v -23.714688 20.229705 13.621145
v -24.468190 20.298005 14.426404
v -25.723230 20.298005 -4.551312
v -25.726051 20.300835 -4.551124
v -24.470838 20.300835 14.429233
v -24.470838 20.300835 14.429233
v -25.726051 20.300835 -4.551124
v -25.744183 20.282660 -4.549917
v -24.487847 20.282660 14.447410
f 227 228 217
f 220 221 222
f 226 227 217
f 220 222 223
f 225 226 217
f 219 220 223
f 225 217 218
f 219 223 224
f 224 225 218
f 218 219 224
f 239 240 229
f 233 234 235
f 239 229 230
f 233 235 236
f 238 239 230
f 232 233 236
f 238 230 231
f 232 236 237
f 237 238 231
f 231 232 237
f 241 242 244
f 244 242 243
f 245 246 248
f 248 246 247
f 249 250 252
f 252 250 251
f 253 254 256
f 256 254 255
f 257 258 260
f 260 258 259
f 261 262 264
f 264 262 263
f 265 266 268
f 268 266 267
f 269 270 272
f 272 270 271
f 273 274 276
f 276 274 275
f 277 278 280
f 280 278 279
f 281 282 284
f 284 282 283
f 285 286 288
f 288 286 287
o item_92b0f140_1096948
v -23.537398 24.198762 -5.526505
v -23.482544 24.241981 -4.698701
v -23.482542 24.164981 -4.698699
v -23.484195 24.189983 -4.723633
v -23.484008 24.192812 -4.720813
v -23.482807 24.174638 -4.702689
v -23.482808 24.237767 -4.702691
v -23.537134 24.194965 -5.522515
v -23.537133 24.131419 -5.522514
v -23.535932 24.149589 -5.504390
v -23.535745 24.146760 -5.501569
v -23.537397 24.121762 -5.526502
v -24.978616 24.121739 -5.430999
v -24.976964 24.146737 -5.406066
v -24.977151 24.149566 -5.408886
v -24.978352 24.131396 -5.427010
v -24.978353 24.194942 -5.427011
v -24.924028 24.237744 -4.607187
v -24.924026 24.174615 -4.607185
v -24.925228 24.192788 -4.625309
v -24.925415 24.189959 -4.628130
v -24.923762 24.164958 -4.603195
v -24.923763 24.241958 -4.603198
v -24.978618 24.198739 -5.431001
v -23.482544 24.241981 -4.698701
v -23.537398 24.198762 -5.526505
v -24.978618 24.198739 -5.431001
v -24.923763 24.241958 -4.603198
v -23.482542 24.164981 -4.698699
v -23.482544 24.241981 -4.698701
v -24.923763 24.241958 -4.603198
v -24.923762 24.164958 -4.603195
v -23.484195 24.189983 -4.723633
v -23.482542 24.164981 -4.698699
v -24.923762 24.164958 -4.603195
v -24.925415 24.189959 -4.628130
v -23.484008 24.192812 -4.720813
v -23.484195 24.189983 -4.723633
v -24.925415 24.189959 -4.628130
v -24.925228 24.192788 -4.625309
v -23.482807 24.174638 -4.702689
v -23.484008 24.192812 -4.720813
v -24.925228 24.192788 -4.625309
v -24.924026 24.174615 -4.607185
v -23.482808 24.237767 -4.702691
v -23.482807 24.174638 -4.702689
v -24.924026 24.174615 -4.607185
v -24.924028 24.237744 -4.607187
v -23.537134 24.194965 -5.522515
v -23.482808 24.237767 -4.702691
v -24.924028 24.237744 -4.607187
v -24.978353 24.194942 -5.427011
v -23.537133 24.131419 -5.522514
v -23.537134 24.194965 -5.522515
v -24.978353 24.194942 -5.427011
v -24.978352 24.131396 -5.427010
v -23.535932 24.149589 -5.504390
v -23.537133 24.131419 -5.522514
v -24.978352 24.131396 -5.427010
v -24.977151 24.149566 -5.408886
v -23.535745 24.146760 -5.501569
v -23.535932 24.149589 -5.504390
v -24.977151 24.149566 -5.408886
v -24.976964 24.146737 -5.406066
v -23.537397 24.121762 -5.526502
v -23.535745 24.146760 -5.501569
v -24.976964 24.146737 -5.406066
v -24.978616 24.121739 -5.430999
v -23.537398 24.198762 -5.526505
v -23.537397 24.121762 -5.526502
v -24.978616 24.121739 -5.430999
v -24.978618 24.198739 -5.431001
f 291 292 293
f 297 298 299
f 291 293 294
f 297 299 300
f 290 291 294
f 296 297 300
f 290 294 295
f 296 300 289
f 289 290 295
f 295 296 289
f 301 302 303
f 307 308 309
f 301 303 304
f 307 309 310
f 312 301 304
f 306 307 310
f 312 304 305
f 306 310 311
f 311 312 305
f 305 306 311
f 313 314 316
f 316 314 315
f 317 318 320
f 320 318 319
f 321 322 324
f 324 322 323
f 325 326 328
f 328 326 327
f 329 330 332
f 332 330 331
f 333 334 336
f 336 334 335
f 337 338 340
f 340 338 339
f 341 342 344
f 344 342 343
f 345 346 348
f 348 346 347
f 349 350 352
f 352 350 351
f 353 354 356
f 356 354 355
f 357 358 360
f 360 358 359
o item_92b0f140_1124297
v -25.939667 24.242004 -7.366435
v -25.111501 24.198716 -7.421556
v -25.111501 24.121716 -7.421556
v -25.136446 24.146716 -7.419895
v -25.133624 24.149544 -7.420083
v -25.115492 24.131372 -7.421290
v -25.115492 24.194919 -7.421290
v -25.935676 24.237790 -7.366701
v -25.935676 24.174661 -7.366701
v -25.917544 24.192833 -7.367908
v -25.914722 24.190004 -7.368096
v -25.939667 24.165004 -7.366435
v -25.807179 24.165004 -5.375844
v -25.782234 24.190004 -5.377505
v -25.785056 24.192833 -5.377317
v -25.803188 24.174661 -5.376110
v -25.803188 24.237790 -5.376110
v -24.983004 24.194919 -5.430699
v -24.983004 24.131372 -5.430699
v -25.001136 24.149544 -5.429492
v -25.003958 24.146716 -5.429304
v -24.979013 24.121716 -5.430965
v -24.979013 24.198716 -5.430965
v -25.807179 24.242004 -5.375844
v -25.111501 24.121716 -7.421556
v -25.111501 24.198716 -7.421556
v -24.979013 24.198716 -5.430965
v -24.979013 24.121716 -5.430965
v -25.136446 24.146716 -7.419895
v -25.111501 24.121716 -7.421556
v -24.979013 24.121716 -5.430965
v -25.003958 24.146716 -5.429304
v -25.133624 24.149544 -7.420083
v -25.136446 24.146716 -7.419895
v -25.003958 24.146716 -5.429304
v -25.001136 24.149544 -5.429492
v -25.115492 24.131372 -7.421290
v -25.133624 24.149544 -7.420083
v -25.001136 24.149544 -5.429492
v -24.983004 24.131372 -5.430699
v -25.115492 24.194919 -7.421290
v -25.115492 24.131372 -7.421290
v -24.983004 24.131372 -5.430699
v -24.983004 24.194919 -5.430699
v -25.935676 24.237790 -7.366701
v -25.115492 24.194919 -7.421290
v -24.983004 24.194919 -5.430699
v -25.803188 24.237790 -5.376110
v -25.935676 24.174661 -7.366701
v -25.935676 24.237790 -7.366701
v -25.803188 24.237790 -5.376110
v -25.803188 24.174661 -5.376110
v -25.917544 24.192833 -7.367908
v -25.935676 24.174661 -7.366701
v -25.803188 24.174661 -5.376110
v -25.785056 24.192833 -5.377317
v -25.914722 24.190004 -7.368096
v -25.917544 24.192833 -7.367908
v -25.785056 24.192833 -5.377317
v -25.782234 24.190004 -5.377505
v -25.939667 24.165004 -7.366435
v -25.914722 24.190004 -7.368096
v -25.782234 24.190004 -5.377505
v -25.807179 24.165004 -5.375844
v -25.939667 24.242004 -7.366435
v -25.939667 24.165004 -7.366435
v -25.807179 24.165004 -5.375844
v -25.807179 24.242004 -5.375844
v -25.111501 24.198716 -7.421556
v -25.939667 24.242004 -7.366435
v -25.807179 24.242004 -5.375844
v -24.979013 24.198716 -5.430965
f 363 364 365
f 369 370 371
f 363 365 366
f 369 371 372
f 362 363 366
f 368 369 372
f 362 366 367
f 368 372 361
f 361 362 367
f 367 368 361
f 373 374 375
f 379 380 381
f 373 375 376
f 379 381 382
f 384 373 376
f 378 379 382
f 384 376 377
f 378 382 383
f 383 384 377
f 377 378 383
f 385 386 388
f 388 386 387
f 389 390 392
f 392 390 391
f 393 394 396
f 396 394 395
f 397 398 400
f 400 398 399
f 401 402 404
f 404 402 403
f 405 406 408
f 408 406 407
f 409 410 412
f 412 410 411
f 413 414 416
f 416 414 415
f 417 418 420
f 420 418 419
f 421 422 424
f 424 422 423
f 425 426 428
f 428 426 427
f 429 430 432
f 432 430 431
o item_92b0f140_1124240
v -26.138894 24.242004 -10.359814
v -25.310728 24.198716 -10.414934
v -25.310728 24.121716 -10.414934
v -25.335673 24.146716 -10.413274
v -25.332851 24.149544 -10.413461
v -25.314720 24.131372 -10.414668
v -25.314720 24.194919 -10.414668
v -26.134903 24.237790 -10.360079
v -26.134903 24.174661 -10.360079
v -26.116771 24.192833 -10.361286
v -26.113949 24.190004 -10.361474
v -26.138894 24.165004 -10.359814
v -25.989472 24.165004 -8.114786
v -25.964527 24.190004 -8.116446
v -25.967349 24.192833 -8.116259
v -25.985480 24.174661 -8.115052
v -25.985480 24.237790 -8.115052
v -25.165297 24.194919 -8.169641
v -25.165297 24.131372 -8.169641
v -25.183429 24.149544 -8.168434
v -25.186251 24.146716 -8.168246
v -25.161306 24.121716 -8.169906
v -25.161306 24.198716 -8.169906
v -25.989472 24.242004 -8.114786
v -25.310728 24.121716 -10.414934
v -25.310728 24.198716 -10.414934
v -25.161306 24.198716 -8.169906
v -25.161306 24.121716 -8.169906
v -25.335673 24.146716 -10.413274
v -25.310728 24.121716 -10.414934
v -25.161306 24.121716 -8.169906
v -25.186251 24.146716 -8.168246
v -25.332851 24.149544 -10.413461
v -25.335673 24.146716 -10.413274
v -25.186251 24.146716 -8.168246
v -25.183429 24.149544 -8.168434
v -25.314720 24.131372 -10.414668
v -25.332851 24.149544 -10.413461
v -25.183429 24.149544 -8.168434
v -25.165297 24.131372 -8.169641
v -25.314720 24.194919 -10.414668
v -25.314720 24.131372 -10.414668
v -25.165297 24.131372 -8.169641
v -25.165297 24.194919 -8.169641
v -26.134903 24.237790 -10.360079
v -25.314720 24.194919 -10.414668
v -25.165297 24.194919 -8.169641
v -25.985480 24.237790 -8.115052
v -26.134903 24.174661 -10.360079
v -26.134903 24.237790 -10.360079
v -25.985480 24.237790 -8.115052
v -25.985480 24.174661 -8.115052
v -26.116771 24.192833 -10.361286
v -26.134903 24.174661 -10.360079
v -25.985480 24.174661 -8.115052
v -25.967349 24.192833 -8.116259
v -26.113949 24.190004 -10.361474
v -26.116771 24.192833 -10.361286
v -25.967349 24.192833 -8.116259
v -25.964527 24.190004 -8.116446
v -26.138894 24.165004 -10.359814
v -26.113949 24.190004 -10.361474
v -25.964527 24.190004 -8.116446
v -25.989472 24.165004 -8.114786
v -26.138894 24.242004 -10.359814
v -26.138894 24.165004 -10.359814
v -25.989472 24.165004 -8.114786
v -25.989472 24.242004 -8.114786
v -25.310728 24.198716 -10.414934
v -26.138894 24.242004 -10.359814
v -25.989472 24.242004 -8.114786
v -25.161306 24.198716 -8.169906
f 435 436 437
f 441 442 443
f 435 437 438
f 441 443 444
f 434 435 438
f 440 441 444
f 434 438 439
f 440 444 433
f 433 434 439
f 439 440 433
f 445 446 447
f 451 452 453
f 445 447 448
f 451 453 454
f 456 445 448
f 450 451 454
f 456 448 449
f 450 454 455
f 455 456 449
f 449 450 455
f 457 458 460
f 460 458 459
f 461 462 464
f 464 462 463
f 465 466 468
f 468 466 467
f 469 470 472
f 472 470 471
f 473 474 476
f 476 474 475
f 477 478 480
f 480 478 479
f 481 482 484
f 484 482 483
f 485 486 488
f 488 486 487
f 489 490 492
f 492 490 491
f 493 494 496
f 496 494 495
f 497 498 500
f 500 498 499
f 501 502 504
f 504 502 503
o item_92b0f140_1124196
v -26.318203 24.242004 -13.053855
v -25.490037 24.198716 -13.108975
v -25.490037 24.121716 -13.108975
v -25.514982 24.146716 -13.107315
v -25.512160 24.149544 -13.107503
v -25.494028 24.131372 -13.108710
v -25.494028 24.194919 -13.108710
v -26.314211 24.237790 -13.054121
v -26.314211 24.174661 -13.054121
v -26.296080 24.192833 -13.055328
v -26.293258 24.190004 -13.055515
v -26.318203 24.165004 -13.053855
v -26.188703 24.165004 -11.108165
v -26.163758 24.190004 -11.109825
v -26.166580 24.192833 -11.109637
v -26.184712 24.174661 -11.108430
v -26.184712 24.237790 -11.108430
v -25.364529 24.194919 -11.163019
v -25.364529 24.131372 -11.163019
v -25.382660 24.149544 -11.161812
v -25.385482 24.146716 -11.161625
v -25.360537 24.121716 -11.163285
v -25.360537 24.198716 -11.163285
v -26.188703 24.242004 -11.108165
v -25.490037 24.121716 -13.108975
v -25.490037 24.198716 -13.108975
v -25.360537 24.198716 -11.163285
v -25.360537 24.121716 -11.163285
v -25.514982 24.146716 -13.107315
v -25.490037 24.121716 -13.108975
v -25.360537 24.121716 -11.163285
v -25.385482 24.146716 -11.161625
v -25.512160 24.149544 -13.107503
v -25.514982 24.146716 -13.107315
v -25.385482 24.146716 -11.161625
v -25.382660 24.149544 -11.161812
v -25.494028 24.131372 -13.108710
v -25.512160 24.149544 -13.107503
v -25.382660 24.149544 -11.161812
v -25.364529 24.131372 -11.163019
v -25.494028 24.194919 -13.108710
v -25.494028 24.131372 -13.108710
v -25.364529 24.131372 -11.163019
v -25.364529 24.194919 -11.163019
v -26.314211 24.237790 -13.054121
v -25.494028 24.194919 -13.108710
v -25.364529 24.194919 -11.163019
v -26.184712 24.237790 -11.108430
v -26.314211 24.174661 -13.054121
v -26.314211 24.237790 -13.054121
v -26.184712 24.237790 -11.108430
v -26.184712 24.174661 -11.108430
v -26.296080 24.192833 -13.055328
v -26.314211 24.174661 -13.054121
v -26.184712 24.174661 -11.108430
v -26.166580 24.192833 -11.109637
v -26.293258 24.190004 -13.055515
v -26.296080 24.192833 -13.055328
v -26.166580 24.192833 -11.109637
v -26.163758 24.190004 -11.109825
v -26.318203 24.165004 -13.053855
v -26.293258 24.190004 -13.055515
v -26.163758 24.190004 -11.109825
v -26.188703 24.165004 -11.108165
v -26.318203 24.242004 -13.053855
v -26.318203 24.165004 -13.053855
v -26.188703 24.165004 -11.108165
v -26.188703 24.242004 -11.108165
v -25.490037 24.198716 -13.108975
v -26.318203 24.242004 -13.053855
v -26.188703 24.242004 -11.108165
v -25.360537 24.198716 -11.163285
f 507 508 509
f 513 514 515
f 507 509 510
f 513 515 516
f 506 507 510
f 512 513 516
f 506 510 511
f 512 516 505
f 505 506 511
f 511 512 505
f 517 518 519
f 523 524 525
f 517 519 520
f 523 525 526
f 528 517 520
f 522 523 526
f 528 520 521
f 522 526 527
f 527 528 521
f 521 522 527
f 529 530 532
f 532 530 531
f 533 534 536
f 536 534 535
f 537 538 540
f 540 538 539
f 541 542 544
f 544 542 543
f 545 546 548
f 548 546 547
f 549 550 552
f 552 550 551
f 553 554 556
f 556 554 555
f 557 558 560
f 560 558 559
f 561 562 564
f 564 562 563
f 565 566 568
f 568 566 567
f 569 570 572
f 572 570 571
f 573 574 576
f 576 574 575
o item_92b0f140_1124152
v -26.497503 24.242004 -15.747895
v -25.669337 24.198716 -15.803015
v -25.669337 24.121716 -15.803015
v -25.694282 24.146716 -15.801355
v -25.691460 24.149544 -15.801543
v -25.673328 24.131372 -15.802750
v -25.673328 24.194919 -15.802750
v -26.493511 24.237790 -15.748161
v -26.493511 24.174661 -15.748161
v -26.475380 24.192833 -15.749368
v -26.472558 24.190004 -15.749555
v -26.497503 24.165004 -15.747895
v -26.368003 24.165004 -13.802205
v -26.343058 24.190004 -13.803865
v -26.345880 24.192833 -13.803677
v -26.364012 24.174661 -13.802470
v -26.364012 24.237790 -13.802470
v -25.543829 24.194919 -13.857059
v -25.543829 24.131372 -13.857059
v -25.561960 24.149544 -13.855852
v -25.564782 24.146716 -13.855665
v -25.539837 24.121716 -13.857325
v -25.539837 24.198716 -13.857325
v -26.368003 24.242004 -13.802205
v -25.669337 24.121716 -15.803015
v -25.669337 24.198716 -15.803015
v -25.539837 24.198716 -13.857325
v -25.539837 24.121716 -13.857325
v -25.694282 24.146716 -15.801355
v -25.669337 24.121716 -15.803015
v -25.539837 24.121716 -13.857325
v -25.564782 24.146716 -13.855665
v -25.691460 24.149544 -15.801543
v -25.694282 24.146716 -15.801355
v -25.564782 24.146716 -13.855665
v -25.561960 24.149544 -13.855852
v -25.673328 24.131372 -15.802750
v -25.691460 24.149544 -15.801543
v -25.561960 24.149544 -13.855852
v -25.543829 24.131372 -13.857059
v -25.673328 24.194919 -15.802750
v -25.673328 24.131372 -15.802750
v -25.543829 24.131372 -13.857059
v -25.543829 24.194919 -13.857059
v -26.493511 24.237790 -15.748161
v -25.673328 24.194919 -15.802750
v -25.543829 24.194919 -13.857059
v -26.364012 24.237790 -13.802470
v -26.493511 24.174661 -15.748161
v -26.493511 24.237790 -15.748161
v -26.364012 24.237790 -13.802470
v -26.364012 24.174661 -13.802470
v -26.475380 24.192833 -15.749368
v -26.493511 24.174661 -15.748161
v -26.364012 24.174661 -13.802470
v -26.345880 24.192833 -13.803677
v -26.472558 24.190004 -15.749555
v -26.475380 24.192833 -15.749368
v -26.345880 24.192833 -13.803677
v -26.343058 24.190004 -13.803865
v -26.497503 24.165004 -15.747895
v -26.472558 24.190004 -15.749555
v -26.343058 24.190004 -13.803865
v -26.368003 24.165004 -13.802205
v -26.497503 24.242004 -15.747895
v -26.497503 24.165004 -15.747895
v -26.368003 24.165004 -13.802205
v -26.368003 24.242004 -13.802205
v -25.669337 24.198716 -15.803015
v -26.497503 24.242004 -15.747895
v -26.368003 24.242004 -13.802205
v -25.539837 24.198716 -13.857325
f 579 580 581
f 585 586 587
f 579 581 582
f 585 587 588
f 578 579 582
f 584 585 588
f 578 582 583
f 584 588 577
f 577 578 583
f 583 584 577
f 589 590 591
f 595 596 597
f 589 591 592
f 595 597 598
f 600 589 592
f 594 595 598
f 600 592 593
f 594 598 599
f 599 600 593
f 593 594 599
f 601 602 604
f 604 602 603
f 605 606 608
f 608 606 607
f 609 610 612
f 612 610 611
f 613 614 616
f 616 614 615
f 617 618 620
f 620 618 619
f 621 622 624
f 624 622 623
f 625 626 628
f 628 626 627
f 629 630 632
f 632 630 631
f 633 634 636
f 636 634 635
f 637 638 640
f 640 638 639
f 641 642 644
f 644 642 643
f 645 646 648
f 648 646 647
o item_92b0f140_1124108
v -26.676813 24.242004 -18.441935
v -25.848647 24.198716 -18.497055
v -25.848647 24.121716 -18.497055
v -25.873592 24.146716 -18.495395
v -25.870770 24.149544 -18.495583
v -25.852638 24.131372 -18.496790
v -25.852638 24.194919 -18.496790
v -26.672821 24.237790 -18.442201
v -26.672821 24.174661 -18.442201
v -26.654690 24.192833 -18.443408
v -26.651868 24.190004 -18.443595
v -26.676813 24.165004 -18.441935
v -26.547313 24.165004 -16.496245
v -26.522368 24.190004 -16.497905
v -26.525190 24.192833 -16.497717
v -26.543322 24.174661 -16.496510
v -26.543322 24.237790 -16.496510
v -25.723139 24.194919 -16.551099
v -25.723139 24.131372 -16.551099
v -25.741270 24.149544 -16.549892
v -25.744092 24.146716 -16.549705
v -25.719147 24.121716 -16.551365
v -25.719147 24.198716 -16.551365
v -26.547313 24.242004 -16.496245
v -25.848647 24.121716 -18.497055
v -25.848647 24.198716 -18.497055
v -25.719147 24.198716 -16.551365
v -25.719147 24.121716 -16.551365
v -25.873592 24.146716 -18.495395
v -25.848647 24.121716 -18.497055
v -25.719147 24.121716 -16.551365
v -25.744092 24.146716 -16.549705
v -25.870770 24.149544 -18.495583
v -25.873592 24.146716 -18.495395
v -25.744092 24.146716 -16.549705
v -25.741270 24.149544 -16.549892
v -25.852638 24.131372 -18.496790
v -25.870770 24.149544 -18.495583
v -25.741270 24.149544 -16.549892
v -25.723139 24.131372 -16.551099
v -25.852638 24.194919 -18.496790
v -25.852638 24.131372 -18.496790
v -25.723139 24.131372 -16.551099
v -25.723139 24.194919 -16.551099
v -26.672821 24.237790 -18.442201
v -25.852638 24.194919 -18.496790
v -25.723139 24.194919 -16.551099
v -26.543322 24.237790 -16.496510
v -26.672821 24.174661 -18.442201
v -26.672821 24.237790 -18.442201
v -26.543322 24.237790 -16.496510
v -26.543322 24.174661 -16.496510
v -26.654690 24.192833 -18.443408
v -26.672821 24.174661 -18.442201
v -26.543322 24.174661 -16.496510
v -26.525190 24.192833 -16.497717
v -26.651868 24.190004 -18.443595
v -26.654690 24.192833 -18.443408
v -26.525190 24.192833 -16.497717
v -26.522368 24.190004 -16.497905
v -26.676813 24.165004 -18.441935
v -26.651868 24.190004 -18.443595
v -26.522368 24.190004 -16.497905
v -26.547313 24.165004 -16.496245
v -26.676813 24.242004 -18.441935
v -26.676813 24.165004 -18.441935
v -26.547313 24.165004 -16.496245
v -26.547313 24.242004 -16.496245
v -25.848647 24.198716 -18.497055
v -26.676813 24.242004 -18.441935
v -26.547313 24.242004 -16.496245
v -25.719147 24.198716 -16.551365
f 651 652 653
f 657 658 659
f 651 653 654
f 657 659 660
f 650 651 654
f 656 657 660
f 650 654 655
f 656 660 649
f 649 650 655
f 655 656 649
f 661 662 663
f 667 668 669
f 661 663 664
f 667 669 670
f 672 661 664
f 666 667 670
f 672 664 665
f 666 670 671
f 671 672 665
f 665 666 671
f 673 674 676
f 676 674 675
f 677 678 680
f 680 678 679
f 681 682 684
f 684 682 683
f 685 686 688
f 688 686 687
f 689 690 692
f 692 690 691
f 693 694 696
f 696 694 695
f 697 698 700
f 700 698 699
f 701 702 704
f 704 702 703
f 705 706 708
f 708 706 707
f 709 710 712
f 712 710 711
f 713 714 716
f 716 714 715
f 717 718 720
f 720 718 719
o item_92b0f140_1123092
v 25.193872 24.242004 -38.390048
v 24.424313 24.198716 -38.079105
v 24.424313 24.121716 -38.079105
v 24.447493 24.146716 -38.088471
v 24.444870 24.149544 -38.087412
v 24.428022 24.131372 -38.080604
v 24.428022 24.194919 -38.080604
v 25.190164 24.237790 -38.388550
v 25.190164 24.174661 -38.388550
v 25.173315 24.192833 -38.381742
v 25.170693 24.190004 -38.380683
v 25.193872 24.165004 -38.390048
v 24.652867 24.165004 -39.728995
v 24.629687 24.190004 -39.719629
v 24.632310 24.192833 -39.720688
v 24.649158 24.174661 -39.727496
v 24.649158 24.237790 -39.727496
v 23.887016 24.194919 -39.419550
v 23.887016 24.131372 -39.419550
v 23.903865 24.149544 -39.426358
v 23.906487 24.146716 -39.427417
v 23.883308 24.121716 -39.418052
v 23.883308 24.198716 -39.418052
v 24.652867 24.242004 -39.728995
v 24.424313 24.121716 -38.079105
v 24.424313 24.198716 -38.079105
v 23.883308 24.198716 -39.418052
v 23.883308 24.121716 -39.418052
v 24.447493 24.146716 -38.088471
v 24.424313 24.121716 -38.079105
v 23.883308 24.121716 -39.418052
v 23.906487 24.146716 -39.427417
v 24.444870 24.149544 -38.087412
v 24.447493 24.146716 -38.088471
v 23.906487 24.146716 -39.427417
v 23.903865 24.149544 -39.426358
v 24.428022 24.131372 -38.080604
v 24.444870 24.149544 -38.087412
v 23.903865 24.149544 -39.426358
v 23.887016 24.131372 -39.419550
v 24.428022 24.194919 -38.080604
v 24.428022 24.131372 -38.080604
v 23.887016 24.131372 -39.419550
v 23.887016 24.194919 -39.419550
v 25.190164 24.237790 -38.388550
v 24.428022 24.194919 -38.080604
v 23.887016 24.194919 -39.419550
v 24.649158 24.237790 -39.727496
v 25.190164 24.174661 -38.388550
v 25.190164 24.237790 -38.388550
v 24.649158 24.237790 -39.727496
v 24.649158 24.174661 -39.727496
v 25.173315 24.192833 -38.381742
v 25.190164 24.174661 -38.388550
v 24.649158 24.174661 -39.727496
v 24.632310 24.192833 -39.720688
v 25.170693 24.190004 -38.380683
v 25.173315 24.192833 -38.381742
v 24.632310 24.192833 -39.720688
v 24.629687 24.190004 -39.719629
v 25.193872 24.165004 -38.390048
v 25.170693 24.190004 -38.380683
v 24.629687 24.190004 -39.719629
v 24.652867 24.165004 -39.728995
v 25.193872 24.242004 -38.390048
v 25.193872 24.165004 -38.390048
v 24.652867 24.165004 -39.728995
v 24.652867 24.242004 -39.728995
v 24.424313 24.198716 -38.079105
v 25.193872 24.242004 -38.390048
v 24.652867 24.242004 -39.728995
v 23.883308 24.198716 -39.418052
f 723 724 725
f 729 730 731
f 723 725 726
f 729 731 732
f 722 723 726
f 728 729 732
f 722 726 727
f 728 732 721
f 721 722 727
f 727 728 721
f 733 734 735
f 739 740 741
f 733 735 736
f 739 741 742
f 744 733 736
f 738 739 742
f 744 736 737
f 738 742 743
f 743 744 737
f 737 738 743
f 745 746 748
f 748 746 747
f 749 750 752
f 752 750 751
f 753 754 756
f 756 754 755
f 757 758 760
f 760 758 759
f 761 762 764
f 764 762 763
f 765 766 768
f 768 766 767
f 769 770 772
f 772 770 771
f 773 774 776
f 776 774 775
f 777 778 780
f 780 778 779
f 781 782 784
f 784 782 783
f 785 786 788
f 788 786 787
f 789 790 792
f 792 790 791
o item_92b0f140_1123422
v 24.424360 24.198756 -38.078064
v 24.735202 24.241974 -37.308439
v 24.735202 24.164974 -37.308439
v 24.725840 24.189976 -37.331620
v 24.726899 24.192805 -37.328998
v 24.733704 24.174631 -37.312148
v 24.733704 24.237761 -37.312148
v 24.425858 24.194959 -38.074354
v 24.425858 24.131413 -38.074355
v 24.432664 24.149582 -38.057505
v 24.433723 24.146754 -38.054882
v 24.424361 24.121756 -38.078064
v 22.788158 24.121746 -37.417221
v 22.797521 24.146743 -37.394040
v 22.796461 24.149572 -37.396662
v 22.789656 24.131403 -37.413512
v 22.789656 24.194948 -37.413512
v 23.097501 24.237750 -36.651305
v 23.097502 24.174621 -36.651306
v 23.090696 24.192795 -36.668155
v 23.089637 24.189966 -36.670778
v 23.099000 24.164964 -36.647596
v 23.098999 24.241964 -36.647596
v 22.788158 24.198746 -37.417221
v 24.735202 24.241974 -37.308439
v 24.424360 24.198756 -38.078064
v 22.788158 24.198746 -37.417221
v 23.098999 24.241964 -36.647596
v 24.735202 24.164974 -37.308439
v 24.735202 24.241974 -37.308439
v 23.098999 24.241964 -36.647596
v 23.099000 24.164964 -36.647596
v 24.725840 24.189976 -37.331620
v 24.735202 24.164974 -37.308439
v 23.099000 24.164964 -36.647596
v 23.089637 24.189966 -36.670778
v 24.726899 24.192805 -37.328998
v 24.725840 24.189976 -37.331620
v 23.089637 24.189966 -36.670778
v 23.090696 24.192795 -36.668155
v 24.733704 24.174631 -37.312148
v 24.726899 24.192805 -37.328998
v 23.090696 24.192795 -36.668155
v 23.097502 24.174621 -36.651306
v 24.733704 24.237761 -37.312148
v 24.733704 24.174631 -37.312148
v 23.097502 24.174621 -36.651306
v 23.097501 24.237750 -36.651305
v 24.425858 24.194959 -38.074354
v 24.733704 24.237761 -37.312148
v 23.097501 24.237750 -36.651305
v 22.789656 24.194948 -37.413512
v 24.425858 24.131413 -38.074355
v 24.425858 24.194959 -38.074354
v 22.789656 24.194948 -37.413512
v 22.789656 24.131403 -37.413512
v 24.432664 24.149582 -38.057505
v 24.425858 24.131413 -38.074355
v 22.789656 24.131403 -37.413512
v 22.796461 24.149572 -37.396662
v 24.433723 24.146754 -38.054882
v 24.432664 24.149582 -38.057505
v 22.796461 24.149572 -37.396662
v 22.797521 24.146743 -37.394040
v 24.424361 24.121756 -38.078064
v 24.433723 24.146754 -38.054882
v 22.797521 24.146743 -37.394040
v 22.788158 24.121746 -37.417221
v 24.424360 24.198756 -38.078064
v 24.424361 24.121756 -38.078064
v 22.788158 24.121746 -37.417221
v 22.788158 24.198746 -37.417221
f 795 796 797
f 801 802 803
f 795 797 798
f 801 803 804
f 794 795 798
f 800 801 804
f 794 798 799
f 800 804 793
f 793 794 799
f 799 800 793
f 805 806 807
f 811 812 813
f 805 807 808
f 811 813 814
f 816 805 808
f 810 811 814
f 816 808 809
f 810 814 815
f 815 816 809
f 809 810 815
f 817 818 820
f 820 818 819
f 821 822 824
f 824 822 823
f 825 826 828
f 828 826 827
f 829 830 832
f 832 830 831
f 833 834 836
f 836 834 835
f 837 838 840
f 840 838 839
f 841 842 844
f 844 842 843
f 845 846 848
f 848 846 847
f 849 850 852
f 852 850 851
f 853 854 856
f 856 854 855
f 857 858 860
f 860 858 859
f 861 862 864
f 864 862 863
o item_92b0f140_1096141
v 19.478294 24.198757 -36.079566
v 19.789136 24.241975 -35.309941
v 19.789137 24.164975 -35.309941
v 19.779774 24.189977 -35.333123
v 19.780833 24.192806 -35.330500
v 19.787638 24.174632 -35.313651
v 19.787638 24.237762 -35.313650
v 19.479792 24.194960 -36.075857
v 19.479793 24.131414 -36.075857
v 19.486598 24.149583 -36.059007
v 19.487657 24.146754 -36.056384
v 19.478295 24.121757 -36.079566
v 17.558884 24.121745 -35.304339
v 17.568246 24.146742 -35.281157
v 17.567187 24.149571 -35.283780
v 17.560382 24.131402 -35.300630
v 17.560381 24.194948 -35.300630
v 17.868227 24.237750 -34.538423
v 17.868227 24.174620 -34.538423
v 17.861422 24.192794 -34.555273
v 17.860363 24.189965 -34.557895
v 17.869726 24.164963 -34.534714
v 17.869725 24.241963 -34.534714
v 17.558883 24.198745 -35.304339
v 19.789136 24.241975 -35.309941
v 19.478294 24.198757 -36.079566
v 17.558883 24.198745 -35.304339
v 17.869725 24.241963 -34.534714
v 19.789137 24.164975 -35.309941
v 19.789136 24.241975 -35.309941
v 17.869725 24.241963 -34.534714
v 17.869726 24.164963 -34.534714
v 19.779774 24.189977 -35.333123
v 19.789137 24.164975 -35.309941
v 17.869726 24.164963 -34.534714
v 17.860363 24.189965 -34.557895
v 19.780833 24.192806 -35.330500
v 19.779774 24.189977 -35.333123
v 17.860363 24.189965 -34.557895
v 17.861422 24.192794 -34.555273
v 19.787638 24.174632 -35.313651
v 19.780833 24.192806 -35.330500
v 17.861422 24.192794 -34.555273
v 17.868227 24.174620 -34.538423
v 19.787638 24.237762 -35.313650
v 19.787638 24.174632 -35.313651
v 17.868227 24.174620 -34.538423
v 17.868227 24.237750 -34.538423
v 19.479792 24.194960 -36.075857
v 19.787638 24.237762 -35.313650
v 17.868227 24.237750 -34.538423
v 17.560381 24.194948 -35.300630
v 19.479793 24.131414 -36.075857
v 19.479792 24.194960 -36.075857
v 17.560381 24.194948 -35.300630
v 17.560382 24.131402 -35.300630
v 19.486598 24.149583 -36.059007
v 19.479793 24.131414 -36.075857
v 17.560382 24.131402 -35.300630
v 17.567187 24.149571 -35.283780
v 19.487657 24.146754 -36.056384
v 19.486598 24.149583 -36.059007
v 17.567187 24.149571 -35.283780
v 17.568246 24.146742 -35.281157
v 19.478295 24.121757 -36.079566
v 19.487657 24.146754 -36.056384
v 17.568246 24.146742 -35.281157
v 17.558884 24.121745 -35.304339
v 19.478294 24.198757 -36.079566
v 19.478295 24.121757 -36.079566
v 17.558884 24.121745 -35.304339
v 17.558883 24.198745 -35.304339
f 867 868 869
f 873 874 875
f 867 869 870
f 873 875 876
f 866 867 870
f 872 873 876
f 866 870 871
f 872 876 865
f 865 866 871
f 871 872 865
f 877 878 879
f 883 884 885
f 877 879 880
f 883 885 886
f 888 877 880
f 882 883 886
f 888 880 881
f 882 886 887
f 887 888 881
f 881 882 887
f 889 890 892
f 892 890 891
f 893 894 896
f 896 894 895
f 897 898 900
f 900 898 899
f 901 902 904
f 904 902 903
f 905 906 908
f 908 906 907
f 909 910 912
f 912 910 911
f 913 914 916
f 916 914 915
f 917 918 920
f 920 918 919
f 921 922 924
f 924 922 923
f 925 926 928
f 928 926 927
f 929 930 932
f 932 930 931
f 933 934 936
f 936 934 935
o item_92b0f140_1123364
v 22.092924 24.198757 -37.136016
v 22.403766 24.241975 -36.366391
v 22.403767 24.164975 -36.366391
v 22.394404 24.189977 -36.389573
v 22.395463 24.192806 -36.386950
v 22.402268 24.174632 -36.370101
v 22.402268 24.237762 -36.370100
v 22.094422 24.194960 -37.132307
v 22.094423 24.131414 -37.132307
v 22.101228 24.149583 -37.115457
v 22.102287 24.146754 -37.112834
v 22.092925 24.121757 -37.136016
v 20.173514 24.121745 -36.360789
v 20.182876 24.146742 -36.337607
v 20.181817 24.149571 -36.340230
v 20.175012 24.131402 -36.357080
v 20.175011 24.194948 -36.357080
v 20.482857 24.237750 -35.594873
v 20.482857 24.174620 -35.594873
v 20.476052 24.192794 -35.611723
v 20.474993 24.189965 -35.614345
v 20.484356 24.164963 -35.591164
v 20.484355 24.241963 -35.591164
v 20.173513 24.198745 -36.360789
v 22.403766 24.241975 -36.366391
v 22.092924 24.198757 -37.136016
v 20.173513 24.198745 -36.360789
v 20.484355 24.241963 -35.591164
v 22.403767 24.164975 -36.366391
v 22.403766 24.241975 -36.366391
v 20.484355 24.241963 -35.591164
v 20.484356 24.164963 -35.591164
v 22.394404 24.189977 -36.389573
v 22.403767 24.164975 -36.366391
v 20.484356 24.164963 -35.591164
v 20.474993 24.189965 -35.614345
v 22.395463 24.192806 -36.386950
v 22.394404 24.189977 -36.389573
v 20.474993 24.189965 -35.614345
v 20.476052 24.192794 -35.611723
v 22.402268 24.174632 -36.370101
v 22.395463 24.192806 -36.386950
v 20.476052 24.192794 -35.611723
v 20.482857 24.174620 -35.594873
v 22.402268 24.237762 -36.370100
v 22.402268 24.174632 -36.370101
v 20.482857 24.174620 -35.594873
v 20.482857 24.237750 -35.594873
v 22.094422 24.194960 -37.132307
v 22.402268 24.237762 -36.370100
v 20.482857 24.237750 -35.594873
v 20.175011 24.194948 -36.357080
v 22.094423 24.131414 -37.132307
v 22.094422 24.194960 -37.132307
v 20.175011 24.194948 -36.357080
v 20.175012 24.131402 -36.357080
v 22.101228 24.149583 -37.115457
v 22.094423 24.131414 -37.132307
v 20.175012 24.131402 -36.357080
v 20.181817 24.149571 -36.340230
v 22.102287 24.146754 -37.112834
v 22.101228 24.149583 -37.115457
v 20.181817 24.149571 -36.340230
v 20.182876 24.146742 -36.337607
v 22.092925 24.121757 -37.136016
v 22.102287 24.146754 -37.112834
v 20.182876 24.146742 -36.337607
v 20.173514 24.121745 -36.360789
v 22.092924 24.198757 -37.136016
v 22.092925 24.121757 -37.136016
v 20.173514 24.121745 -36.360789
v 20.173513 24.198745 -36.360789
f 939 940 941
f 945 946 947
f 939 941 942
f 945 947 948
f 938 939 942
f 944 945 948
f 938 942 943
f 944 948 937
f 937 938 943
f 943 944 937
f 949 950 951
f 955 956 957
f 949 951 952
f 955 957 958
f 960 949 952
f 954 955 958
f 960 952 953
f 954 958 959
f 959 960 953
f 953 954 959
f 961 962 964
f 964 962 963
f 965 966 968
f 968 966 967
f 969 970 972
f 972 970 971
f 973 974 976
f 976 974 975
f 977 978 980
f 980 978 979
f 981 982 984
f 984 982 983
f 985 986 988
f 988 986 987
f 989 990 992
f 992 990 991
f 993 994 996
f 996 994 995
f 997 998 1000
f 1000 998 999
f 1001 1002 1004
f 1004 1002 1003
f 1005 1006 1008
f 1008 1006 1007
o item_92b0f140_1123294
v 24.371911 24.242004 -40.424339
v 23.602352 24.198716 -40.113396
v 23.602352 24.121716 -40.113396
v 23.625531 24.146716 -40.122762
v 23.622909 24.149544 -40.121702
v 23.606060 24.131372 -40.114895
v 23.606060 24.194919 -40.114895
v 24.368202 24.237790 -40.422840
v 24.368202 24.174661 -40.422840
v 24.351354 24.192833 -40.416033
v 24.348731 24.190004 -40.414973
v 24.371911 24.165004 -40.424339
v 23.716308 24.165004 -42.046904
v 23.693129 24.190004 -42.037538
v 23.695751 24.192833 -42.038598
v 23.712600 24.174661 -42.045405
v 23.712600 24.237790 -42.045405
v 22.950458 24.194919 -41.737460
v 22.950458 24.131372 -41.737460
v 22.967306 24.149544 -41.744267
v 22.969929 24.146716 -41.745327
v 22.946749 24.121716 -41.735961
v 22.946749 24.198716 -41.735961
v 23.716308 24.242004 -42.046904
v 23.602352 24.121716 -40.113396
v 23.602352 24.198716 -40.113396
v 22.946749 24.198716 -41.735961
v 22.946749 24.121716 -41.735961
v 23.625531 24.146716 -40.122762
v 23.602352 24.121716 -40.113396
v 22.946749 24.121716 -41.735961
v 22.969929 24.146716 -41.745327
v 23.622909 24.149544 -40.121702
v 23.625531 24.146716 -40.122762
v 22.969929 24.146716 -41.745327
v 22.967306 24.149544 -41.744267
v 23.606060 24.131372 -40.114895
v 23.622909 24.149544 -40.121702
v 22.967306 24.149544 -41.744267
v 22.950458 24.131372 -41.737460
v 23.606060 24.194919 -40.114895
v 23.606060 24.131372 -40.114895
v 22.950458 24.131372 -41.737460
v 22.950458 24.194919 -41.737460
v 24.368202 24.237790 -40.422840
v 23.606060 24.194919 -40.114895
v 22.950458 24.194919 -41.737460
v 23.712600 24.237790 -42.045405
v 24.368202 24.174661 -40.422840
v 24.368202 24.237790 -40.422840
v 23.712600 24.237790 -42.045405
v 23.712600 24.174661 -42.045405
v 24.351354 24.192833 -40.416033
v 24.368202 24.174661 -40.422840
v 23.712600 24.174661 -42.045405
v 23.695751 24.192833 -42.038598
v 24.348731 24.190004 -40.414973
v 24.351354 24.192833 -40.416033
v 23.695751 24.192833 -42.038598
v 23.693129 24.190004 -42.037538
v 24.371911 24.165004 -40.424339
v 24.348731 24.190004 -40.414973
v 23.693129 24.190004 -42.037538
v 23.716308 24.165004 -42.046904
v 24.371911 24.242004 -40.424339
v 24.371911 24.165004 -40.424339
v 23.716308 24.165004 -42.046904
v 23.716308 24.242004 -42.046904
v 23.602352 24.198716 -40.113396
v 24.371911 24.242004 -40.424339
v 23.716308 24.242004 -42.046904
v 22.946749 24.198716 -41.735961
f 1011 1012 1013
f 1017 1018 1019
f 1011 1013 1014
f 1017 1019 1020
f 1010 1011 1014
f 1016 1017 1020
f 1010 1014 1015
f 1016 1020 1009
f 1009 1010 1015
f 1015 1016 1009
f 1021 1022 1023
f 1027 1028 1029
f 1021 1023 1024
f 1027 1029 1030
f 1032 1021 1024
f 1026 1027 1030
f 1032 1024 1025
f 1026 1030 1031
f 1031 1032 1025
f 1025 1026 1031
f 1033 1034 1036
f 1036 1034 1035
f 1037 1038 1040
f 1040 1038 1039
f 1041 1042 1044
f 1044 1042 1043
f 1045 1046 1048
f 1048 1046 1047
f 1049 1050 1052
f 1052 1050 1051
f 1053 1054 1056
f 1056 1054 1055
f 1057 1058 1060
f 1060 1058 1059
f 1061 1062 1064
f 1064 1062 1063
f 1065 1066 1068
f 1068 1066 1067
f 1069 1070 1072
f 1072 1070 1071
f 1073 1074 1076
f 1076 1074 1075
f 1077 1078 1080
f 1080 1078 1079
o item_92b0f140_1123250
v 23.435351 24.242004 -42.742279
v 22.665792 24.198716 -42.431336
v 22.665792 24.121716 -42.431336
v 22.688971 24.146716 -42.440702
v 22.686349 24.149544 -42.439642
v 22.669500 24.131372 -42.432835
v 22.669500 24.194919 -42.432835
v 23.431642 24.237790 -42.740780
v 23.431642 24.174661 -42.740780
v 23.414794 24.192833 -42.733973
v 23.412171 24.190004 -42.732913
v 23.435351 24.165004 -42.742279
v 22.779748 24.165004 -44.364844
v 22.756569 24.190004 -44.355478
v 22.759191 24.192833 -44.356538
v 22.776040 24.174661 -44.363345
v 22.776040 24.237790 -44.363345
v 22.013898 24.194919 -44.055400
v 22.013898 24.131372 -44.055400
v 22.030746 24.149544 -44.062207
v 22.033369 24.146716 -44.063267
v 22.010189 24.121716 -44.053901
v 22.010189 24.198716 -44.053901
v 22.779748 24.242004 -44.364844
v 22.665792 24.121716 -42.431336
v 22.665792 24.198716 -42.431336
v 22.010189 24.198716 -44.053901
v 22.010189 24.121716 -44.053901
v 22.688971 24.146716 -42.440702
v 22.665792 24.121716 -42.431336
v 22.010189 24.121716 -44.053901
v 22.033369 24.146716 -44.063267
v 22.686349 24.149544 -42.439642
v 22.688971 24.146716 -42.440702
v 22.033369 24.146716 -44.063267
v 22.030746 24.149544 -44.062207
v 22.669500 24.131372 -42.432835
v 22.686349 24.149544 -42.439642
v 22.030746 24.149544 -44.062207
v 22.013898 24.131372 -44.055400
v 22.669500 24.194919 -42.432835
v 22.669500 24.131372 -42.432835
v 22.013898 24.131372 -44.055400
v 22.013898 24.194919 -44.055400
v 23.431642 24.237790 -42.740780
v 22.669500 24.194919 -42.432835
v 22.013898 24.194919 -44.055400
v 22.776040 24.237790 -44.363345
v 23.431642 24.174661 -42.740780
v 23.431642 24.237790 -42.740780
v 22.776040 24.237790 -44.363345
v 22.776040 24.174661 -44.363345
v 23.414794 24.192833 -42.733973
v 23.431642 24.174661 -42.740780
v 22.776040 24.174661 -44.363345
v 22.759191 24.192833 -44.356538
v 23.412171 24.190004 -42.732913
v 23.414794 24.192833 -42.733973
v 22.759191 24.192833 -44.356538
v 22.756569 24.190004 -44.355478
v 23.435351 24.165004 -42.742279
v 23.412171 24.190004 -42.732913
v 22.756569 24.190004 -44.355478
v 22.779748 24.165004 -44.364844
v 23.435351 24.242004 -42.742279
v 23.435351 24.165004 -42.742279
v 22.779748 24.165004 -44.364844
v 22.779748 24.242004 -44.364844
v 22.665792 24.198716 -42.431336
v 23.435351 24.242004 -42.742279
v 22.779748 24.242004 -44.364844
v 22.010189 24.198716 -44.053901
f 1083 1084 1085
f 1089 1090 1091
f 1083 1085 1086
f 1089 1091 1092
f 1082 1083 1086
f 1088 1089 1092
f 1082 1086 1087
f 1088 1092 1081
f 1081 1082 1087
f 1087 1088 1081
f 1093 1094 1095
f 1099 1100 1101
f 1093 1095 1096
f 1099 1101 1102
f 1104 1093 1096
f 1098 1099 1102
f 1104 1096 1097
f 1098 1102 1103
f 1103 1104 1097
f 1097 1098 1103
f 1105 1106 1108
f 1108 1106 1107
f 1109 1110 1112
f 1112 1110 1111
f 1113 1114 1116
f 1116 1114 1115
f 1117 1118 1120
f 1120 1118 1119
f 1121 1122 1124
f 1124 1122 1123
f 1125 1126 1128
f 1128 1126 1127
f 1129 1130 1132
f 1132 1130 1131
f 1133 1134 1136
f 1136 1134 1135
f 1137 1138 1140
f 1140 1138 1139
f 1141 1142 1144
f 1144 1142 1143
f 1145 1146 1148
f 1148 1146 1147
f 1149 1150 1152
f 1152 1150 1151
o item_92b0f140_1123193
v 22.498784 24.242004 -45.060221
v 21.729225 24.198716 -44.749278
v 21.729225 24.121716 -44.749278
v 21.752404 24.146716 -44.758644
v 21.749782 24.149544 -44.757584
v 21.732933 24.131372 -44.750777
v 21.732933 24.194919 -44.750777
v 22.495075 24.237790 -45.058722
v 22.495075 24.174661 -45.058722
v 22.478227 24.192833 -45.051915
v 22.475604 24.190004 -45.050855
v 22.498784 24.165004 -45.060221
v 21.768255 24.165004 -46.868222
v 21.745076 24.190004 -46.858856
v 21.747698 24.192833 -46.859916
v 21.764547 24.174661 -46.866723
v 21.764547 24.237790 -46.866723
v 21.002405 24.194919 -46.558778
v 21.002405 24.131372 -46.558778
v 21.019253 24.149544 -46.565585
v 21.021876 24.146716 -46.566645
v 20.998696 24.121716 -46.557279
v 20.998696 24.198716 -46.557279
v 21.768255 24.242004 -46.868222
v 21.729225 24.121716 -44.749278
v 21.729225 24.198716 -44.749278
v 20.998696 24.198716 -46.557279
v 20.998696 24.121716 -46.557279
v 21.752404 24.146716 -44.758644
v 21.729225 24.121716 -44.749278
v 20.998696 24.121716 -46.557279
v 21.021876 24.146716 -46.566645
v 21.749782 24.149544 -44.757584
v 21.752404 24.146716 -44.758644
v 21.021876 24.146716 -46.566645
v 21.019253 24.149544 -46.565585
v 21.732933 24.131372 -44.750777
v 21.749782 24.149544 -44.757584
v 21.019253 24.149544 -46.565585
v 21.002405 24.131372 -46.558778
v 21.732933 24.194919 -44.750777
v 21.732933 24.131372 -44.750777
v 21.002405 24.131372 -46.558778
v 21.002405 24.194919 -46.558778
v 22.495075 24.237790 -45.058722
v 21.732933 24.194919 -44.750777
v 21.002405 24.194919 -46.558778
v 21.764547 24.237790 -46.866723
v 22.495075 24.174661 -45.058722
v 22.495075 24.237790 -45.058722
v 21.764547 24.237790 -46.866723
v 21.764547 24.174661 -46.866723
v 22.478227 24.192833 -45.051915
v 22.495075 24.174661 -45.058722
v 21.764547 24.174661 -46.866723
v 21.747698 24.192833 -46.859916
v 22.475604 24.190004 -45.050855
v 22.478227 24.192833 -45.051915
v 21.747698 24.192833 -46.859916
v 21.745076 24.190004 -46.858856
v 22.498784 24.165004 -45.060221
v 22.475604 24.190004 -45.050855
v 21.745076 24.190004 -46.858856
v 21.768255 24.165004 -46.868222
v 22.498784 24.242004 -45.060221
v 22.498784 24.165004 -45.060221
v 21.768255 24.165004 -46.868222
v 21.768255 24.242004 -46.868222
v 21.729225 24.198716 -44.749278
v 22.498784 24.242004 -45.060221
v 21.768255 24.242004 -46.868222
v 20.998696 24.198716 -46.557279
f 1155 1156 1157
f 1161 1162 1163
f 1155 1157 1158
f 1161 1163 1164
f 1154 1155 1158
f 1160 1161 1164
f 1154 1158 1159
f 1160 1164 1153
f 1153 1154 1159
f 1159 1160 1153
f 1165 1166 1167
f 1171 1172 1173
f 1165 1167 1168
f 1171 1173 1174
f 1176 1165 1168
f 1170 1171 1174
f 1176 1168 1169
f 1170 1174 1175
f 1175 1176 1169
f 1169 1170 1175
f 1177 1178 1180
f 1180 1178 1179
f 1181 1182 1184
f 1184 1182 1183
f 1185 1186 1188
f 1188 1186 1187
f 1189 1190 1192
f 1192 1190 1191
f 1193 1194 1196
f 1196 1194 1195
f 1197 1198 1200
f 1200 1198 1199
f 1201 1202 1204
f 1204 1202 1203
f 1205 1206 1208
f 1208 1206 1207
f 1209 1210 1212
f 1212 1210 1211
f 1213 1214 1216
f 1216 1214 1215
f 1217 1218 1220
f 1220 1218 1219
f 1221 1222 1224
f 1224 1222 1223
o item_92b0f140_1123149
v 21.487294 24.242004 -47.563601
v 20.717735 24.198716 -47.252658
v 20.717735 24.121716 -47.252658
v 20.740914 24.146716 -47.262024
v 20.738292 24.149544 -47.260964
v 20.721443 24.131372 -47.254157
v 20.721443 24.194919 -47.254157
v 21.483585 24.237790 -47.562102
v 21.483585 24.174661 -47.562102
v 21.466737 24.192833 -47.555295
v 21.464114 24.190004 -47.554235
v 21.487294 24.165004 -47.563601
v 20.756765 24.165004 -49.371602
v 20.733586 24.190004 -49.362236
v 20.736208 24.192833 -49.363296
v 20.753057 24.174661 -49.370103
v 20.753057 24.237790 -49.370103
v 19.990915 24.194919 -49.062158
v 19.990915 24.131372 -49.062158
v 20.007763 24.149544 -49.068965
v 20.010386 24.146716 -49.070025
v 19.987206 24.121716 -49.060659
v 19.987206 24.198716 -49.060659
v 20.756765 24.242004 -49.371602
v 20.717735 24.121716 -47.252658
v 20.717735 24.198716 -47.252658
v 19.987206 24.198716 -49.060659
v 19.987206 24.121716 -49.060659
v 20.740914 24.146716 -47.262024
v 20.717735 24.121716 -47.252658
v 19.987206 24.121716 -49.060659
v 20.010386 24.146716 -49.070025
v 20.738292 24.149544 -47.260964
v 20.740914 24.146716 -47.262024
v 20.010386 24.146716 -49.070025
v 20.007763 24.149544 -49.068965
v 20.721443 24.131372 -47.254157
v 20.738292 24.149544 -47.260964
v 20.007763 24.149544 -49.068965
v 19.990915 24.131372 -49.062158
v 20.721443 24.194919 -47.254157
v 20.721443 24.131372 -47.254157
v 19.990915 24.131372 -49.062158
v 19.990915 24.194919 -49.062158
v 21.483585 24.237790 -47.562102
v 20.721443 24.194919 -47.254157
v 19.990915 24.194919 -49.062158
v 20.753057 24.237790 -49.370103
v 21.483585 24.174661 -47.562102
v 21.483585 24.237790 -47.562102
v 20.753057 24.237790 -49.370103
v 20.753057 24.174661 -49.370103
v 21.466737 24.192833 -47.555295
v 21.483585 24.174661 -47.562102
v 20.753057 24.174661 -49.370103
v 20.736208 24.192833 -49.363296
v 21.464114 24.190004 -47.554235
v 21.466737 24.192833 -47.555295
v 20.736208 24.192833 -49.363296
v 20.733586 24.190004 -49.362236
v 21.487294 24.165004 -47.563601
v 21.464114 24.190004 -47.554235
v 20.733586 24.190004 -49.362236
v 20.756765 24.165004 -49.371602
v 21.487294 24.242004 -47.563601
v 21.487294 24.165004 -47.563601
v 20.756765 24.165004 -49.371602
v 20.756765 24.242004 -49.371602
v 20.717735 24.198716 -47.252658
v 21.487294 24.242004 -47.563601
v 20.756765 24.242004 -49.371602
v 19.987206 24.198716 -49.060659
f 1227 1228 1229
f 1233 1234 1235
f 1227 1229 1230
f 1233 1235 1236
f 1226 1227 1230
f 1232 1233 1236
f 1226 1230 1231
f 1232 1236 1225
f 1225 1226 1231
f 1231 1232 1225
f 1237 1238 1239
f 1243 1244 1245
f 1237 1239 1240
f 1243 1245 1246
f 1248 1237 1240
f 1242 1243 1246
f 1248 1240 1241
f 1242 1246 1247
f 1247 1248 1241
f 1241 1242 1247
f 1249 1250 1252
f 1252 1250 1251
f 1253 1254 1256
f 1256 1254 1255
f 1257 1258 1260
f 1260 1258 1259
f 1261 1262 1264
f 1264 1262 1263
f 1265 1266 1268
f 1268 1266 1267
f 1269 1270 1272
f 1272 1270 1271
f 1273 1274 1276
f 1276 1274 1275
f 1277 1278 1280
f 1280 1278 1279
f 1281 1282 1284
f 1284 1282 1283
f 1285 1286 1288
f 1288 1286 1287
f 1289 1290 1292
f 1292 1290 1291
f 1293 1294 1296
f 1296 1294 1295
o item_92b0f140_1123035
v 20.475797 24.242004 -50.066974
v 19.706238 24.198716 -49.756031
v 19.706238 24.121716 -49.756031
v 19.729417 24.146716 -49.765397
v 19.726795 24.149544 -49.764338
v 19.709946 24.131372 -49.757530
v 19.709946 24.194919 -49.757530
v 20.472088 24.237790 -50.065476
v 20.472088 24.174661 -50.065476
v 20.455239 24.192833 -50.058668
v 20.452617 24.190004 -50.057608
v 20.475797 24.165004 -50.066974
v 19.820182 24.165004 -51.689569
v 19.797003 24.190004 -51.680203
v 19.799625 24.192833 -51.681262
v 19.816474 24.174661 -51.688070
v 19.816474 24.237790 -51.688070
v 19.054332 24.194919 -51.380124
v 19.054332 24.131372 -51.380124
v 19.071181 24.149544 -51.386932
v 19.073803 24.146716 -51.387992
v 19.050623 24.121716 -51.378626
v 19.050623 24.198716 -51.378626
v 19.820182 24.242004 -51.689569
v 19.706238 24.121716 -49.756031
v 19.706238 24.198716 -49.756031
v 19.050623 24.198716 -51.378626
v 19.050623 24.121716 -51.378626
v 19.729417 24.146716 -49.765397
v 19.706238 24.121716 -49.756031
v 19.050623 24.121716 -51.378626
v 19.073803 24.146716 -51.387992
v 19.726795 24.149544 -49.764338
v 19.729417 24.146716 -49.765397
v 19.073803 24.146716 -51.387992
v 19.071181 24.149544 -51.386932
v 19.709946 24.131372 -49.757530
v 19.726795 24.149544 -49.764338
v 19.071181 24.149544 -51.386932
v 19.054332 24.131372 -51.380124
v 19.709946 24.194919 -49.757530
v 19.709946 24.131372 -49.757530
v 19.054332 24.131372 -51.380124
v 19.054332 24.194919 -51.380124
v 20.472088 24.237790 -50.065476
v 19.709946 24.194919 -49.757530
v 19.054332 24.194919 -51.380124
v 19.816474 24.237790 -51.688070
v 20.472088 24.174661 -50.065476
v 20.472088 24.237790 -50.065476
v 19.816474 24.237790 -51.688070
v 19.816474 24.174661 -51.688070
v 20.455239 24.192833 -50.058668
v 20.472088 24.174661 -50.065476
v 19.816474 24.174661 -51.688070
v 19.799625 24.192833 -51.681262
v 20.452617 24.190004 -50.057608
v 20.455239 24.192833 -50.058668
v 19.799625 24.192833 -51.681262
v 19.797003 24.190004 -51.680203
v 20.475797 24.165004 -50.066974
v 20.452617 24.190004 -50.057608
v 19.797003 24.190004 -51.680203
v 19.820182 24.165004 -51.689569
v 20.475797 24.242004 -50.066974
v 20.475797 24.165004 -50.066974
v 19.820182 24.165004 -51.689569
v 19.820182 24.242004 -51.689569
v 19.706238 24.198716 -49.756031
v 20.475797 24.242004 -50.066974
v 19.820182 24.242004 -51.689569
v 19.050623 24.198716 -51.378626
f 1299 1300 1301
f 1305 1306 1307
f 1299 1301 1302
f 1305 1307 1308
f 1298 1299 1302
f 1304 1305 1308
f 1298 1302 1303
f 1304 1308 1297
f 1297 1298 1303
f 1303 1304 1297
f 1309 1310 1311
f 1315 1316 1317
f 1309 1311 1312
f 1315 1317 1318
f 1320 1309 1312
f 1314 1315 1318
f 1320 1312 1313
f 1314 1318 1319
f 1319 1320 1313
f 1313 1314 1319
f 1321 1322 1324
f 1324 1322 1323
f 1325 1326 1328
f 1328 1326 1327
f 1329 1330 1332
f 1332 1330 1331
f 1333 1334 1336
f 1336 1334 1335
f 1337 1338 1340
f 1340 1338 1339
f 1341 1342 1344
f 1344 1342 1343
f 1345 1346 1348
f 1348 1346 1347
f 1349 1350 1352
f 1352 1350 1351
f 1353 1354 1356
f 1356 1354 1355
f 1357 1358 1360
f 1360 1358 1359
f 1361 1362 1364
f 1364 1362 1363
f 1365 1366 1368
f 1368 1366 1367
o item_92b0f140_1122978
v 19.539230 24.242004 -52.384909
v 18.769671 24.198716 -52.073966
v 18.769671 24.121716 -52.073966
v 18.792850 24.146716 -52.083332
v 18.790228 24.149544 -52.082273
v 18.773380 24.131372 -52.075465
v 18.773380 24.194919 -52.075465
v 19.535522 24.237790 -52.383411
v 19.535522 24.174661 -52.383411
v 19.518673 24.192833 -52.376603
v 19.516051 24.190004 -52.375543
v 19.539230 24.165004 -52.384909
v 18.883749 24.165004 -54.007174
v 18.860570 24.190004 -53.997808
v 18.863192 24.192833 -53.998867
v 18.880040 24.174661 -54.005675
v 18.880040 24.237790 -54.005675
v 18.117898 24.194919 -53.697729
v 18.117898 24.131372 -53.697729
v 18.134747 24.149544 -53.704537
v 18.137369 24.146716 -53.705597
v 18.114190 24.121716 -53.696231
v 18.114190 24.198716 -53.696231
v 18.883749 24.242004 -54.007174
v 18.769671 24.121716 -52.073966
v 18.769671 24.198716 -52.073966
v 18.114190 24.198716 -53.696231
v 18.114190 24.121716 -53.696231
v 18.792850 24.146716 -52.083332
v 18.769671 24.121716 -52.073966
v 18.114190 24.121716 -53.696231
v 18.137369 24.146716 -53.705597
v 18.790228 24.149544 -52.082273
v 18.792850 24.146716 -52.083332
v 18.137369 24.146716 -53.705597
v 18.134747 24.149544 -53.704537
v 18.773380 24.131372 -52.075465
v 18.790228 24.149544 -52.082273
v 18.134747 24.149544 -53.704537
v 18.117898 24.131372 -53.697729
v 18.773380 24.194919 -52.075465
v 18.773380 24.131372 -52.075465
v 18.117898 24.131372 -53.697729
v 18.117898 24.194919 -53.697729
v 19.535522 24.237790 -52.383411
v 18.773380 24.194919 -52.075465
v 18.117898 24.194919 -53.697729
v 18.880040 24.237790 -54.005675
v 19.535522 24.174661 -52.383411
v 19.535522 24.237790 -52.383411
v 18.880040 24.237790 -54.005675
v 18.880040 24.174661 -54.005675
v 19.518673 24.192833 -52.376603
v 19.535522 24.174661 -52.383411
v 18.880040 24.174661 -54.005675
v 18.863192 24.192833 -53.998867
v 19.516051 24.190004 -52.375543
v 19.518673 24.192833 -52.376603
v 18.863192 24.192833 -53.998867
v 18.860570 24.190004 -53.997808
v 19.539230 24.165004 -52.384909
v 19.516051 24.190004 -52.375543
v 18.860570 24.190004 -53.997808
v 18.883749 24.165004 -54.007174
v 19.539230 24.242004 -52.384909
v 19.539230 24.165004 -52.384909
v 18.883749 24.165004 -54.007174
v 18.883749 24.242004 -54.007174
v 18.769671 24.198716 -52.073966
v 19.539230 24.242004 -52.384909
v 18.883749 24.242004 -54.007174
v 18.114190 24.198716 -53.696231
f 1371 1372 1373
f 1377 1378 1379
f 1371 1373 1374
f 1377 1379 1380
f 1370 1371 1374
f 1376 1377 1380
f 1370 1374 1375
f 1376 1380 1369
f 1369 1370 1375
f 1375 1376 1369
f 1381 1382 1383
f 1387 1388 1389
f 1381 1383 1384
f 1387 1389 1390
f 1392 1381 1384
f 1386 1387 1390
f 1392 1384 1385
f 1386 1390 1391
f 1391 1392 1385
f 1385 1386 1391
f 1393 1394 1396
f 1396 1394 1395
f 1397 1398 1400
f 1400 1398 1399
f 1401 1402 1404
f 1404 1402 1403
f 1405 1406 1408
f 1408 1406 1407
f 1409 1410 1412
f 1412 1410 1411
f 1413 1414 1416
f 1416 1414 1415
f 1417 1418 1420
f 1420 1418 1419
f 1421 1422 1424
f 1424 1422 1423
f 1425 1426 1428
f 1428 1426 1427
f 1429 1430 1432
f 1432 1430 1431
f 1433 1434 1436
f 1436 1434 1435
f 1437 1438 1440
f 1440 1438 1439
o item_92b0f140_1096037
v 18.602669 24.242004 -54.702854
v 17.833110 24.198716 -54.391911
v 17.833110 24.121716 -54.391911
v 17.856289 24.146716 -54.401277
v 17.853667 24.149544 -54.400217
v 17.836819 24.131372 -54.393410
v 17.836819 24.194919 -54.393410
v 18.598960 24.237790 -54.701356
v 18.598960 24.174661 -54.701356
v 18.582112 24.192833 -54.694548
v 18.579490 24.190004 -54.693488
v 18.602669 24.165004 -54.702854
v 18.061450 24.165004 -56.042329
v 18.038271 24.190004 -56.032963
v 18.040893 24.192833 -56.034023
v 18.057741 24.174661 -56.040830
v 18.057741 24.237790 -56.040830
v 17.295600 24.194919 -55.732884
v 17.295600 24.131372 -55.732884
v 17.312448 24.149544 -55.739692
v 17.315070 24.146716 -55.740752
v 17.291891 24.121716 -55.731386
v 17.291891 24.198716 -55.731386
v 18.061450 24.242004 -56.042329
v 17.833110 24.121716 -54.391911
v 17.833110 24.198716 -54.391911
v 17.291891 24.198716 -55.731386
v 17.291891 24.121716 -55.731386
v 17.856289 24.146716 -54.401277
v 17.833110 24.121716 -54.391911
v 17.291891 24.121716 -55.731386
v 17.315070 24.146716 -55.740752
v 17.853667 24.149544 -54.400217
v 17.856289 24.146716 -54.401277
v 17.315070 24.146716 -55.740752
v 17.312448 24.149544 -55.739692
v 17.836819 24.131372 -54.393410
v 17.853667 24.149544 -54.400217
v 17.312448 24.149544 -55.739692
v 17.295600 24.131372 -55.732884
v 17.836819 24.194919 -54.393410
v 17.836819 24.131372 -54.393410
v 17.295600 24.131372 -55.732884
v 17.295600 24.194919 -55.732884
v 18.598960 24.237790 -54.701356
v 17.836819 24.194919 -54.393410
v 17.295600 24.194919 -55.732884
v 18.057741 24.237790 -56.040830
v 18.598960 24.174661 -54.701356
v 18.598960 24.237790 -54.701356
v 18.057741 24.237790 -56.040830
v 18.057741 24.174661 -56.040830
v 18.582112 24.192833 -54.694548
v 18.598960 24.174661 -54.701356
v 18.057741 24.174661 -56.040830
v 18.040893 24.192833 -56.034023
v 18.579490 24.190004 -54.693488
v 18.582112 24.192833 -54.694548
v 18.040893 24.192833 -56.034023
v 18.038271 24.190004 -56.032963
v 18.602669 24.165004 -54.702854
v 18.579490 24.190004 -54.693488
v 18.038271 24.190004 -56.032963
v 18.061450 24.165004 -56.042329
v 18.602669 24.242004 -54.702854
v 18.602669 24.165004 -54.702854
v 18.061450 24.165004 -56.042329
v 18.061450 24.242004 -56.042329
v 17.833110 24.198716 -54.391911
v 18.602669 24.242004 -54.702854
v 18.061450 24.242004 -56.042329
v 17.291891 24.198716 -55.731386
f 1443 1444 1445
f 1449 1450 1451
f 1443 1445 1446
f 1449 1451 1452
f 1442 1443 1446
f 1448 1449 1452
f 1442 1446 1447
f 1448 1452 1441
f 1441 1442 1447
f 1447 1448 1441
f 1453 1454 1455
f 1459 1460 1461
f 1453 1455 1456
f 1459 1461 1462
f 1464 1453 1456
f 1458 1459 1462
f 1464 1456 1457
f 1458 1462 1463
f 1463 1464 1457
f 1457 1458 1463
f 1465 1466 1468
f 1468 1466 1467
f 1469 1470 1472
f 1472 1470 1471
f 1473 1474 1476
f 1476 1474 1475
f 1477 1478 1480
f 1480 1478 1479
f 1481 1482 1484
f 1484 1482 1483
f 1485 1486 1488
f 1488 1486 1487
f 1489 1490 1492
f 1492 1490 1491
f 1493 1494 1496
f 1496 1494 1495
f 1497 1498 1500
f 1500 1498 1499
f 1501 1502 1504
f 1504 1502 1503
f 1505 1506 1508
f 1508 1506 1507
f 1509 1510 1512
f 1512 1510 1511
o item_92b0f140_1122921
v 15.655516 24.198736 -55.069748
v 15.344539 24.241974 -55.839707
v 15.344539 24.164974 -55.839706
v 15.353902 24.189976 -55.816525
v 15.352843 24.192804 -55.819147
v 15.346037 24.174631 -55.835998
v 15.346037 24.237760 -55.835998
v 15.654018 24.194939 -55.073457
v 15.654018 24.131393 -55.073457
v 15.647213 24.149563 -55.090306
v 15.646153 24.146734 -55.092930
v 15.655516 24.121736 -55.069747
v 17.291281 24.121726 -55.730413
v 17.281918 24.146724 -55.753595
v 17.282977 24.149553 -55.750972
v 17.289783 24.131383 -55.734123
v 17.289783 24.194929 -55.734123
v 16.981802 24.237750 -56.496664
v 16.981802 24.174621 -56.496663
v 16.988607 24.192794 -56.479813
v 16.989667 24.189965 -56.477191
v 16.980304 24.164964 -56.500372
v 16.980304 24.241964 -56.500373
v 17.291281 24.198726 -55.730414
v 15.344539 24.241974 -55.839707
v 15.655516 24.198736 -55.069748
v 17.291281 24.198726 -55.730414
v 16.980304 24.241964 -56.500373
v 15.344539 24.164974 -55.839706
v 15.344539 24.241974 -55.839707
v 16.980304 24.241964 -56.500373
v 16.980304 24.164964 -56.500372
v 15.353902 24.189976 -55.816525
v 15.344539 24.164974 -55.839706
v 16.980304 24.164964 -56.500372
v 16.989667 24.189965 -56.477191
v 15.352843 24.192804 -55.819147
v 15.353902 24.189976 -55.816525
v 16.989667 24.189965 -56.477191
v 16.988607 24.192794 -56.479813
v 15.346037 24.174631 -55.835998
v 15.352843 24.192804 -55.819147
v 16.988607 24.192794 -56.479813
v 16.981802 24.174621 -56.496663
v 15.346037 24.237760 -55.835998
v 15.346037 24.174631 -55.835998
v 16.981802 24.174621 -56.496663
v 16.981802 24.237750 -56.496664
v 15.654018 24.194939 -55.073457
v 15.346037 24.237760 -55.835998
v 16.981802 24.237750 -56.496664
v 17.289783 24.194929 -55.734123
v 15.654018 24.131393 -55.073457
v 15.654018 24.194939 -55.073457
v 17.289783 24.194929 -55.734123
v 17.289783 24.131383 -55.734123
v 15.647213 24.149563 -55.090306
v 15.654018 24.131393 -55.073457
v 17.289783 24.131383 -55.734123
v 17.282977 24.149553 -55.750972
v 15.646153 24.146734 -55.092930
v 15.647213 24.149563 -55.090306
v 17.282977 24.149553 -55.750972
v 17.281918 24.146724 -55.753595
v 15.655516 24.121736 -55.069747
v 15.646153 24.146734 -55.092930
v 17.281918 24.146724 -55.753595
v 17.291281 24.121726 -55.730413
v 15.655516 24.198736 -55.069748
v 15.655516 24.121736 -55.069747
v 17.291281 24.121726 -55.730413
v 17.291281 24.198726 -55.730414
f 1515 1516 1517
f 1521 1522 1523
f 1515 1517 1518
f 1521 1523 1524
f 1514 1515 1518
f 1520 1521 1524
f 1514 1518 1519
f 1520 1524 1513
f 1513 1514 1519
f 1519 1520 1513
f 1525 1526 1527
f 1531 1532 1533
f 1525 1527 1528
f 1531 1533 1534
f 1536 1525 1528
f 1530 1531 1534
f 1536 1528 1529
f 1530 1534 1535
f 1535 1536 1529
f 1529 1530 1535
f 1537 1538 1540
f 1540 1538 1539
f 1541 1542 1544
f 1544 1542 1543
f 1545 1546 1548
f 1548 1546 1547
f 1549 1550 1552
f 1552 1550 1551
f 1553 1554 1556
f 1556 1554 1555
f 1557 1558 1560
f 1560 1558 1559
f 1561 1562 1564
f 1564 1562 1563
f 1565 1566 1568
f 1568 1566 1567
f 1569 1570 1572
f 1572 1570 1571
f 1573 1574 1576
f 1576 1574 1575
f 1577 1578 1580
f 1580 1578 1579
f 1581 1582 1584
f 1584 1582 1583
o item_92b0f140_1122863
v 13.040862 24.198737 -54.013317
v 12.729885 24.241975 -54.783276
v 12.729885 24.164975 -54.783275
v 12.739248 24.189976 -54.760094
v 12.738189 24.192805 -54.762716
v 12.731383 24.174632 -54.779567
v 12.731383 24.237761 -54.779567
v 13.039364 24.194940 -54.017026
v 13.039364 24.131394 -54.017026
v 13.032559 24.149564 -54.033875
v 13.031499 24.146735 -54.036499
v 13.040862 24.121737 -54.013316
v 14.960275 24.121725 -54.788544
v 14.950912 24.146723 -54.811726
v 14.951972 24.149552 -54.809103
v 14.958777 24.131382 -54.792254
v 14.958777 24.194928 -54.792254
v 14.650796 24.237749 -55.554795
v 14.650796 24.174620 -55.554795
v 14.657602 24.192793 -55.537944
v 14.658661 24.189964 -55.535322
v 14.649298 24.164963 -55.558503
v 14.649298 24.241963 -55.558504
v 14.960275 24.198725 -54.788545
v 12.729885 24.241975 -54.783276
v 13.040862 24.198737 -54.013317
v 14.960275 24.198725 -54.788545
v 14.649298 24.241963 -55.558504
v 12.729885 24.164975 -54.783275
v 12.729885 24.241975 -54.783276
v 14.649298 24.241963 -55.558504
v 14.649298 24.164963 -55.558503
v 12.739248 24.189976 -54.760094
v 12.729885 24.164975 -54.783275
v 14.649298 24.164963 -55.558503
v 14.658661 24.189964 -55.535322
v 12.738189 24.192805 -54.762716
v 12.739248 24.189976 -54.760094
v 14.658661 24.189964 -55.535322
v 14.657602 24.192793 -55.537944
v 12.731383 24.174632 -54.779567
v 12.738189 24.192805 -54.762716
v 14.657602 24.192793 -55.537944
v 14.650796 24.174620 -55.554795
v 12.731383 24.237761 -54.779567
v 12.731383 24.174632 -54.779567
v 14.650796 24.174620 -55.554795
v 14.650796 24.237749 -55.554795
v 13.039364 24.194940 -54.017026
v 12.731383 24.237761 -54.779567
v 14.650796 24.237749 -55.554795
v 14.958777 24.194928 -54.792254
v 13.039364 24.131394 -54.017026
v 13.039364 24.194940 -54.017026
v 14.958777 24.194928 -54.792254
v 14.958777 24.131382 -54.792254
v 13.032559 24.149564 -54.033875
v 13.039364 24.131394 -54.017026
v 14.958777 24.131382 -54.792254
v 14.951972 24.149552 -54.809103
v 13.031499 24.146735 -54.036499
v 13.032559 24.149564 -54.033875
v 14.951972 24.149552 -54.809103
v 14.950912 24.146723 -54.811726
v 13.040862 24.121737 -54.013316
v 13.031499 24.146735 -54.036499
v 14.950912 24.146723 -54.811726
v 14.960275 24.121725 -54.788544
v 13.040862 24.198737 -54.013317
v 13.040862 24.121737 -54.013316
v 14.960275 24.121725 -54.788544
v 14.960275 24.198725 -54.788545
f 1587 1588 1589
f 1593 1594 1595
f 1587 1589 1590
f 1593 1595 1596
f 1586 1587 1590
f 1592 1593 1596
f 1586 1590 1591
f 1592 1596 1585
f 1585 1586 1591
f 1591 1592 1585
f 1597 1598 1599
f 1603 1604 1605
f 1597 1599 1600
f 1603 1605 1606
f 1608 1597 1600
f 1602 1603 1606
f 1608 1600 1601
f 1602 1606 1607
f 1607 1608 1601
f 1601 1602 1607
f 1609 1610 1612
f 1612 1610 1611
f 1613 1614 1616
f 1616 1614 1615
f 1617 1618 1620
f 1620 1618 1619
f 1621 1622 1624
f 1624 1622 1623
f 1625 1626 1628
f 1628 1626 1627
f 1629 1630 1632
f 1632 1630 1631
f 1633 1634 1636
f 1636 1634 1635
f 1637 1638 1640
f 1640 1638 1639
f 1641 1642 1644
f 1644 1642 1643
f 1645 1646 1648
f 1648 1646 1647
f 1649 1650 1652
f 1652 1650 1651
f 1653 1654 1656
f 1656 1654 1655
o item_92b0f140_1122819
v 10.426222 24.198737 -52.956877
v 10.115245 24.241975 -53.726836
v 10.115245 24.164975 -53.726835
v 10.124608 24.189976 -53.703654
v 10.123549 24.192805 -53.706276
v 10.116743 24.174632 -53.723127
v 10.116743 24.237761 -53.723127
v 10.424724 24.194940 -52.960586
v 10.424724 24.131394 -52.960586
v 10.417919 24.149564 -52.977435
v 10.416859 24.146735 -52.980059
v 10.426222 24.121737 -52.956876
v 12.345635 24.121725 -53.732104
v 12.336272 24.146723 -53.755286
v 12.337332 24.149552 -53.752663
v 12.344137 24.131382 -53.735814
v 12.344137 24.194928 -53.735814
v 12.036156 24.237749 -54.498355
v 12.036156 24.174620 -54.498355
v 12.042962 24.192793 -54.481504
v 12.044021 24.189964 -54.478882
v 12.034658 24.164963 -54.502063
v 12.034658 24.241963 -54.502064
v 12.345635 24.198725 -53.732105
v 10.115245 24.241975 -53.726836
v 10.426222 24.198737 -52.956877
v 12.345635 24.198725 -53.732105
v 12.034658 24.241963 -54.502064
v 10.115245 24.164975 -53.726835
v 10.115245 24.241975 -53.726836
v 12.034658 24.241963 -54.502064
v 12.034658 24.164963 -54.502063
v 10.124608 24.189976 -53.703654
v 10.115245 24.164975 -53.726835
v 12.034658 24.164963 -54.502063
v 12.044021 24.189964 -54.478882
v 10.123549 24.192805 -53.706276
v 10.124608 24.189976 -53.703654
v 12.044021 24.189964 -54.478882
v 12.042962 24.192793 -54.481504
v 10.116743 24.174632 -53.723127
v 10.123549 24.192805 -53.706276
v 12.042962 24.192793 -54.481504
v 12.036156 24.174620 -54.498355
v 10.116743 24.237761 -53.723127
v 10.116743 24.174632 -53.723127
v 12.036156 24.174620 -54.498355
v 12.036156 24.237749 -54.498355
v 10.424724 24.194940 -52.960586
v 10.116743 24.237761 -53.723127
v 12.036156 24.237749 -54.498355
v 12.344137 24.194928 -53.735814
v 10.424724 24.131394 -52.960586
v 10.424724 24.194940 -52.960586
v 12.344137 24.194928 -53.735814
v 12.344137 24.131382 -53.735814
v 10.417919 24.149564 -52.977435
v 10.424724 24.131394 -52.960586
v 12.344137 24.131382 -53.735814
v 12.337332 24.149552 -53.752663
v 10.416859 24.146735 -52.980059
v 10.417919 24.149564 -52.977435
v 12.337332 24.149552 -53.752663
v 12.336272 24.146723 -53.755286
v 10.426222 24.121737 -52.956876
v 10.416859 24.146735 -52.980059
v 12.336272 24.146723 -53.755286
v 12.345635 24.121725 -53.732104
v 10.426222 24.198737 -52.956877
v 10.426222 24.121737 -52.956876
v 12.345635 24.121725 -53.732104
v 12.345635 24.198725 -53.732105
f 1659 1660 1661
f 1665 1666 1667
f 1659 1661 1662
f 1665 1667 1668
f 1658 1659 1662
f 1664 1665 1668
f 1658 1662 1663
f 1664 1668 1657
f 1657 1658 1663
f 1663 1664 1657
f 1669 1670 1671
f 1675 1676 1677
f 1669 1671 1672
f 1675 1677 1678
f 1680 1669 1672
f 1674 1675 1678
f 1680 1672 1673
f 1674 1678 1679
f 1679 1680 1673
f 1673 1674 1679
f 1681 1682 1684
f 1684 1682 1683
f 1685 1686 1688
f 1688 1686 1687
f 1689 1690 1692
f 1692 1690 1691
f 1693 1694 1696
f 1696 1694 1695
f 1697 1698 1700
f 1700 1698 1699
f 1701 1702 1704
f 1704 1702 1703
f 1705 1706 1708
f 1708 1706 1707
f 1709 1710 1712
f 1712 1710 1711
f 1713 1714 1716
f 1716 1714 1715
f 1717 1718 1720
f 1720 1718 1719
f 1721 1722 1724
f 1724 1722 1723
f 1725 1726 1728
f 1728 1726 1727
o item_92b0f140_1122761
v 7.922858 24.198737 -51.945378
v 7.611881 24.241974 -52.715337
v 7.611881 24.164974 -52.715336
v 7.621244 24.189976 -52.692154
v 7.620185 24.192805 -52.694777
v 7.613379 24.174631 -52.711627
v 7.613379 24.237761 -52.711628
v 7.921360 24.194940 -51.949087
v 7.921360 24.131394 -51.949086
v 7.914555 24.149563 -51.965936
v 7.913495 24.146735 -51.968559
v 7.922858 24.121737 -51.945377
v 9.730999 24.121726 -52.675663
v 9.721636 24.146723 -52.698846
v 9.722695 24.149552 -52.696222
v 9.729501 24.131383 -52.679373
v 9.729501 24.194929 -52.679373
v 9.421520 24.237749 -53.441914
v 9.421520 24.174620 -53.441914
v 9.428325 24.192794 -53.425064
v 9.429385 24.189965 -53.422441
v 9.420022 24.164963 -53.445622
v 9.420022 24.241963 -53.445623
v 9.730999 24.198726 -52.675664
v 7.611881 24.241974 -52.715337
v 7.922858 24.198737 -51.945378
v 9.730999 24.198726 -52.675664
v 9.420022 24.241963 -53.445623
v 7.611881 24.164974 -52.715336
v 7.611881 24.241974 -52.715337
v 9.420022 24.241963 -53.445623
v 9.420022 24.164963 -53.445622
v 7.621244 24.189976 -52.692154
v 7.611881 24.164974 -52.715336
v 9.420022 24.164963 -53.445622
v 9.429385 24.189965 -53.422441
v 7.620185 24.192805 -52.694777
v 7.621244 24.189976 -52.692154
v 9.429385 24.189965 -53.422441
v 9.428325 24.192794 -53.425064
v 7.613379 24.174631 -52.711627
v 7.620185 24.192805 -52.694777
v 9.428325 24.192794 -53.425064
v 9.421520 24.174620 -53.441914
v 7.613379 24.237761 -52.711628
v 7.613379 24.174631 -52.711627
v 9.421520 24.174620 -53.441914
v 9.421520 24.237749 -53.441914
v 7.921360 24.194940 -51.949087
v 7.613379 24.237761 -52.711628
v 9.421520 24.237749 -53.441914
v 9.729501 24.194929 -52.679373
v 7.921360 24.131394 -51.949086
v 7.921360 24.194940 -51.949087
v 9.729501 24.194929 -52.679373
v 9.729501 24.131383 -52.679373
v 7.914555 24.149563 -51.965936
v 7.921360 24.131394 -51.949086
v 9.729501 24.131383 -52.679373
v 9.722695 24.149552 -52.696222
v 7.913495 24.146735 -51.968559
v 7.914555 24.149563 -51.965936
v 9.722695 24.149552 -52.696222
v 9.721636 24.146723 -52.698846
v 7.922858 24.121737 -51.945377
v 7.913495 24.146735 -51.968559
v 9.721636 24.146723 -52.698846
v 9.730999 24.121726 -52.675663
v 7.922858 24.198737 -51.945378
v 7.922858 24.121737 -51.945377
v 9.730999 24.121726 -52.675663
v 9.730999 24.198726 -52.675664
f 1731 1732 1733
f 1737 1738 1739
f 1731 1733 1734
f 1737 1739 1740
f 1730 1731 1734
f 1736 1737 1740
f 1730 1734 1735
f 1736 1740 1729
f 1729 1730 1735
f 1735 1736 1729
f 1741 1742 1743
f 1747 1748 1749
f 1741 1743 1744
f 1747 1749 1750
f 1752 1741 1744
f 1746 1747 1750
f 1752 1744 1745
f 1746 1750 1751
f 1751 1752 1745
f 1745 1746 1751
f 1753 1754 1756
f 1756 1754 1755
f 1757 1758 1760
f 1760 1758 1759
f 1761 1762 1764
f 1764 1762 1763
f 1765 1766 1768
f 1768 1766 1767
f 1769 1770 1772
f 1772 1770 1771
f 1773 1774 1776
f 1776 1774 1775
f 1777 1778 1780
f 1780 1778 1779
f 1781 1782 1784
f 1784 1782 1783
f 1785 1786 1788
f 1788 1786 1787
f 1789 1790 1792
f 1792 1790 1791
f 1793 1794 1796
f 1796 1794 1795
f 1797 1798 1800
f 1800 1798 1799
o item_92b0f140_1122717
v 5.419478 24.198737 -50.933888
v 5.108501 24.241974 -51.703847
v 5.108501 24.164974 -51.703846
v 5.117864 24.189976 -51.680664
v 5.116805 24.192805 -51.683287
v 5.109999 24.174631 -51.700137
v 5.109999 24.237761 -51.700138
v 5.417980 24.194940 -50.937597
v 5.417980 24.131394 -50.937596
v 5.411175 24.149563 -50.954446
v 5.410115 24.146735 -50.957069
v 5.419478 24.121737 -50.933887
v 7.227619 24.121726 -51.664173
v 7.218256 24.146723 -51.687356
v 7.219315 24.149552 -51.684732
v 7.226121 24.131383 -51.667883
v 7.226121 24.194929 -51.667883
v 6.918140 24.237749 -52.430424
v 6.918140 24.174620 -52.430424
v 6.924945 24.192794 -52.413574
v 6.926005 24.189965 -52.410951
v 6.916642 24.164963 -52.434132
v 6.916642 24.241963 -52.434133
v 7.227619 24.198726 -51.664174
v 5.108501 24.241974 -51.703847
v 5.419478 24.198737 -50.933888
v 7.227619 24.198726 -51.664174
v 6.916642 24.241963 -52.434133
v 5.108501 24.164974 -51.703846
v 5.108501 24.241974 -51.703847
v 6.916642 24.241963 -52.434133
v 6.916642 24.164963 -52.434132
v 5.117864 24.189976 -51.680664
v 5.108501 24.164974 -51.703846
v 6.916642 24.164963 -52.434132
v 6.926005 24.189965 -52.410951
v 5.116805 24.192805 -51.683287
v 5.117864 24.189976 -51.680664
v 6.926005 24.189965 -52.410951
v 6.924945 24.192794 -52.413574
v 5.109999 24.174631 -51.700137
v 5.116805 24.192805 -51.683287
v 6.924945 24.192794 -52.413574
v 6.918140 24.174620 -52.430424
v 5.109999 24.237761 -51.700138
v 5.109999 24.174631 -51.700137
v 6.918140 24.174620 -52.430424
v 6.918140 24.237749 -52.430424
v 5.417980 24.194940 -50.937597
v 5.109999 24.237761 -51.700138
v 6.918140 24.237749 -52.430424
v 7.226121 24.194929 -51.667883
v 5.417980 24.131394 -50.937596
v 5.417980 24.194940 -50.937597
v 7.226121 24.194929 -51.667883
v 7.226121 24.131383 -51.667883
v 5.411175 24.149563 -50.954446
v 5.417980 24.131394 -50.937596
v 7.226121 24.131383 -51.667883
v 7.219315 24.149552 -51.684732
v 5.410115 24.146735 -50.957069
v 5.411175 24.149563 -50.954446
v 7.219315 24.149552 -51.684732
v 7.218256 24.146723 -51.687356
v 5.419478 24.121737 -50.933887
v 5.410115 24.146735 -50.957069
v 7.218256 24.146723 -51.687356
v 7.227619 24.121726 -51.664173
v 5.419478 24.198737 -50.933888
v 5.419478 24.121737 -50.933887
v 7.227619 24.121726 -51.664173
v 7.227619 24.198726 -51.664174
f 1803 1804 1805
f 1809 1810 1811
f 1803 1805 1806
f 1809 1811 1812
f 1802 1803 1806
f 1808 1809 1812
f 1802 1806 1807
f 1808 1812 1801
f 1801 1802 1807
f 1807 1808 1801
f 1813 1814 1815
f 1819 1820 1821
f 1813 1815 1816
f 1819 1821 1822
f 1824 1813 1816
f 1818 1819 1822
f 1824 1816 1817
f 1818 1822 1823
f 1823 1824 1817
f 1817 1818 1823
f 1825 1826 1828
f 1828 1826 1827
f 1829 1830 1832
f 1832 1830 1831
f 1833 1834 1836
f 1836 1834 1835
f 1837 1838 1840
f 1840 1838 1839
f 1841 1842 1844
f 1844 1842 1843
f 1845 1846 1848
f 1848 1846 1847
f 1849 1850 1852
f 1852 1850 1851
f 1853 1854 1856
f 1856 1854 1855
f 1857 1858 1860
f 1860 1858 1859
f 1861 1862 1864
f 1864 1862 1863
f 1865 1866 1868
f 1868 1866 1867
f 1869 1870 1872
f 1872 1870 1871
o item_92b0f140_1122629
v 0.412728 24.198737 -48.910898
v 0.101751 24.241974 -49.680857
v 0.101751 24.164974 -49.680856
v 0.111114 24.189976 -49.657674
v 0.110055 24.192805 -49.660297
v 0.103249 24.174631 -49.677147
v 0.103249 24.237761 -49.677148
v 0.411230 24.194940 -48.914607
v 0.411230 24.131394 -48.914606
v 0.404425 24.149563 -48.931456
v 0.403365 24.146735 -48.934079
v 0.412728 24.121737 -48.910897
v 2.220869 24.121726 -49.641183
v 2.211506 24.146723 -49.664366
v 2.212565 24.149552 -49.661742
v 2.219371 24.131383 -49.644893
v 2.219371 24.194929 -49.644893
v 1.911390 24.237749 -50.407434
v 1.911390 24.174620 -50.407434
v 1.918195 24.192794 -50.390584
v 1.919255 24.189965 -50.387961
v 1.909892 24.164963 -50.411142
v 1.909892 24.241963 -50.411143
v 2.220869 24.198726 -49.641184
v 0.101751 24.241974 -49.680857
v 0.412728 24.198737 -48.910898
v 2.220869 24.198726 -49.641184
v 1.909892 24.241963 -50.411143
v 0.101751 24.164974 -49.680856
v 0.101751 24.241974 -49.680857
v 1.909892 24.241963 -50.411143
v 1.909892 24.164963 -50.411142
v 0.111114 24.189976 -49.657674
v 0.101751 24.164974 -49.680856
v 1.909892 24.164963 -50.411142
v 1.919255 24.189965 -50.387961
v 0.110055 24.192805 -49.660297
v 0.111114 24.189976 -49.657674
v 1.919255 24.189965 -50.387961
v 1.918195 24.192794 -50.390584
v 0.103249 24.174631 -49.677147
v 0.110055 24.192805 -49.660297
v 1.918195 24.192794 -50.390584
v 1.911390 24.174620 -50.407434
v 0.103249 24.237761 -49.677148
v 0.103249 24.174631 -49.677147
v 1.911390 24.174620 -50.407434
v 1.911390 24.237749 -50.407434
v 0.411230 24.194940 -48.914607
v 0.103249 24.237761 -49.677148
v 1.911390 24.237749 -50.407434
v 2.219371 24.194929 -49.644893
v 0.411230 24.131394 -48.914606
v 0.411230 24.194940 -48.914607
v 2.219371 24.194929 -49.644893
v 2.219371 24.131383 -49.644893
v 0.404425 24.149563 -48.931456
v 0.411230 24.131394 -48.914606
v 2.219371 24.131383 -49.644893
v 2.212565 24.149552 -49.661742
v 0.403365 24.146735 -48.934079
v 0.404425 24.149563 -48.931456
v 2.212565 24.149552 -49.661742
v 2.211506 24.146723 -49.664366
v 0.412728 24.121737 -48.910897
v 0.403365 24.146735 -48.934079
v 2.211506 24.146723 -49.664366
v 2.220869 24.121726 -49.641183
v 0.412728 24.198737 -48.910898
v 0.412728 24.121737 -48.910897
v 2.220869 24.121726 -49.641183
v 2.220869 24.198726 -49.641184
f 1875 1876 1877
f 1881 1882 1883
f 1875 1877 1878
f 1881 1883 1884
f 1874 1875 1878
f 1880 1881 1884
f 1874 1878 1879
f 1880 1884 1873
f 1873 1874 1879
f 1879 1880 1873
f 1885 1886 1887
f 1891 1892 1893
f 1885 1887 1888
f 1891 1893 1894
f 1896 1885 1888
f 1890 1891 1894
f 1896 1888 1889
f 1890 1894 1895
f 1895 1896 1889
f 1889 1890 1895
f 1897 1898 1900
f 1900 1898 1899
f 1901 1902 1904
f 1904 1902 1903
f 1905 1906 1908
f 1908 1906 1907
f 1909 1910 1912
f 1912 1910 1911
f 1913 1914 1916
f 1916 1914 1915
f 1917 1918 1920
f 1920 1918 1919
f 1921 1922 1924
f 1924 1922 1923
f 1925 1926 1928
f 1928 1926 1927
f 1929 1930 1932
f 1932 1930 1931
f 1933 1934 1936
f 1936 1934 1935
f 1937 1938 1940
f 1940 1938 1939
f 1941 1942 1944
f 1944 1942 1943
o item_92b0f140_1122673
v 2.916108 24.198737 -49.922388
v 2.605131 24.241974 -50.692347
v 2.605131 24.164974 -50.692346
v 2.614494 24.189976 -50.669164
v 2.613435 24.192805 -50.671787
v 2.606629 24.174631 -50.688637
v 2.606629 24.237761 -50.688638
v 2.914610 24.194940 -49.926097
v 2.914610 24.131394 -49.926096
v 2.907805 24.149563 -49.942946
v 2.906745 24.146735 -49.945569
v 2.916108 24.121737 -49.922387
v 4.724249 24.121726 -50.652673
v 4.714886 24.146723 -50.675856
v 4.715945 24.149552 -50.673232
v 4.722751 24.131383 -50.656383
v 4.722751 24.194929 -50.656383
v 4.414770 24.237749 -51.418924
v 4.414770 24.174620 -51.418924
v 4.421575 24.192794 -51.402074
v 4.422635 24.189965 -51.399451
v 4.413272 24.164963 -51.422632
v 4.413272 24.241963 -51.422633
v 4.724249 24.198726 -50.652674
v 2.605131 24.241974 -50.692347
v 2.916108 24.198737 -49.922388
v 4.724249 24.198726 -50.652674
v 4.413272 24.241963 -51.422633
v 2.605131 24.164974 -50.692346
v 2.605131 24.241974 -50.692347
v 4.413272 24.241963 -51.422633
v 4.413272 24.164963 -51.422632
v 2.614494 24.189976 -50.669164
v 2.605131 24.164974 -50.692346
v 4.413272 24.164963 -51.422632
v 4.422635 24.189965 -51.399451
v 2.613435 24.192805 -50.671787
v 2.614494 24.189976 -50.669164
v 4.422635 24.189965 -51.399451
v 4.421575 24.192794 -51.402074
v 2.606629 24.174631 -50.688637
v 2.613435 24.192805 -50.671787
v 4.421575 24.192794 -51.402074
v 4.414770 24.174620 -51.418924
v 2.606629 24.237761 -50.688638
v 2.606629 24.174631 -50.688637
v 4.414770 24.174620 -51.418924
v 4.414770 24.237749 -51.418924
v 2.914610 24.194940 -49.926097
v 2.606629 24.237761 -50.688638
v 4.414770 24.237749 -51.418924
v 4.722751 24.194929 -50.656383
v 2.914610 24.131394 -49.926096
v 2.914610 24.194940 -49.926097
v 4.722751 24.194929 -50.656383
v 4.722751 24.131383 -50.656383
v 2.907805 24.149563 -49.942946
v 2.914610 24.131394 -49.926096
v 4.722751 24.131383 -50.656383
v 4.715945 24.149552 -50.673232
v 2.906745 24.146735 -49.945569
v 2.907805 24.149563 -49.942946
v 4.715945 24.149552 -50.673232
v 4.714886 24.146723 -50.675856
v 2.916108 24.121737 -49.922387
v 2.906745 24.146735 -49.945569
v 4.714886 24.146723 -50.675856
v 4.724249 24.121726 -50.652673
v 2.916108 24.198737 -49.922388
v 2.916108 24.121737 -49.922387
v 4.724249 24.121726 -50.652673
v 4.724249 24.198726 -50.652674
f 1947 1948 1949
f 1953 1954 1955
f 1947 1949 1950
f 1953 1955 1956
f 1946 1947 1950
f 1952 1953 1956
f 1946 1950 1951
f 1952 1956 1945
f 1945 1946 1951
f 1951 1952 1945
f 1957 1958 1959
f 1963 1964 1965
f 1957 1959 1960
f 1963 1965 1966
f 1968 1957 1960
f 1962 1963 1966
f 1968 1960 1961
f 1962 1966 1967
f 1967 1968 1961
f 1961 1962 1967
f 1969 1970 1972
f 1972 1970 1971
f 1973 1974 1976
f 1976 1974 1975
f 1977 1978 1980
f 1980 1978 1979
f 1981 1982 1984
f 1984 1982 1983
f 1985 1986 1988
f 1988 1986 1987
f 1989 1990 1992
f 1992 1990 1991
f 1993 1994 1996
f 1996 1994 1995
f 1997 1998 2000
f 2000 1998 1999
f 2001 2002 2004
f 2004 2002 2003
f 2005 2006 2008
f 2008 2006 2007
f 2009 2010 2012
f 2012 2010 2011
f 2013 2014 2016
f 2016 2014 2015
o item_92b0f140_1122585
v -2.090642 24.198737 -47.899408
v -2.401619 24.241974 -48.669367
v -2.401619 24.164974 -48.669366
v -2.392256 24.189976 -48.646184
v -2.393315 24.192805 -48.648807
v -2.400121 24.174631 -48.665657
v -2.400121 24.237761 -48.665658
v -2.092140 24.194940 -47.903117
v -2.092140 24.131394 -47.903116
v -2.098945 24.149563 -47.919966
v -2.100005 24.146735 -47.922589
v -2.090642 24.121737 -47.899407
v -0.282501 24.121726 -48.629693
v -0.291864 24.146723 -48.652876
v -0.290805 24.149552 -48.650252
v -0.283999 24.131383 -48.633403
v -0.283999 24.194929 -48.633403
v -0.591980 24.237749 -49.395944
v -0.591980 24.174620 -49.395944
v -0.585175 24.192794 -49.379094
v -0.584115 24.189965 -49.376471
v -0.593478 24.164963 -49.399652
v -0.593478 24.241963 -49.399653
v -0.282501 24.198726 -48.629694
v -2.401619 24.241974 -48.669367
v -2.090642 24.198737 -47.899408
v -0.282501 24.198726 -48.629694
v -0.593478 24.241963 -49.399653
v -2.401619 24.164974 -48.669366
v -2.401619 24.241974 -48.669367
v -0.593478 24.241963 -49.399653
v -0.593478 24.164963 -49.399652
v -2.392256 24.189976 -48.646184
v -2.401619 24.164974 -48.669366
v -0.593478 24.164963 -49.399652
v -0.584115 24.189965 -49.376471
v -2.393315 24.192805 -48.648807
v -2.392256 24.189976 -48.646184
v -0.584115 24.189965 -49.376471
v -0.585175 24.192794 -49.379094
v -2.400121 24.174631 -48.665657
v -2.393315 24.192805 -48.648807
v -0.585175 24.192794 -49.379094
v -0.591980 24.174620 -49.395944
v -2.400121 24.237761 -48.665658
v -2.400121 24.174631 -48.665657
v -0.591980 24.174620 -49.395944
v -0.591980 24.237749 -49.395944
v -2.092140 24.194940 -47.903117
v -2.400121 24.237761 -48.665658
v -0.591980 24.237749 -49.395944
v -0.283999 24.194929 -48.633403
v -2.092140 24.131394 -47.903116
v -2.092140 24.194940 -47.903117
v -0.283999 24.194929 -48.633403
v -0.283999 24.131383 -48.633403
v -2.098945 24.149563 -47.919966
v -2.092140 24.131394 -47.903116
v -0.283999 24.131383 -48.633403
v -0.290805 24.149552 -48.650252
v -2.100005 24.146735 -47.922589
v -2.098945 24.149563 -47.919966
v -0.290805 24.149552 -48.650252
v -0.291864 24.146723 -48.652876
v -2.090642 24.121737 -47.899407
v -2.100005 24.146735 -47.922589
v -0.291864 24.146723 -48.652876
v -0.282501 24.121726 -48.629693
v -2.090642 24.198737 -47.899408
v -2.090642 24.121737 -47.899407
v -0.282501 24.121726 -48.629693
v -0.282501 24.198726 -48.629694
f 2019 2020 2021
f 2025 2026 2027
f 2019 2021 2022
f 2025 2027 2028
f 2018 2019 2022
f 2024 2025 2028
f 2018 2022 2023
f 2024 2028 2017
f 2017 2018 2023
f 2023 2024 2017
f 2029 2030 2031
f 2035 2036 2037
f 2029 2031 2032
f 2035 2037 2038
f 2040 2029 2032
f 2034 2035 2038
f 2040 2032 2033
f 2034 2038 2039
f 2039 2040 2033
f 2033 2034 2039
f 2041 2042 2044
f 2044 2042 2043
f 2045 2046 2048
f 2048 2046 2047
f 2049 2050 2052
f 2052 2050 2051
f 2053 2054 2056
f 2056 2054 2055
f 2057 2058 2060
f 2060 2058 2059
f 2061 2062 2064
f 2064 2062 2063
f 2065 2066 2068
f 2068 2066 2067
f 2069 2070 2072
f 2072 2070 2071
f 2073 2074 2076
f 2076 2074 2075
f 2077 2078 2080
f 2080 2078 2079
f 2081 2082 2084
f 2084 2082 2083
f 2085 2086 2088
f 2088 2086 2087
o item_92b0f140_1124064
v -26.856113 24.242004 -21.135965
v -26.027947 24.198716 -21.191085
v -26.027947 24.121716 -21.191085
v -26.052892 24.146716 -21.189425
v -26.050070 24.149544 -21.189613
v -26.031938 24.131372 -21.190820
v -26.031938 24.194919 -21.190820
v -26.852121 24.237790 -21.136231
v -26.852121 24.174661 -21.136231
v -26.833990 24.192833 -21.137438
v -26.831168 24.190004 -21.137625
v -26.856113 24.165004 -21.135965
v -26.726613 24.165004 -19.190275
v -26.701668 24.190004 -19.191935
v -26.704490 24.192833 -19.191747
v -26.722622 24.174661 -19.190540
v -26.722622 24.237790 -19.190540
v -25.902439 24.194919 -19.245129
v -25.902439 24.131372 -19.245129
v -25.920570 24.149544 -19.243922
v -25.923392 24.146716 -19.243735
v -25.898447 24.121716 -19.245395
v -25.898447 24.198716 -19.245395
v -26.726613 24.242004 -19.190275
v -26.027947 24.121716 -21.191085
v -26.027947 24.198716 -21.191085
v -25.898447 24.198716 -19.245395
v -25.898447 24.121716 -19.245395
v -26.052892 24.146716 -21.189425
v -26.027947 24.121716 -21.191085
v -25.898447 24.121716 -19.245395
v -25.923392 24.146716 -19.243735
v -26.050070 24.149544 -21.189613
v -26.052892 24.146716 -21.189425
v -25.923392 24.146716 -19.243735
v -25.920570 24.149544 -19.243922
v -26.031938 24.131372 -21.190820
v -26.050070 24.149544 -21.189613
v -25.920570 24.149544 -19.243922
v -25.902439 24.131372 -19.245129
v -26.031938 24.194919 -21.190820
v -26.031938 24.131372 -21.190820
v -25.902439 24.131372 -19.245129
v -25.902439 24.194919 -19.245129
v -26.852121 24.237790 -21.136231
v -26.031938 24.194919 -21.190820
v -25.902439 24.194919 -19.245129
v -26.722622 24.237790 -19.190540
v -26.852121 24.174661 -21.136231
v -26.852121 24.237790 -21.136231
v -26.722622 24.237790 -19.190540
v -26.722622 24.174661 -19.190540
v -26.833990 24.192833 -21.137438
v -26.852121 24.174661 -21.136231
v -26.722622 24.174661 -19.190540
v -26.704490 24.192833 -19.191747
v -26.831168 24.190004 -21.137625
v -26.833990 24.192833 -21.137438
v -26.704490 24.192833 -19.191747
v -26.701668 24.190004 -19.191935
v -26.856113 24.165004 -21.135965
v -26.831168 24.190004 -21.137625
v -26.701668 24.190004 -19.191935
v -26.726613 24.165004 -19.190275
v -26.856113 24.242004 -21.135965
v -26.856113 24.165004 -21.135965
v -26.726613 24.165004 -19.190275
v -26.726613 24.242004 -19.190275
v -26.027947 24.198716 -21.191085
v -26.856113 24.242004 -21.135965
v -26.726613 24.242004 -19.190275
v -25.898447 24.198716 -19.245395
f 2091 2092 2093
f 2097 2098 2099
f 2091 2093 2094
f 2097 2099 2100
f 2090 2091 2094
f 2096 2097 2100
f 2090 2094 2095
f 2096 2100 2089
f 2089 2090 2095
f 2095 2096 2089
f 2101 2102 2103
f 2107 2108 2109
f 2101 2103 2104
f 2107 2109 2110
f 2112 2101 2104
f 2106 2107 2110
f 2112 2104 2105
f 2106 2110 2111
f 2111 2112 2105
f 2105 2106 2111
f 2113 2114 2116
f 2116 2114 2115
f 2117 2118 2120
f 2120 2118 2119
f 2121 2122 2124
f 2124 2122 2123
f 2125 2126 2128
f 2128 2126 2127
f 2129 2130 2132
f 2132 2130 2131
f 2133 2134 2136
f 2136 2134 2135
f 2137 2138 2140
f 2140 2138 2139
f 2141 2142 2144
f 2144 2142 2143
f 2145 2146 2148
f 2148 2146 2147
f 2149 2150 2152
f 2152 2150 2151
f 2153 2154 2156
f 2156 2154 2155
f 2157 2158 2160
f 2160 2158 2159
o item_92b0f140_1124020
v -27.035423 24.242004 -23.830005
v -26.207257 24.198716 -23.885125
v -26.207257 24.121716 -23.885125
v -26.232202 24.146716 -23.883465
v -26.229380 24.149544 -23.883653
v -26.211248 24.131372 -23.884860
v -26.211248 24.194919 -23.884860
v -27.031431 24.237790 -23.830271
v -27.031431 24.174661 -23.830271
v -27.013300 24.192833 -23.831478
v -27.010478 24.190004 -23.831665
v -27.035423 24.165004 -23.830005
v -26.905923 24.165004 -21.884315
v -26.880978 24.190004 -21.885975
v -26.883800 24.192833 -21.885787
v -26.901932 24.174661 -21.884580
v -26.901932 24.237790 -21.884580
v -26.081749 24.194919 -21.939169
v -26.081749 24.131372 -21.939169
v -26.099880 24.149544 -21.937962
v -26.102702 24.146716 -21.937775
v -26.077757 24.121716 -21.939435
v -26.077757 24.198716 -21.939435
v -26.905923 24.242004 -21.884315
v -26.207257 24.121716 -23.885125
v -26.207257 24.198716 -23.885125
v -26.077757 24.198716 -21.939435
v -26.077757 24.121716 -21.939435
v -26.232202 24.146716 -23.883465
v -26.207257 24.121716 -23.885125
v -26.077757 24.121716 -21.939435
v -26.102702 24.146716 -21.937775
v -26.229380 24.149544 -23.883653
v -26.232202 24.146716 -23.883465
v -26.102702 24.146716 -21.937775
v -26.099880 24.149544 -21.937962
v -26.211248 24.131372 -23.884860
v -26.229380 24.149544 -23.883653
v -26.099880 24.149544 -21.937962
v -26.081749 24.131372 -21.939169
v -26.211248 24.194919 -23.884860
v -26.211248 24.131372 -23.884860
v -26.081749 24.131372 -21.939169
v -26.081749 24.194919 -21.939169
v -27.031431 24.237790 -23.830271
v -26.211248 24.194919 -23.884860
v -26.081749 24.194919 -21.939169
v -26.901932 24.237790 -21.884580
v -27.031431 24.174661 -23.830271
v -27.031431 24.237790 -23.830271
v -26.901932 24.237790 -21.884580
v -26.901932 24.174661 -21.884580
v -27.013300 24.192833 -23.831478
v -27.031431 24.174661 -23.830271
v -26.901932 24.174661 -21.884580
v -26.883800 24.192833 -21.885787
v -27.010478 24.190004 -23.831665
v -27.013300 24.192833 -23.831478
v -26.883800 24.192833 -21.885787
v -26.880978 24.190004 -21.885975
v -27.035423 24.165004 -23.830005
v -27.010478 24.190004 -23.831665
v -26.880978 24.190004 -21.885975
v -26.905923 24.165004 -21.884315
v -27.035423 24.242004 -23.830005
v -27.035423 24.165004 -23.830005
v -26.905923 24.165004 -21.884315
v -26.905923 24.242004 -21.884315
v -26.207257 24.198716 -23.885125
v -27.035423 24.242004 -23.830005
v -26.905923 24.242004 -21.884315
v -26.077757 24.198716 -21.939435
f 2163 2164 2165
f 2169 2170 2171
f 2163 2165 2166
f 2169 2171 2172
f 2162 2163 2166
f 2168 2169 2172
f 2162 2166 2167
f 2168 2172 2161
f 2161 2162 2167
f 2167 2168 2161
f 2173 2174 2175
f 2179 2180 2181
f 2173 2175 2176
f 2179 2181 2182
f 2184 2173 2176
f 2178 2179 2182
f 2184 2176 2177
f 2178 2182 2183
f 2183 2184 2177
f 2177 2178 2183
f 2185 2186 2188
f 2188 2186 2187
f 2189 2190 2192
f 2192 2190 2191
f 2193 2194 2196
f 2196 2194 2195
f 2197 2198 2200
f 2200 2198 2199
f 2201 2202 2204
f 2204 2202 2203
f 2205 2206 2208
f 2208 2206 2207
f 2209 2210 2212
f 2212 2210 2211
f 2213 2214 2216
f 2216 2214 2215
f 2217 2218 2220
f 2220 2218 2219
f 2221 2222 2224
f 2224 2222 2223
f 2225 2226 2228
f 2228 2226 2227
f 2229 2230 2232
f 2232 2230 2231
o item_92b0f140_1123932
v -27.214724 24.242004 -26.524054
v -26.386558 24.198716 -26.579174
v -26.386558 24.121716 -26.579174
v -26.411503 24.146716 -26.577514
v -26.408681 24.149544 -26.577701
v -26.390550 24.131372 -26.578908
v -26.390550 24.194919 -26.578908
v -27.210733 24.237790 -26.524319
v -27.210733 24.174661 -26.524319
v -27.192601 24.192833 -26.525526
v -27.189779 24.190004 -26.525714
v -27.214724 24.165004 -26.524054
v -27.065302 24.165004 -24.279026
v -27.040357 24.190004 -24.280686
v -27.043179 24.192833 -24.280499
v -27.061310 24.174661 -24.279292
v -27.061310 24.237790 -24.279292
v -26.241127 24.194919 -24.333881
v -26.241127 24.131372 -24.333881
v -26.259259 24.149544 -24.332674
v -26.262081 24.146716 -24.332486
v -26.237136 24.121716 -24.334146
v -26.237136 24.198716 -24.334146
v -27.065302 24.242004 -24.279026
v -26.386558 24.121716 -26.579174
v -26.386558 24.198716 -26.579174
v -26.237136 24.198716 -24.334146
v -26.237136 24.121716 -24.334146
v -26.411503 24.146716 -26.577514
v -26.386558 24.121716 -26.579174
v -26.237136 24.121716 -24.334146
v -26.262081 24.146716 -24.332486
v -26.408681 24.149544 -26.577701
v -26.411503 24.146716 -26.577514
v -26.262081 24.146716 -24.332486
v -26.259259 24.149544 -24.332674
v -26.390550 24.131372 -26.578908
v -26.408681 24.149544 -26.577701
v -26.259259 24.149544 -24.332674
v -26.241127 24.131372 -24.333881
v -26.390550 24.194919 -26.578908
v -26.390550 24.131372 -26.578908
v -26.241127 24.131372 -24.333881
v -26.241127 24.194919 -24.333881
v -27.210733 24.237790 -26.524319
v -26.390550 24.194919 -26.578908
v -26.241127 24.194919 -24.333881
v -27.061310 24.237790 -24.279292
v -27.210733 24.174661 -26.524319
v -27.210733 24.237790 -26.524319
v -27.061310 24.237790 -24.279292
v -27.061310 24.174661 -24.279292
v -27.192601 24.192833 -26.525526
v -27.210733 24.174661 -26.524319
v -27.061310 24.174661 -24.279292
v -27.043179 24.192833 -24.280499
v -27.189779 24.190004 -26.525714
v -27.192601 24.192833 -26.525526
v -27.043179 24.192833 -24.280499
v -27.040357 24.190004 -24.280686
v -27.214724 24.165004 -26.524054
v -27.189779 24.190004 -26.525714
v -27.040357 24.190004 -24.280686
v -27.065302 24.165004 -24.279026
v -27.214724 24.242004 -26.524054
v -27.214724 24.165004 -26.524054
v -27.065302 24.165004 -24.279026
v -27.065302 24.242004 -24.279026
v -26.386558 24.198716 -26.579174
v -27.214724 24.242004 -26.524054
v -27.065302 24.242004 -24.279026
v -26.237136 24.198716 -24.334146
f 2235 2236 2237
f 2241 2242 2243
f 2235 2237 2238
f 2241 2243 2244
f 2234 2235 2238
f 2240 2241 2244
f 2234 2238 2239
f 2240 2244 2233
f 2233 2234 2239
f 2239 2240 2233
f 2245 2246 2247
f 2251 2252 2253
f 2245 2247 2248
f 2251 2253 2254
f 2256 2245 2248
f 2250 2251 2254
f 2256 2248 2249
f 2250 2254 2255
f 2255 2256 2249
f 2249 2250 2255
f 2257 2258 2260
f 2260 2258 2259
f 2261 2262 2264
f 2264 2262 2263
f 2265 2266 2268
f 2268 2266 2267
f 2269 2270 2272
f 2272 2270 2271
f 2273 2274 2276
f 2276 2274 2275
f 2277 2278 2280
f 2280 2278 2279
f 2281 2282 2284
f 2284 2282 2283
f 2285 2286 2288
f 2288 2286 2287
f 2289 2290 2292
f 2292 2290 2291
f 2293 2294 2296
f 2296 2294 2295
f 2297 2298 2300
f 2300 2298 2299
f 2301 2302 2304
f 2304 2302 2303
o item_92b0f140_1123976
v -27.214723 24.242004 -26.524045
v -26.386557 24.198716 -26.579165
v -26.386557 24.121716 -26.579165
v -26.411502 24.146716 -26.577505
v -26.408680 24.149544 -26.577693
v -26.390548 24.131372 -26.578900
v -26.390548 24.194919 -26.578900
v -27.210731 24.237790 -26.524311
v -27.210731 24.174661 -26.524311
v -27.192600 24.192833 -26.525518
v -27.189778 24.190004 -26.525705
v -27.214723 24.165004 -26.524045
v -27.085223 24.165004 -24.578355
v -27.060278 24.190004 -24.580015
v -27.063100 24.192833 -24.579827
v -27.081232 24.174661 -24.578620
v -27.081232 24.237790 -24.578620
v -26.261049 24.194919 -24.633209
v -26.261049 24.131372 -24.633209
v -26.279180 24.149544 -24.632002
v -26.282002 24.146716 -24.631815
v -26.257057 24.121716 -24.633475
v -26.257057 24.198716 -24.633475
v -27.085223 24.242004 -24.578355
v -26.386557 24.121716 -26.579165
v -26.386557 24.198716 -26.579165
v -26.257057 24.198716 -24.633475
v -26.257057 24.121716 -24.633475
v -26.411502 24.146716 -26.577505
v -26.386557 24.121716 -26.579165
v -26.257057 24.121716 -24.633475
v -26.282002 24.146716 -24.631815
v -26.408680 24.149544 -26.577693
v -26.411502 24.146716 -26.577505
v -26.282002 24.146716 -24.631815
v -26.279180 24.149544 -24.632002
v -26.390548 24.131372 -26.578900
v -26.408680 24.149544 -26.577693
v -26.279180 24.149544 -24.632002
v -26.261049 24.131372 -24.633209
v -26.390548 24.194919 -26.578900
v -26.390548 24.131372 -26.578900
v -26.261049 24.131372 -24.633209
v -26.261049 24.194919 -24.633209
v -27.210731 24.237790 -26.524311
v -26.390548 24.194919 -26.578900
v -26.261049 24.194919 -24.633209
v -27.081232 24.237790 -24.578620
v -27.210731 24.174661 -26.524311
v -27.210731 24.237790 -26.524311
v -27.081232 24.237790 -24.578620
v -27.081232 24.174661 -24.578620
v -27.192600 24.192833 -26.525518
v -27.210731 24.174661 -26.524311
v -27.081232 24.174661 -24.578620
v -27.063100 24.192833 -24.579827
v -27.189778 24.190004 -26.525705
v -27.192600 24.192833 -26.525518
v -27.063100 24.192833 -24.579827
v -27.060278 24.190004 -24.580015
v -27.214723 24.165004 -26.524045
v -27.189778 24.190004 -26.525705
v -27.060278 24.190004 -24.580015
v -27.085223 24.165004 -24.578355
v -27.214723 24.242004 -26.524045
v -27.214723 24.165004 -26.524045
v -27.085223 24.165004 -24.578355
v -27.085223 24.242004 -24.578355
v -26.386557 24.198716 -26.579165
v -27.214723 24.242004 -26.524045
v -27.085223 24.242004 -24.578355
v -26.257057 24.198716 -24.633475
f 2307 2308 2309
f 2313 2314 2315
f 2307 2309 2310
f 2313 2315 2316
f 2306 2307 2310
f 2312 2313 2316
f 2306 2310 2311
f 2312 2316 2305
f 2305 2306 2311
f 2311 2312 2305
f 2317 2318 2319
f 2323 2324 2325
f 2317 2319 2320
f 2323 2325 2326
f 2328 2317 2320
f 2322 2323 2326
f 2328 2320 2321
f 2322 2326 2327
f 2327 2328 2321
f 2321 2322 2327
f 2329 2330 2332
f 2332 2330 2331
f 2333 2334 2336
f 2336 2334 2335
f 2337 2338 2340
f 2340 2338 2339
f 2341 2342 2344
f 2344 2342 2343
f 2345 2346 2348
f 2348 2346 2347
f 2349 2350 2352
f 2352 2350 2351
f 2353 2354 2356
f 2356 2354 2355
f 2357 2358 2360
f 2360 2358 2359
f 2361 2362 2364
f 2364 2362 2363
f 2365 2366 2368
f 2368 2366 2367
f 2369 2370 2372
f 2372 2370 2371
f 2373 2374 2376
f 2376 2374 2375
o item_92b0f140_1123888
v -27.394023 24.242004 -29.218085
v -26.565857 24.198716 -29.273205
v -26.565857 24.121716 -29.273205
v -26.590802 24.146716 -29.271545
v -26.587980 24.149544 -29.271733
v -26.569848 24.131372 -29.272940
v -26.569848 24.194919 -29.272940
v -27.390031 24.237790 -29.218351
v -27.390031 24.174661 -29.218351
v -27.371900 24.192833 -29.219558
v -27.369078 24.190004 -29.219745
v -27.394023 24.165004 -29.218085
v -27.264523 24.165004 -27.272395
v -27.239578 24.190004 -27.274055
v -27.242400 24.192833 -27.273867
v -27.260532 24.174661 -27.272660
v -27.260532 24.237790 -27.272660
v -26.440349 24.194919 -27.327249
v -26.440349 24.131372 -27.327249
v -26.458480 24.149544 -27.326042
v -26.461302 24.146716 -27.325855
v -26.436357 24.121716 -27.327515
v -26.436357 24.198716 -27.327515
v -27.264523 24.242004 -27.272395
v -26.565857 24.121716 -29.273205
v -26.565857 24.198716 -29.273205
v -26.436357 24.198716 -27.327515
v -26.436357 24.121716 -27.327515
v -26.590802 24.146716 -29.271545
v -26.565857 24.121716 -29.273205
v -26.436357 24.121716 -27.327515
v -26.461302 24.146716 -27.325855
v -26.587980 24.149544 -29.271733
v -26.590802 24.146716 -29.271545
v -26.461302 24.146716 -27.325855
v -26.458480 24.149544 -27.326042
v -26.569848 24.131372 -29.272940
v -26.587980 24.149544 -29.271733
v -26.458480 24.149544 -27.326042
v -26.440349 24.131372 -27.327249
v -26.569848 24.194919 -29.272940
v -26.569848 24.131372 -29.272940
v -26.440349 24.131372 -27.327249
v -26.440349 24.194919 -27.327249
v -27.390031 24.237790 -29.218351
v -26.569848 24.194919 -29.272940
v -26.440349 24.194919 -27.327249
v -27.260532 24.237790 -27.272660
v -27.390031 24.174661 -29.218351
v -27.390031 24.237790 -29.218351
v -27.260532 24.237790 -27.272660
v -27.260532 24.174661 -27.272660
v -27.371900 24.192833 -29.219558
v -27.390031 24.174661 -29.218351
v -27.260532 24.174661 -27.272660
v -27.242400 24.192833 -27.273867
v -27.369078 24.190004 -29.219745
v -27.371900 24.192833 -29.219558
v -27.242400 24.192833 -27.273867
v -27.239578 24.190004 -27.274055
v -27.394023 24.165004 -29.218085
v -27.369078 24.190004 -29.219745
v -27.239578 24.190004 -27.274055
v -27.264523 24.165004 -27.272395
v -27.394023 24.242004 -29.218085
v -27.394023 24.165004 -29.218085
v -27.264523 24.165004 -27.272395
v -27.264523 24.242004 -27.272395
v -26.565857 24.198716 -29.273205
v -27.394023 24.242004 -29.218085
v -27.264523 24.242004 -27.272395
v -26.436357 24.198716 -27.327515
f 2379 2380 2381
f 2385 2386 2387
f 2379 2381 2382
f 2385 2387 2388
f 2378 2379 2382
f 2384 2385 2388
f 2378 2382 2383
f 2384 2388 2377
f 2377 2378 2383
f 2383 2384 2377
f 2389 2390 2391
f 2395 2396 2397
f 2389 2391 2392
f 2395 2397 2398
f 2400 2389 2392
f 2394 2395 2398
f 2400 2392 2393
f 2394 2398 2399
f 2399 2400 2393
f 2393 2394 2399
f 2401 2402 2404
f 2404 2402 2403
f 2405 2406 2408
f 2408 2406 2407
f 2409 2410 2412
f 2412 2410 2411
f 2413 2414 2416
f 2416 2414 2415
f 2417 2418 2420
f 2420 2418 2419
f 2421 2422 2424
f 2424 2422 2423
f 2425 2426 2428
f 2428 2426 2427
f 2429 2430 2432
f 2432 2430 2431
f 2433 2434 2436
f 2436 2434 2435
f 2437 2438 2440
f 2440 2438 2439
f 2441 2442 2444
f 2444 2442 2443
f 2445 2446 2448
f 2448 2446 2447
o item_92b0f140_1123844
v -27.573333 24.242004 -31.912125
v -26.745167 24.198716 -31.967245
v -26.745167 24.121716 -31.967245
v -26.770112 24.146716 -31.965585
v -26.767290 24.149544 -31.965773
v -26.749158 24.131372 -31.966980
v -26.749158 24.194919 -31.966980
v -27.569341 24.237790 -31.912391
v -27.569341 24.174661 -31.912391
v -27.551210 24.192833 -31.913598
v -27.548388 24.190004 -31.913785
v -27.573333 24.165004 -31.912125
v -27.443833 24.165004 -29.966435
v -27.418888 24.190004 -29.968095
v -27.421710 24.192833 -29.967907
v -27.439842 24.174661 -29.966700
v -27.439842 24.237790 -29.966700
v -26.619659 24.194919 -30.021289
v -26.619659 24.131372 -30.021289
v -26.637790 24.149544 -30.020082
v -26.640612 24.146716 -30.019895
v -26.615667 24.121716 -30.021555
v -26.615667 24.198716 -30.021555
v -27.443833 24.242004 -29.966435
v -26.745167 24.121716 -31.967245
v -26.745167 24.198716 -31.967245
v -26.615667 24.198716 -30.021555
v -26.615667 24.121716 -30.021555
v -26.770112 24.146716 -31.965585
v -26.745167 24.121716 -31.967245
v -26.615667 24.121716 -30.021555
v -26.640612 24.146716 -30.019895
v -26.767290 24.149544 -31.965773
v -26.770112 24.146716 -31.965585
v -26.640612 24.146716 -30.019895
v -26.637790 24.149544 -30.020082
v -26.749158 24.131372 -31.966980
v -26.767290 24.149544 -31.965773
v -26.637790 24.149544 -30.020082
v -26.619659 24.131372 -30.021289
v -26.749158 24.194919 -31.966980
v -26.749158 24.131372 -31.966980
v -26.619659 24.131372 -30.021289
v -26.619659 24.194919 -30.021289
v -27.569341 24.237790 -31.912391
v -26.749158 24.194919 -31.966980
v -26.619659 24.194919 -30.021289
v -27.439842 24.237790 -29.966700
v -27.569341 24.174661 -31.912391
v -27.569341 24.237790 -31.912391
v -27.439842 24.237790 -29.966700
v -27.439842 24.174661 -29.966700
v -27.551210 24.192833 -31.913598
v -27.569341 24.174661 -31.912391
v -27.439842 24.174661 -29.966700
v -27.421710 24.192833 -29.967907
v -27.548388 24.190004 -31.913785
v -27.551210 24.192833 -31.913598
v -27.421710 24.192833 -29.967907
v -27.418888 24.190004 -29.968095
v -27.573333 24.165004 -31.912125
v -27.548388 24.190004 -31.913785
v -27.418888 24.190004 -29.968095
v -27.443833 24.165004 -29.966435
v -27.573333 24.242004 -31.912125
v -27.573333 24.165004 -31.912125
v -27.443833 24.165004 -29.966435
v -27.443833 24.242004 -29.966435
v -26.745167 24.198716 -31.967245
v -27.573333 24.242004 -31.912125
v -27.443833 24.242004 -29.966435
v -26.615667 24.198716 -30.021555
f 2451 2452 2453
f 2457 2458 2459
f 2451 2453 2454
f 2457 2459 2460
f 2450 2451 2454
f 2456 2457 2460
f 2450 2454 2455
f 2456 2460 2449
f 2449 2450 2455
f 2455 2456 2449
f 2461 2462 2463
f 2467 2468 2469
f 2461 2463 2464
f 2467 2469 2470
f 2472 2461 2464
f 2466 2467 2470
f 2472 2464 2465
f 2466 2470 2471
f 2471 2472 2465
f 2465 2466 2471
f 2473 2474 2476
f 2476 2474 2475
f 2477 2478 2480
f 2480 2478 2479
f 2481 2482 2484
f 2484 2482 2483
f 2485 2486 2488
f 2488 2486 2487
f 2489 2490 2492
f 2492 2490 2491
f 2493 2494 2496
f 2496 2494 2495
f 2497 2498 2500
f 2500 2498 2499
f 2501 2502 2504
f 2504 2502 2503
f 2505 2506 2508
f 2508 2506 2507
f 2509 2510 2512
f 2512 2510 2511
f 2513 2514 2516
f 2516 2514 2515
f 2517 2518 2520
f 2520 2518 2519
o item_92b0f140_1122541
v -4.594022 24.198737 -46.887918
v -4.904999 24.241974 -47.657877
v -4.904999 24.164974 -47.657876
v -4.895636 24.189976 -47.634694
v -4.896695 24.192805 -47.637317
v -4.903501 24.174631 -47.654167
v -4.903501 24.237761 -47.654168
v -4.595520 24.194940 -46.891627
v -4.595520 24.131394 -46.891626
v -4.602325 24.149563 -46.908476
v -4.603385 24.146735 -46.911099
v -4.594022 24.121737 -46.887917
v -2.785881 24.121726 -47.618203
v -2.795244 24.146723 -47.641386
v -2.794185 24.149552 -47.638762
v -2.787379 24.131383 -47.621913
v -2.787379 24.194929 -47.621913
v -3.095360 24.237749 -48.384454
v -3.095360 24.174620 -48.384454
v -3.088555 24.192794 -48.367604
v -3.087495 24.189965 -48.364981
v -3.096858 24.164963 -48.388162
v -3.096858 24.241963 -48.388163
v -2.785881 24.198726 -47.618204
v -4.904999 24.241974 -47.657877
v -4.594022 24.198737 -46.887918
v -2.785881 24.198726 -47.618204
v -3.096858 24.241963 -48.388163
v -4.904999 24.164974 -47.657876
v -4.904999 24.241974 -47.657877
v -3.096858 24.241963 -48.388163
v -3.096858 24.164963 -48.388162
v -4.895636 24.189976 -47.634694
v -4.904999 24.164974 -47.657876
v -3.096858 24.164963 -48.388162
v -3.087495 24.189965 -48.364981
v -4.896695 24.192805 -47.637317
v -4.895636 24.189976 -47.634694
v -3.087495 24.189965 -48.364981
v -3.088555 24.192794 -48.367604
v -4.903501 24.174631 -47.654167
v -4.896695 24.192805 -47.637317
v -3.088555 24.192794 -48.367604
v -3.095360 24.174620 -48.384454
v -4.903501 24.237761 -47.654168
v -4.903501 24.174631 -47.654167
v -3.095360 24.174620 -48.384454
v -3.095360 24.237749 -48.384454
v -4.595520 24.194940 -46.891627
v -4.903501 24.237761 -47.654168
v -3.095360 24.237749 -48.384454
v -2.787379 24.194929 -47.621913
v -4.595520 24.131394 -46.891626
v -4.595520 24.194940 -46.891627
v -2.787379 24.194929 -47.621913
v -2.787379 24.131383 -47.621913
v -4.602325 24.149563 -46.908476
v -4.595520 24.131394 -46.891626
v -2.787379 24.131383 -47.621913
v -2.794185 24.149552 -47.638762
v -4.603385 24.146735 -46.911099
v -4.602325 24.149563 -46.908476
v -2.794185 24.149552 -47.638762
v -2.795244 24.146723 -47.641386
v -4.594022 24.121737 -46.887917
v -4.603385 24.146735 -46.911099
v -2.795244 24.146723 -47.641386
v -2.785881 24.121726 -47.618203
v -4.594022 24.198737 -46.887918
v -4.594022 24.121737 -46.887917
v -2.785881 24.121726 -47.618203
v -2.785881 24.198726 -47.618204
f 2523 2524 2525
f 2529 2530 2531
f 2523 2525 2526
f 2529 2531 2532
f 2522 2523 2526
f 2528 2529 2532
f 2522 2526 2527
f 2528 2532 2521
f 2521 2522 2527
f 2527 2528 2521
f 2533 2534 2535
f 2539 2540 2541
f 2533 2535 2536
f 2539 2541 2542
f 2544 2533 2536
f 2538 2539 2542
f 2544 2536 2537
f 2538 2542 2543
f 2543 2544 2537
f 2537 2538 2543
f 2545 2546 2548
f 2548 2546 2547
f 2549 2550 2552
f 2552 2550 2551
f 2553 2554 2556
f 2556 2554 2555
f 2557 2558 2560
f 2560 2558 2559
f 2561 2562 2564
f 2564 2562 2563
f 2565 2566 2568
f 2568 2566 2567
f 2569 2570 2572
f 2572 2570 2571
f 2573 2574 2576
f 2576 2574 2575
f 2577 2578 2580
f 2580 2578 2579
f 2581 2582 2584
f 2584 2582 2583
f 2585 2586 2588
f 2588 2586 2587
f 2589 2590 2592
f 2592 2590 2591
o item_92b0f140_1122497
v -7.097392 24.198737 -45.876428
v -7.408369 24.241974 -46.646387
v -7.408369 24.164974 -46.646386
v -7.399006 24.189976 -46.623204
v -7.400065 24.192805 -46.625827
v -7.406871 24.174631 -46.642677
v -7.406871 24.237761 -46.642678
v -7.098890 24.194940 -45.880137
v -7.098890 24.131394 -45.880136
v -7.105695 24.149563 -45.896986
v -7.106755 24.146735 -45.899609
v -7.097392 24.121737 -45.876427
v -5.289251 24.121726 -46.606713
v -5.298614 24.146723 -46.629896
v -5.297555 24.149552 -46.627272
v -5.290749 24.131383 -46.610423
v -5.290749 24.194929 -46.610423
v -5.598730 24.237749 -47.372964
v -5.598730 24.174620 -47.372964
v -5.591925 24.192794 -47.356114
v -5.590865 24.189965 -47.353491
v -5.600228 24.164963 -47.376672
v -5.600228 24.241963 -47.376673
v -5.289251 24.198726 -46.606714
v -7.408369 24.241974 -46.646387
v -7.097392 24.198737 -45.876428
v -5.289251 24.198726 -46.606714
v -5.600228 24.241963 -47.376673
v -7.408369 24.164974 -46.646386
v -7.408369 24.241974 -46.646387
v -5.600228 24.241963 -47.376673
v -5.600228 24.164963 -47.376672
v -7.399006 24.189976 -46.623204
v -7.408369 24.164974 -46.646386
v -5.600228 24.164963 -47.376672
v -5.590865 24.189965 -47.353491
v -7.400065 24.192805 -46.625827
v -7.399006 24.189976 -46.623204
v -5.590865 24.189965 -47.353491
v -5.591925 24.192794 -47.356114
v -7.406871 24.174631 -46.642677
v -7.400065 24.192805 -46.625827
v -5.591925 24.192794 -47.356114
v -5.598730 24.174620 -47.372964
v -7.406871 24.237761 -46.642678
v -7.406871 24.174631 -46.642677
v -5.598730 24.174620 -47.372964
v -5.598730 24.237749 -47.372964
v -7.098890 24.194940 -45.880137
v -7.406871 24.237761 -46.642678
v -5.598730 24.237749 -47.372964
v -5.290749 24.194929 -46.610423
v -7.098890 24.131394 -45.880136
v -7.098890 24.194940 -45.880137
v -5.290749 24.194929 -46.610423
v -5.290749 24.131383 -46.610423
v -7.105695 24.149563 -45.896986
v -7.098890 24.131394 -45.880136
v -5.290749 24.131383 -46.610423
v -5.297555 24.149552 -46.627272
v -7.106755 24.146735 -45.899609
v -7.105695 24.149563 -45.896986
v -5.297555 24.149552 -46.627272
v -5.298614 24.146723 -46.629896
v -7.097392 24.121737 -45.876427
v -7.106755 24.146735 -45.899609
v -5.298614 24.146723 -46.629896
v -5.289251 24.121726 -46.606713
v -7.097392 24.198737 -45.876428
v -7.097392 24.121737 -45.876427
v -5.289251 24.121726 -46.606713
v -5.289251 24.198726 -46.606714
f 2595 2596 2597
f 2601 2602 2603
f 2595 2597 2598
f 2601 2603 2604
f 2594 2595 2598
f 2600 2601 2604
f 2594 2598 2599
f 2600 2604 2593
f 2593 2594 2599
f 2599 2600 2593
f 2605 2606 2607
f 2611 2612 2613
f 2605 2607 2608
f 2611 2613 2614
f 2616 2605 2608
f 2610 2611 2614
f 2616 2608 2609
f 2610 2614 2615
f 2615 2616 2609
f 2609 2610 2615
f 2617 2618 2620
f 2620 2618 2619
f 2621 2622 2624
f 2624 2622 2623
f 2625 2626 2628
f 2628 2626 2627
f 2629 2630 2632
f 2632 2630 2631
f 2633 2634 2636
f 2636 2634 2635
f 2637 2638 2640
f 2640 2638 2639
f 2641 2642 2644
f 2644 2642 2643
f 2645 2646 2648
f 2648 2646 2647
f 2649 2650 2652
f 2652 2650 2651
f 2653 2654 2656
f 2656 2654 2655
f 2657 2658 2660
f 2660 2658 2659
f 2661 2662 2664
f 2664 2662 2663
o item_92b0f140_1122453
v -9.600762 24.198737 -44.864938
v -9.911739 24.241974 -45.634897
v -9.911739 24.164974 -45.634896
v -9.902376 24.189976 -45.611714
v -9.903435 24.192805 -45.614337
v -9.910241 24.174631 -45.631187
v -9.910241 24.237761 -45.631188
v -9.602260 24.194940 -44.868647
v -9.602260 24.131394 -44.868646
v -9.609065 24.149563 -44.885496
v -9.610125 24.146735 -44.888119
v -9.600762 24.121737 -44.864937
v -7.792621 24.121726 -45.595223
v -7.801984 24.146723 -45.618406
v -7.800925 24.149552 -45.615782
v -7.794119 24.131383 -45.598933
v -7.794119 24.194929 -45.598933
v -8.102100 24.237749 -46.361474
v -8.102100 24.174620 -46.361474
v -8.095295 24.192794 -46.344624
v -8.094235 24.189965 -46.342001
v -8.103598 24.164963 -46.365182
v -8.103598 24.241963 -46.365183
v -7.792621 24.198726 -45.595224
v -9.911739 24.241974 -45.634897
v -9.600762 24.198737 -44.864938
v -7.792621 24.198726 -45.595224
v -8.103598 24.241963 -46.365183
v -9.911739 24.164974 -45.634896
v -9.911739 24.241974 -45.634897
v -8.103598 24.241963 -46.365183
v -8.103598 24.164963 -46.365182
v -9.902376 24.189976 -45.611714
v -9.911739 24.164974 -45.634896
v -8.103598 24.164963 -46.365182
v -8.094235 24.189965 -46.342001
v -9.903435 24.192805 -45.614337
v -9.902376 24.189976 -45.611714
v -8.094235 24.189965 -46.342001
v -8.095295 24.192794 -46.344624
v -9.910241 24.174631 -45.631187
v -9.903435 24.192805 -45.614337
v -8.095295 24.192794 -46.344624
v -8.102100 24.174620 -46.361474
v -9.910241 24.237761 -45.631188
v -9.910241 24.174631 -45.631187
v -8.102100 24.174620 -46.361474
v -8.102100 24.237749 -46.361474
v -9.602260 24.194940 -44.868647
v -9.910241 24.237761 -45.631188
v -8.102100 24.237749 -46.361474
v -7.794119 24.194929 -45.598933
v -9.602260 24.131394 -44.868646
v -9.602260 24.194940 -44.868647
v -7.794119 24.194929 -45.598933
v -7.794119 24.131383 -45.598933
v -9.609065 24.149563 -44.885496
v -9.602260 24.131394 -44.868646
v -7.794119 24.131383 -45.598933
v -7.800925 24.149552 -45.615782
v -9.610125 24.146735 -44.888119
v -9.609065 24.149563 -44.885496
v -7.800925 24.149552 -45.615782
v -7.801984 24.146723 -45.618406
v -9.600762 24.121737 -44.864937
v -9.610125 24.146735 -44.888119
v -7.801984 24.146723 -45.618406
v -7.792621 24.121726 -45.595223
v -9.600762 24.198737 -44.864938
v -9.600762 24.121737 -44.864937
v -7.792621 24.121726 -45.595223
v -7.792621 24.198726 -45.595224
f 2667 2668 2669
f 2673 2674 2675
f 2667 2669 2670
f 2673 2675 2676
f 2666 2667 2670
f 2672 2673 2676
f 2666 2670 2671
f 2672 2676 2665
f 2665 2666 2671
f 2671 2672 2665
f 2677 2678 2679
f 2683 2684 2685
f 2677 2679 2680
f 2683 2685 2686
f 2688 2677 2680
f 2682 2683 2686
f 2688 2680 2681
f 2682 2686 2687
f 2687 2688 2681
f 2681 2682 2687
f 2689 2690 2692
f 2692 2690 2691
f 2693 2694 2696
f 2696 2694 2695
f 2697 2698 2700
f 2700 2698 2699
f 2701 2702 2704
f 2704 2702 2703
f 2705 2706 2708
f 2708 2706 2707
f 2709 2710 2712
f 2712 2710 2711
f 2713 2714 2716
f 2716 2714 2715
f 2717 2718 2720
f 2720 2718 2719
f 2721 2722 2724
f 2724 2722 2723
f 2725 2726 2728
f 2728 2726 2727
f 2729 2730 2732
f 2732 2730 2731
f 2733 2734 2736
f 2736 2734 2735
o item_92b0f140_1122365
v -14.607512 24.198737 -42.841958
v -14.918489 24.241974 -43.611917
v -14.918489 24.164974 -43.611916
v -14.909126 24.189976 -43.588734
v -14.910185 24.192805 -43.591357
v -14.916991 24.174631 -43.608207
v -14.916991 24.237761 -43.608208
v -14.609010 24.194940 -42.845667
v -14.609010 24.131394 -42.845666
v -14.615815 24.149563 -42.862516
v -14.616875 24.146735 -42.865139
v -14.607512 24.121737 -42.841957
v -12.799371 24.121726 -43.572243
v -12.808734 24.146723 -43.595426
v -12.807675 24.149552 -43.592802
v -12.800869 24.131383 -43.575953
v -12.800869 24.194929 -43.575953
v -13.108850 24.237749 -44.338494
v -13.108850 24.174620 -44.338494
v -13.102045 24.192794 -44.321644
v -13.100985 24.189965 -44.319021
v -13.110348 24.164963 -44.342202
v -13.110348 24.241963 -44.342203
v -12.799371 24.198726 -43.572244
v -14.918489 24.241974 -43.611917
v -14.607512 24.198737 -42.841958
v -12.799371 24.198726 -43.572244
v -13.110348 24.241963 -44.342203
v -14.918489 24.164974 -43.611916
v -14.918489 24.241974 -43.611917
v -13.110348 24.241963 -44.342203
v -13.110348 24.164963 -44.342202
v -14.909126 24.189976 -43.588734
v -14.918489 24.164974 -43.611916
v -13.110348 24.164963 -44.342202
v -13.100985 24.189965 -44.319021
v -14.910185 24.192805 -43.591357
v -14.909126 24.189976 -43.588734
v -13.100985 24.189965 -44.319021
v -13.102045 24.192794 -44.321644
v -14.916991 24.174631 -43.608207
v -14.910185 24.192805 -43.591357
v -13.102045 24.192794 -44.321644
v -13.108850 24.174620 -44.338494
v -14.916991 24.237761 -43.608208
v -14.916991 24.174631 -43.608207
v -13.108850 24.174620 -44.338494
v -13.108850 24.237749 -44.338494
v -14.609010 24.194940 -42.845667
v -14.916991 24.237761 -43.608208
v -13.108850 24.237749 -44.338494
v -12.800869 24.194929 -43.575953
v -14.609010 24.131394 -42.845666
v -14.609010 24.194940 -42.845667
v -12.800869 24.194929 -43.575953
v -12.800869 24.131383 -43.575953
v -14.615815 24.149563 -42.862516
v -14.609010 24.131394 -42.845666
v -12.800869 24.131383 -43.575953
v -12.807675 24.149552 -43.592802
v -14.616875 24.146735 -42.865139
v -14.615815 24.149563 -42.862516
v -12.807675 24.149552 -43.592802
v -12.808734 24.146723 -43.595426
v -14.607512 24.121737 -42.841957
v -14.616875 24.146735 -42.865139
v -12.808734 24.146723 -43.595426
v -12.799371 24.121726 -43.572243
v -14.607512 24.198737 -42.841958
v -14.607512 24.121737 -42.841957
v -12.799371 24.121726 -43.572243
v -12.799371 24.198726 -43.572244
f 2739 2740 2741
f 2745 2746 2747
f 2739 2741 2742
f 2745 2747 2748
f 2738 2739 2742
f 2744 2745 2748
f 2738 2742 2743
f 2744 2748 2737
f 2737 2738 2743
f 2743 2744 2737
f 2749 2750 2751
f 2755 2756 2757
f 2749 2751 2752
f 2755 2757 2758
f 2760 2749 2752
f 2754 2755 2758
f 2760 2752 2753
f 2754 2758 2759
f 2759 2760 2753
f 2753 2754 2759
f 2761 2762 2764
f 2764 2762 2763
f 2765 2766 2768
f 2768 2766 2767
f 2769 2770 2772
f 2772 2770 2771
f 2773 2774 2776
f 2776 2774 2775
f 2777 2778 2780
f 2780 2778 2779
f 2781 2782 2784
f 2784 2782 2783
f 2785 2786 2788
f 2788 2786 2787
f 2789 2790 2792
f 2792 2790 2791
f 2793 2794 2796
f 2796 2794 2795
f 2797 2798 2800
f 2800 2798 2799
f 2801 2802 2804
f 2804 2802 2803
f 2805 2806 2808
f 2808 2806 2807
o item_92b0f140_1122409
v -12.104142 24.198737 -43.853448
v -12.415119 24.241974 -44.623407
v -12.415119 24.164974 -44.623406
v -12.405756 24.189976 -44.600224
v -12.406815 24.192805 -44.602847
v -12.413621 24.174631 -44.619697
v -12.413621 24.237761 -44.619698
v -12.105640 24.194940 -43.857157
v -12.105640 24.131394 -43.857156
v -12.112445 24.149563 -43.874006
v -12.113505 24.146735 -43.876629
v -12.104142 24.121737 -43.853447
v -10.296001 24.121726 -44.583733
v -10.305364 24.146723 -44.606916
v -10.304305 24.149552 -44.604292
v -10.297499 24.131383 -44.587443
v -10.297499 24.194929 -44.587443
v -10.605480 24.237749 -45.349984
v -10.605480 24.174620 -45.349984
v -10.598675 24.192794 -45.333134
v -10.597615 24.189965 -45.330511
v -10.606978 24.164963 -45.353692
v -10.606978 24.241963 -45.353693
v -10.296001 24.198726 -44.583734
v -12.415119 24.241974 -44.623407
v -12.104142 24.198737 -43.853448
v -10.296001 24.198726 -44.583734
v -10.606978 24.241963 -45.353693
v -12.415119 24.164974 -44.623406
v -12.415119 24.241974 -44.623407
v -10.606978 24.241963 -45.353693
v -10.606978 24.164963 -45.353692
v -12.405756 24.189976 -44.600224
v -12.415119 24.164974 -44.623406
v -10.606978 24.164963 -45.353692
v -10.597615 24.189965 -45.330511
v -12.406815 24.192805 -44.602847
v -12.405756 24.189976 -44.600224
v -10.597615 24.189965 -45.330511
v -10.598675 24.192794 -45.333134
v -12.413621 24.174631 -44.619697
v -12.406815 24.192805 -44.602847
v -10.598675 24.192794 -45.333134
v -10.605480 24.174620 -45.349984
v -12.413621 24.237761 -44.619698
v -12.413621 24.174631 -44.619697
v -10.605480 24.174620 -45.349984
v -10.605480 24.237749 -45.349984
v -12.105640 24.194940 -43.857157
v -12.413621 24.237761 -44.619698
v -10.605480 24.237749 -45.349984
v -10.297499 24.194929 -44.587443
v -12.105640 24.131394 -43.857156
v -12.105640 24.194940 -43.857157
v -10.297499 24.194929 -44.587443
v -10.297499 24.131383 -44.587443
v -12.112445 24.149563 -43.874006
v -12.105640 24.131394 -43.857156
v -10.297499 24.131383 -44.587443
v -10.304305 24.149552 -44.604292
v -12.113505 24.146735 -43.876629
v -12.112445 24.149563 -43.874006
v -10.304305 24.149552 -44.604292
v -10.305364 24.146723 -44.606916
v -12.104142 24.121737 -43.853447
v -12.113505 24.146735 -43.876629
v -10.305364 24.146723 -44.606916
v -10.296001 24.121726 -44.583733
v -12.104142 24.198737 -43.853448
v -12.104142 24.121737 -43.853447
v -10.296001 24.121726 -44.583733
v -10.296001 24.198726 -44.583734
f 2811 2812 2813
f 2817 2818 2819
f 2811 2813 2814
f 2817 2819 2820
f 2810 2811 2814
f 2816 2817 2820
f 2810 2814 2815
f 2816 2820 2809
f 2809 2810 2815
f 2815 2816 2809
f 2821 2822 2823
f 2827 2828 2829
f 2821 2823 2824
f 2827 2829 2830
f 2832 2821 2824
f 2826 2827 2830
f 2832 2824 2825
f 2826 2830 2831
f 2831 2832 2825
f 2825 2826 2831
f 2833 2834 2836
f 2836 2834 2835
f 2837 2838 2840
f 2840 2838 2839
f 2841 2842 2844
f 2844 2842 2843
f 2845 2846 2848
f 2848 2846 2847
f 2849 2850 2852
f 2852 2850 2851
f 2853 2854 2856
f 2856 2854 2855
f 2857 2858 2860
f 2860 2858 2859
f 2861 2862 2864
f 2864 2862 2863
f 2865 2866 2868
f 2868 2866 2867
f 2869 2870 2872
f 2872 2870 2871
f 2873 2874 2876
f 2876 2874 2875
f 2877 2878 2880
f 2880 2878 2879
o item_92b0f140_1122321
v -17.110892 24.198737 -41.830458
v -17.421869 24.241974 -42.600417
v -17.421869 24.164974 -42.600416
v -17.412506 24.189976 -42.577234
v -17.413565 24.192805 -42.579857
v -17.420371 24.174631 -42.596707
v -17.420371 24.237761 -42.596708
v -17.112390 24.194940 -41.834167
v -17.112390 24.131394 -41.834166
v -17.119195 24.149563 -41.851016
v -17.120255 24.146735 -41.853639
v -17.110892 24.121737 -41.830457
v -15.302751 24.121726 -42.560743
v -15.312114 24.146723 -42.583926
v -15.311055 24.149552 -42.581302
v -15.304249 24.131383 -42.564453
v -15.304249 24.194929 -42.564453
v -15.612230 24.237749 -43.326994
v -15.612230 24.174620 -43.326994
v -15.605425 24.192794 -43.310144
v -15.604365 24.189965 -43.307521
v -15.613728 24.164963 -43.330702
v -15.613728 24.241963 -43.330703
v -15.302751 24.198726 -42.560744
v -17.421869 24.241974 -42.600417
v -17.110892 24.198737 -41.830458
v -15.302751 24.198726 -42.560744
v -15.613728 24.241963 -43.330703
v -17.421869 24.164974 -42.600416
v -17.421869 24.241974 -42.600417
v -15.613728 24.241963 -43.330703
v -15.613728 24.164963 -43.330702
v -17.412506 24.189976 -42.577234
v -17.421869 24.164974 -42.600416
v -15.613728 24.164963 -43.330702
v -15.604365 24.189965 -43.307521
v -17.413565 24.192805 -42.579857
v -17.412506 24.189976 -42.577234
v -15.604365 24.189965 -43.307521
v -15.605425 24.192794 -43.310144
v -17.420371 24.174631 -42.596707
v -17.413565 24.192805 -42.579857
v -15.605425 24.192794 -43.310144
v -15.612230 24.174620 -43.326994
v -17.420371 24.237761 -42.596708
v -17.420371 24.174631 -42.596707
v -15.612230 24.174620 -43.326994
v -15.612230 24.237749 -43.326994
v -17.112390 24.194940 -41.834167
v -17.420371 24.237761 -42.596708
v -15.612230 24.237749 -43.326994
v -15.304249 24.194929 -42.564453
v -17.112390 24.131394 -41.834166
v -17.112390 24.194940 -41.834167
v -15.304249 24.194929 -42.564453
v -15.304249 24.131383 -42.564453
v -17.119195 24.149563 -41.851016
v -17.112390 24.131394 -41.834166
v -15.304249 24.131383 -42.564453
v -15.311055 24.149552 -42.581302
v -17.120255 24.146735 -41.853639
v -17.119195 24.149563 -41.851016
v -15.311055 24.149552 -42.581302
v -15.312114 24.146723 -42.583926
v -17.110892 24.121737 -41.830457
v -17.120255 24.146735 -41.853639
v -15.312114 24.146723 -42.583926
v -15.302751 24.121726 -42.560743
v -17.110892 24.198737 -41.830458
v -17.110892 24.121737 -41.830457
v -15.302751 24.121726 -42.560743
v -15.302751 24.198726 -42.560744
f 2883 2884 2885
f 2889 2890 2891
f 2883 2885 2886
f 2889 2891 2892
f 2882 2883 2886
f 2888 2889 2892
f 2882 2886 2887
f 2888 2892 2881
f 2881 2882 2887
f 2887 2888 2881
f 2893 2894 2895
f 2899 2900 2901
f 2893 2895 2896
f 2899 2901 2902
f 2904 2893 2896
f 2898 2899 2902
f 2904 2896 2897
f 2898 2902 2903
f 2903 2904 2897
f 2897 2898 2903
f 2905 2906 2908
f 2908 2906 2907
f 2909 2910 2912
f 2912 2910 2911
f 2913 2914 2916
f 2916 2914 2915
f 2917 2918 2920
f 2920 2918 2919
f 2921 2922 2924
f 2924 2922 2923
f 2925 2926 2928
f 2928 2926 2927
f 2929 2930 2932
f 2932 2930 2931
f 2933 2934 2936
f 2936 2934 2935
f 2937 2938 2940
f 2940 2938 2939
f 2941 2942 2944
f 2944 2942 2943
f 2945 2946 2948
f 2948 2946 2947
f 2949 2950 2952
f 2952 2950 2951
o item_92b0f140_1122277
v -19.614262 24.198737 -40.818968
v -19.925239 24.241974 -41.588927
v -19.925239 24.164974 -41.588926
v -19.915876 24.189976 -41.565744
v -19.916935 24.192805 -41.568367
v -19.923741 24.174631 -41.585217
v -19.923741 24.237761 -41.585218
v -19.615760 24.194940 -40.822677
v -19.615760 24.131394 -40.822676
v -19.622565 24.149563 -40.839526
v -19.623625 24.146735 -40.842149
v -19.614262 24.121737 -40.818967
v -17.806121 24.121726 -41.549253
v -17.815484 24.146723 -41.572436
v -17.814425 24.149552 -41.569812
v -17.807619 24.131383 -41.552963
v -17.807619 24.194929 -41.552963
v -18.115600 24.237749 -42.315504
v -18.115600 24.174620 -42.315504
v -18.108795 24.192794 -42.298654
v -18.107735 24.189965 -42.296031
v -18.117098 24.164963 -42.319212
v -18.117098 24.241963 -42.319213
v -17.806121 24.198726 -41.549254
v -19.925239 24.241974 -41.588927
v -19.614262 24.198737 -40.818968
v -17.806121 24.198726 -41.549254
v -18.117098 24.241963 -42.319213
v -19.925239 24.164974 -41.588926
v -19.925239 24.241974 -41.588927
v -18.117098 24.241963 -42.319213
v -18.117098 24.164963 -42.319212
v -19.915876 24.189976 -41.565744
v -19.925239 24.164974 -41.588926
v -18.117098 24.164963 -42.319212
v -18.107735 24.189965 -42.296031
v -19.916935 24.192805 -41.568367
v -19.915876 24.189976 -41.565744
v -18.107735 24.189965 -42.296031
v -18.108795 24.192794 -42.298654
v -19.923741 24.174631 -41.585217
v -19.916935 24.192805 -41.568367
v -18.108795 24.192794 -42.298654
v -18.115600 24.174620 -42.315504
v -19.923741 24.237761 -41.585218
v -19.923741 24.174631 -41.585217
v -18.115600 24.174620 -42.315504
v -18.115600 24.237749 -42.315504
v -19.615760 24.194940 -40.822677
v -19.923741 24.237761 -41.585218
v -18.115600 24.237749 -42.315504
v -17.807619 24.194929 -41.552963
v -19.615760 24.131394 -40.822676
v -19.615760 24.194940 -40.822677
v -17.807619 24.194929 -41.552963
v -17.807619 24.131383 -41.552963
v -19.622565 24.149563 -40.839526
v -19.615760 24.131394 -40.822676
v -17.807619 24.131383 -41.552963
v -17.814425 24.149552 -41.569812
v -19.623625 24.146735 -40.842149
v -19.622565 24.149563 -40.839526
v -17.814425 24.149552 -41.569812
v -17.815484 24.146723 -41.572436
v -19.614262 24.121737 -40.818967
v -19.623625 24.146735 -40.842149
v -17.815484 24.146723 -41.572436
v -17.806121 24.121726 -41.549253
v -19.614262 24.198737 -40.818968
v -19.614262 24.121737 -40.818967
v -17.806121 24.121726 -41.549253
v -17.806121 24.198726 -41.549254
f 2955 2956 2957
f 2961 2962 2963
f 2955 2957 2958
f 2961 2963 2964
f 2954 2955 2958
f 2960 2961 2964
f 2954 2958 2959
f 2960 2964 2953
f 2953 2954 2959
f 2959 2960 2953
f 2965 2966 2967
f 2971 2972 2973
f 2965 2967 2968
f 2971 2973 2974
f 2976 2965 2968
f 2970 2971 2974
f 2976 2968 2969
f 2970 2974 2975
f 2975 2976 2969
f 2969 2970 2975
f 2977 2978 2980
f 2980 2978 2979
f 2981 2982 2984
f 2984 2982 2983
f 2985 2986 2988
f 2988 2986 2987
f 2989 2990 2992
f 2992 2990 2991
f 2993 2994 2996
f 2996 2994 2995
f 2997 2998 3000
f 3000 2998 2999
f 3001 3002 3004
f 3004 3002 3003
f 3005 3006 3008
f 3008 3006 3007
f 3009 3010 3012
f 3012 3010 3011
f 3013 3014 3016
f 3016 3014 3015
f 3017 3018 3020
f 3020 3018 3019
f 3021 3022 3024
f 3024 3022 3023
o item_92b0f140_1122219
v -22.182546 24.198737 -39.781260
v -22.493523 24.241975 -40.551219
v -22.493523 24.164975 -40.551218
v -22.484160 24.189976 -40.528037
v -22.485219 24.192805 -40.530659
v -22.492025 24.174632 -40.547510
v -22.492025 24.237761 -40.547510
v -22.184044 24.194940 -39.784969
v -22.184044 24.131394 -39.784969
v -22.190849 24.149564 -39.801818
v -22.191909 24.146735 -39.804442
v -22.182546 24.121737 -39.781259
v -20.309497 24.121725 -40.537761
v -20.318860 24.146723 -40.560943
v -20.317801 24.149552 -40.558320
v -20.310996 24.131382 -40.541471
v -20.310995 24.194928 -40.541471
v -20.618976 24.237749 -41.304012
v -20.618976 24.174620 -41.304012
v -20.612171 24.192794 -41.287161
v -20.611111 24.189965 -41.284539
v -20.620474 24.164963 -41.307720
v -20.620474 24.241963 -41.307721
v -20.309497 24.198725 -40.537762
v -22.493523 24.241975 -40.551219
v -22.182546 24.198737 -39.781260
v -20.309497 24.198725 -40.537762
v -20.620474 24.241963 -41.307721
v -22.493523 24.164975 -40.551218
v -22.493523 24.241975 -40.551219
v -20.620474 24.241963 -41.307721
v -20.620474 24.164963 -41.307720
v -22.484160 24.189976 -40.528037
v -22.493523 24.164975 -40.551218
v -20.620474 24.164963 -41.307720
v -20.611111 24.189965 -41.284539
v -22.485219 24.192805 -40.530659
v -22.484160 24.189976 -40.528037
v -20.611111 24.189965 -41.284539
v -20.612171 24.192794 -41.287161
v -22.492025 24.174632 -40.547510
v -22.485219 24.192805 -40.530659
v -20.612171 24.192794 -41.287161
v -20.618976 24.174620 -41.304012
v -22.492025 24.237761 -40.547510
v -22.492025 24.174632 -40.547510
v -20.618976 24.174620 -41.304012
v -20.618976 24.237749 -41.304012
v -22.184044 24.194940 -39.784969
v -22.492025 24.237761 -40.547510
v -20.618976 24.237749 -41.304012
v -20.310995 24.194928 -40.541471
v -22.184044 24.131394 -39.784969
v -22.184044 24.194940 -39.784969
v -20.310995 24.194928 -40.541471
v -20.310996 24.131382 -40.541471
v -22.190849 24.149564 -39.801818
v -22.184044 24.131394 -39.784969
v -20.310996 24.131382 -40.541471
v -20.317801 24.149552 -40.558320
v -22.191909 24.146735 -39.804442
v -22.190849 24.149564 -39.801818
v -20.317801 24.149552 -40.558320
v -20.318860 24.146723 -40.560943
v -22.182546 24.121737 -39.781259
v -22.191909 24.146735 -39.804442
v -20.318860 24.146723 -40.560943
v -20.309497 24.121725 -40.537761
v -22.182546 24.198737 -39.781260
v -22.182546 24.121737 -39.781259
v -20.309497 24.121725 -40.537761
v -20.309497 24.198725 -40.537762
f 3027 3028 3029
f 3033 3034 3035
f 3027 3029 3030
f 3033 3035 3036
f 3026 3027 3030
f 3032 3033 3036
f 3026 3030 3031
f 3032 3036 3025
f 3025 3026 3031
f 3031 3032 3025
f 3037 3038 3039
f 3043 3044 3045
f 3037 3039 3040
f 3043 3045 3046
f 3048 3037 3040
f 3042 3043 3046
f 3048 3040 3041
f 3042 3046 3047
f 3047 3048 3041
f 3041 3042 3047
f 3049 3050 3052
f 3052 3050 3051
f 3053 3054 3056
f 3056 3054 3055
f 3057 3058 3060
f 3060 3058 3059
f 3061 3062 3064
f 3064 3062 3063
f 3065 3066 3068
f 3068 3066 3067
f 3069 3070 3072
f 3072 3070 3071
f 3073 3074 3076
f 3076 3074 3075
f 3077 3078 3080
f 3080 3078 3079
f 3081 3082 3084
f 3084 3082 3083
f 3085 3086 3088
f 3088 3086 3087
f 3089 3090 3092
f 3092 3090 3091
f 3093 3094 3096
f 3096 3094 3095
o item_92b0f140_1122175
v -24.750826 24.198737 -38.743550
v -25.061803 24.241975 -39.513509
v -25.061803 24.164975 -39.513508
v -25.052440 24.189976 -39.490327
v -25.053499 24.192805 -39.492949
v -25.060305 24.174632 -39.509800
v -25.060305 24.237761 -39.509800
v -24.752324 24.194940 -38.747259
v -24.752324 24.131394 -38.747259
v -24.759129 24.149564 -38.764108
v -24.760189 24.146735 -38.766732
v -24.750826 24.121737 -38.743549
v -22.877777 24.121725 -39.500051
v -22.887140 24.146723 -39.523233
v -22.886081 24.149552 -39.520610
v -22.879276 24.131382 -39.503761
v -22.879275 24.194928 -39.503761
v -23.187256 24.237749 -40.266302
v -23.187256 24.174620 -40.266302
v -23.180451 24.192794 -40.249451
v -23.179391 24.189965 -40.246829
v -23.188754 24.164963 -40.270010
v -23.188754 24.241963 -40.270011
v -22.877777 24.198725 -39.500052
v -25.061803 24.241975 -39.513509
v -24.750826 24.198737 -38.743550
v -22.877777 24.198725 -39.500052
v -23.188754 24.241963 -40.270011
v -25.061803 24.164975 -39.513508
v -25.061803 24.241975 -39.513509
v -23.188754 24.241963 -40.270011
v -23.188754 24.164963 -40.270010
v -25.052440 24.189976 -39.490327
v -25.061803 24.164975 -39.513508
v -23.188754 24.164963 -40.270010
v -23.179391 24.189965 -40.246829
v -25.053499 24.192805 -39.492949
v -25.052440 24.189976 -39.490327
v -23.179391 24.189965 -40.246829
v -23.180451 24.192794 -40.249451
v -25.060305 24.174632 -39.509800
v -25.053499 24.192805 -39.492949
v -23.180451 24.192794 -40.249451
v -23.187256 24.174620 -40.266302
v -25.060305 24.237761 -39.509800
v -25.060305 24.174632 -39.509800
v -23.187256 24.174620 -40.266302
v -23.187256 24.237749 -40.266302
v -24.752324 24.194940 -38.747259
v -25.060305 24.237761 -39.509800
v -23.187256 24.237749 -40.266302
v -22.879275 24.194928 -39.503761
v -24.752324 24.131394 -38.747259
v -24.752324 24.194940 -38.747259
v -22.879275 24.194928 -39.503761
v -22.879276 24.131382 -39.503761
v -24.759129 24.149564 -38.764108
v -24.752324 24.131394 -38.747259
v -22.879276 24.131382 -39.503761
v -22.886081 24.149552 -39.520610
v -24.760189 24.146735 -38.766732
v -24.759129 24.149564 -38.764108
v -22.886081 24.149552 -39.520610
v -22.887140 24.146723 -39.523233
v -24.750826 24.121737 -38.743549
v -24.760189 24.146735 -38.766732
v -22.887140 24.146723 -39.523233
v -22.877777 24.121725 -39.500051
v -24.750826 24.198737 -38.743550
v -24.750826 24.121737 -38.743549
v -22.877777 24.121725 -39.500051
v -22.877777 24.198725 -39.500052
f 3099 3100 3101
f 3105 3106 3107
f 3099 3101 3102
f 3105 3107 3108
f 3098 3099 3102
f 3104 3105 3108
f 3098 3102 3103
f 3104 3108 3097
f 3097 3098 3103
f 3103 3104 3097
f 3109 3110 3111
f 3115 3116 3117
f 3109 3111 3112
f 3115 3117 3118
f 3120 3109 3112
f 3114 3115 3118
f 3120 3112 3113
f 3114 3118 3119
f 3119 3120 3113
f 3113 3114 3119
f 3121 3122 3124
f 3124 3122 3123
f 3125 3126 3128
f 3128 3126 3127
f 3129 3130 3132
f 3132 3130 3131
f 3133 3134 3136
f 3136 3134 3135
f 3137 3138 3140
f 3140 3138 3139
f 3141 3142 3144
f 3144 3142 3143
f 3145 3146 3148
f 3148 3146 3147
f 3149 3150 3152
f 3152 3150 3151
f 3153 3154 3156
f 3156 3154 3155
f 3157 3158 3160
f 3160 3158 3159
f 3161 3162 3164
f 3164 3162 3163
f 3165 3166 3168
f 3168 3166 3167
o item_92b0f140_1123800
v -27.772554 24.242004 -34.905504
v -26.944388 24.198716 -34.960624
v -26.944388 24.121716 -34.960624
v -26.969333 24.146716 -34.958964
v -26.966511 24.149544 -34.959151
v -26.948380 24.131372 -34.960358
v -26.948380 24.194919 -34.960358
v -27.768563 24.237790 -34.905769
v -27.768563 24.174661 -34.905769
v -27.750431 24.192833 -34.906976
v -27.747609 24.190004 -34.907164
v -27.772554 24.165004 -34.905504
v -27.623132 24.165004 -32.660476
v -27.598187 24.190004 -32.662136
v -27.601009 24.192833 -32.661949
v -27.619140 24.174661 -32.660742
v -27.619140 24.237790 -32.660742
v -26.798957 24.194919 -32.715331
v -26.798957 24.131372 -32.715331
v -26.817089 24.149544 -32.714124
v -26.819911 24.146716 -32.713936
v -26.794966 24.121716 -32.715596
v -26.794966 24.198716 -32.715596
v -27.623132 24.242004 -32.660476
v -26.944388 24.121716 -34.960624
v -26.944388 24.198716 -34.960624
v -26.794966 24.198716 -32.715596
v -26.794966 24.121716 -32.715596
v -26.969333 24.146716 -34.958964
v -26.944388 24.121716 -34.960624
v -26.794966 24.121716 -32.715596
v -26.819911 24.146716 -32.713936
v -26.966511 24.149544 -34.959151
v -26.969333 24.146716 -34.958964
v -26.819911 24.146716 -32.713936
v -26.817089 24.149544 -32.714124
v -26.948380 24.131372 -34.960358
v -26.966511 24.149544 -34.959151
v -26.817089 24.149544 -32.714124
v -26.798957 24.131372 -32.715331
v -26.948380 24.194919 -34.960358
v -26.948380 24.131372 -34.960358
v -26.798957 24.131372 -32.715331
v -26.798957 24.194919 -32.715331
v -27.768563 24.237790 -34.905769
v -26.948380 24.194919 -34.960358
v -26.798957 24.194919 -32.715331
v -27.619140 24.237790 -32.660742
v -27.768563 24.174661 -34.905769
v -27.768563 24.237790 -34.905769
v -27.619140 24.237790 -32.660742
v -27.619140 24.174661 -32.660742
v -27.750431 24.192833 -34.906976
v -27.768563 24.174661 -34.905769
v -27.619140 24.174661 -32.660742
v -27.601009 24.192833 -32.661949
v -27.747609 24.190004 -34.907164
v -27.750431 24.192833 -34.906976
v -27.601009 24.192833 -32.661949
v -27.598187 24.190004 -32.662136
v -27.772554 24.165004 -34.905504
v -27.747609 24.190004 -34.907164
v -27.598187 24.190004 -32.662136
v -27.623132 24.165004 -32.660476
v -27.772554 24.242004 -34.905504
v -27.772554 24.165004 -34.905504
v -27.623132 24.165004 -32.660476
v -27.623132 24.242004 -32.660476
v -26.944388 24.198716 -34.960624
v -27.772554 24.242004 -34.905504
v -27.623132 24.242004 -32.660476
v -26.794966 24.198716 -32.715596
f 3171 3172 3173
f 3177 3178 3179
f 3171 3173 3174
f 3177 3179 3180
f 3170 3171 3174
f 3176 3177 3180
f 3170 3174 3175
f 3176 3180 3169
f 3169 3170 3175
f 3175 3176 3169
f 3181 3182 3183
f 3187 3188 3189
f 3181 3183 3184
f 3187 3189 3190
f 3192 3181 3184
f 3186 3187 3190
f 3192 3184 3185
f 3186 3190 3191
f 3191 3192 3185
f 3185 3186 3191
f 3193 3194 3196
f 3196 3194 3195
f 3197 3198 3200
f 3200 3198 3199
f 3201 3202 3204
f 3204 3202 3203
f 3205 3206 3208
f 3208 3206 3207
f 3209 3210 3212
f 3212 3210 3211
f 3213 3214 3216
f 3216 3214 3215
f 3217 3218 3220
f 3220 3218 3219
f 3221 3222 3224
f 3224 3222 3223
f 3225 3226 3228
f 3228 3226 3227
f 3229 3230 3232
f 3232 3230 3231
f 3233 3234 3236
f 3236 3234 3235
f 3237 3238 3240
f 3240 3238 3239
o item_92b0f140_1096890
v -27.960103 24.242004 -37.723369
v -27.131938 24.198716 -37.778489
v -27.131938 24.121716 -37.778489
v -27.156882 24.146716 -37.776829
v -27.154061 24.149544 -37.777017
v -27.135929 24.131372 -37.778224
v -27.135929 24.194919 -37.778224
v -27.956112 24.237790 -37.723635
v -27.956112 24.174661 -37.723635
v -27.937980 24.192833 -37.724841
v -27.935159 24.190004 -37.725029
v -27.960103 24.165004 -37.723369
v -27.822362 24.165004 -35.653851
v -27.797418 24.190004 -35.655511
v -27.800239 24.192833 -35.655323
v -27.818371 24.174661 -35.654116
v -27.818371 24.237790 -35.654116
v -26.998188 24.194919 -35.708705
v -26.998188 24.131372 -35.708705
v -27.016320 24.149544 -35.707499
v -27.019141 24.146716 -35.707311
v -26.994197 24.121716 -35.708971
v -26.994197 24.198716 -35.708971
v -27.822362 24.242004 -35.653851
v -27.131938 24.121716 -37.778489
v -27.131938 24.198716 -37.778489
v -26.994197 24.198716 -35.708971
v -26.994197 24.121716 -35.708971
v -27.156882 24.146716 -37.776829
v -27.131938 24.121716 -37.778489
v -26.994197 24.121716 -35.708971
v -27.019141 24.146716 -35.707311
v -27.154061 24.149544 -37.777017
v -27.156882 24.146716 -37.776829
v -27.019141 24.146716 -35.707311
v -27.016320 24.149544 -35.707499
v -27.135929 24.131372 -37.778224
v -27.154061 24.149544 -37.777017
v -27.016320 24.149544 -35.707499
v -26.998188 24.131372 -35.708705
v -27.135929 24.194919 -37.778224
v -27.135929 24.131372 -37.778224
v -26.998188 24.131372 -35.708705
v -26.998188 24.194919 -35.708705
v -27.956112 24.237790 -37.723635
v -27.135929 24.194919 -37.778224
v -26.998188 24.194919 -35.708705
v -27.818371 24.237790 -35.654116
v -27.956112 24.174661 -37.723635
v -27.956112 24.237790 -37.723635
v -27.818371 24.237790 -35.654116
v -27.818371 24.174661 -35.654116
v -27.937980 24.192833 -37.724841
v -27.956112 24.174661 -37.723635
v -27.818371 24.174661 -35.654116
v -27.800239 24.192833 -35.655323
v -27.935159 24.190004 -37.725029
v -27.937980 24.192833 -37.724841
v -27.800239 24.192833 -35.655323
v -27.797418 24.190004 -35.655511
v -27.960103 24.165004 -37.723369
v -27.935159 24.190004 -37.725029
v -27.797418 24.190004 -35.655511
v -27.822362 24.165004 -35.653851
v -27.960103 24.242004 -37.723369
v -27.960103 24.165004 -37.723369
v -27.822362 24.165004 -35.653851
v -27.822362 24.242004 -35.653851
v -27.131938 24.198716 -37.778489
v -27.960103 24.242004 -37.723369
v -27.822362 24.242004 -35.653851
v -26.994197 24.198716 -35.708971
f 3243 3244 3245
f 3249 3250 3251
f 3243 3245 3246
f 3249 3251 3252
f 3242 3243 3246
f 3248 3249 3252
f 3242 3246 3247
f 3248 3252 3241
f 3241 3242 3247
f 3247 3248 3241
f 3253 3254 3255
f 3259 3260 3261
f 3253 3255 3256
f 3259 3261 3262
f 3264 3253 3256
f 3258 3259 3262
f 3264 3256 3257
f 3258 3262 3263
f 3263 3264 3257
f 3257 3258 3263
f 3265 3266 3268
f 3268 3266 3267
f 3269 3270 3272
f 3272 3270 3271
f 3273 3274 3276
f 3276 3274 3275
f 3277 3278 3280
f 3280 3278 3279
f 3281 3282 3284
f 3284 3282 3283
f 3285 3286 3288
f 3288 3286 3287
f 3289 3290 3292
f 3292 3290 3291
f 3293 3294 3296
f 3296 3294 3295
f 3297 3298 3300
f 3300 3298 3299
f 3301 3302 3304
f 3304 3302 3303
f 3305 3306 3308
f 3308 3306 3307
f 3309 3310 3312
f 3312 3310 3311
o item_92b0f140_1096199
v -27.131488 24.198737 -37.781618
v -27.442465 24.241974 -38.551577
v -27.442465 24.164974 -38.551576
v -27.433103 24.189976 -38.528394
v -27.434162 24.192805 -38.531017
v -27.440968 24.174631 -38.547867
v -27.440967 24.237760 -38.547868
v -27.132987 24.194939 -37.785327
v -27.132987 24.131394 -37.785326
v -27.139792 24.149563 -37.802176
v -27.140852 24.146734 -37.804799
v -27.131489 24.121737 -37.781617
v -25.446055 24.121726 -38.462343
v -25.455418 24.146724 -38.485526
v -25.454358 24.149553 -38.482903
v -25.447553 24.131383 -38.466053
v -25.447553 24.194929 -38.466054
v -25.755533 24.237750 -39.228594
v -25.755534 24.174621 -39.228594
v -25.748728 24.192794 -39.211744
v -25.747669 24.189965 -39.209121
v -25.757032 24.164963 -39.232302
v -25.757031 24.241963 -39.232303
v -25.446055 24.198726 -38.462344
v -27.442465 24.241974 -38.551577
v -27.131488 24.198737 -37.781618
v -25.446055 24.198726 -38.462344
v -25.757031 24.241963 -39.232303
v -27.442465 24.164974 -38.551576
v -27.442465 24.241974 -38.551577
v -25.757031 24.241963 -39.232303
v -25.757032 24.164963 -39.232302
v -27.433103 24.189976 -38.528394
v -27.442465 24.164974 -38.551576
v -25.757032 24.164963 -39.232302
v -25.747669 24.189965 -39.209121
v -27.434162 24.192805 -38.531017
v -27.433103 24.189976 -38.528394
v -25.747669 24.189965 -39.209121
v -25.748728 24.192794 -39.211744
v -27.440968 24.174631 -38.547867
v -27.434162 24.192805 -38.531017
v -25.748728 24.192794 -39.211744
v -25.755534 24.174621 -39.228594
v -27.440967 24.237760 -38.547868
v -27.440968 24.174631 -38.547867
v -25.755534 24.174621 -39.228594
v -25.755533 24.237750 -39.228594
v -27.132987 24.194939 -37.785327
v -27.440967 24.237760 -38.547868
v -25.755533 24.237750 -39.228594
v -25.447553 24.194929 -38.466054
v -27.132987 24.131394 -37.785326
v -27.132987 24.194939 -37.785327
v -25.447553 24.194929 -38.466054
v -25.447553 24.131383 -38.466053
v -27.139792 24.149563 -37.802176
v -27.132987 24.131394 -37.785326
v -25.447553 24.131383 -38.466053
v -25.454358 24.149553 -38.482903
v -27.140852 24.146734 -37.804799
v -27.139792 24.149563 -37.802176
v -25.454358 24.149553 -38.482903
v -25.455418 24.146724 -38.485526
v -27.131489 24.121737 -37.781617
v -27.140852 24.146734 -37.804799
v -25.455418 24.146724 -38.485526
v -25.446055 24.121726 -38.462343
v -27.131488 24.198737 -37.781618
v -27.131489 24.121737 -37.781617
v -25.446055 24.121726 -38.462343
v -25.446055 24.198726 -38.462344
f 3315 3316 3317
f 3321 3322 3323
f 3315 3317 3318
f 3321 3323 3324
f 3314 3315 3318
f 3320 3321 3324
f 3314 3318 3319
f 3320 3324 3313
f 3313 3314 3319
f 3319 3320 3313
f 3325 3326 3327
f 3331 3332 3333
f 3325 3327 3328
f 3331 3333 3334
f 3336 3325 3328
f 3330 3331 3334
f 3336 3328 3329
f 3330 3334 3335
f 3335 3336 3329
f 3329 3330 3335
f 3337 3338 3340
f 3340 3338 3339
f 3341 3342 3344
f 3344 3342 3343
f 3345 3346 3348
f 3348 3346 3347
f 3349 3350 3352
f 3352 3350 3351
f 3353 3354 3356
f 3356 3354 3355
f 3357 3358 3360
f 3360 3358 3359
f 3361 3362 3364
f 3364 3362 3363
f 3365 3366 3368
f 3368 3366 3367
f 3369 3370 3372
f 3372 3370 3371
f 3373 3374 3376
f 3376 3374 3375
f 3377 3378 3380
f 3380 3378 3379
f 3381 3382 3384
f 3384 3382 3383
